                 0.3 0 0 0 -6.33452e-05  0.000318408 -3.87057e-05 0 0 0   -0.011 -0.02329  0.04412 -0.000158239   0.00148129 -3.65693e-05 -0.00181777 0.000721617 -0.00246806 0 0 0    4.63062 -0.0986839   -8.64662 
             0.39984  0.0657145 -0.0759978  0.0487078  -0.00391449 -3.77294e-05    0.0034015 0 0 0   -0.011 -0.02329  0.04412 -0.00516034 -9.6515e-05 -0.00161594  -0.0018178 0.000721641 -0.00246808  6.06383e-08 -2.71396e-09 -6.95196e-08    4.63062 -0.0986839   -8.64662 
             0.49968 0.00872686 -0.0138966   0.044005  0.0157598 -0.0015064  0.0123063 0 0 0   -0.011 -0.02329  0.04412   0.0954106 -0.00504957   0.0436465 -0.00163454 0.000519178 -0.00247033 -2.56702e-05  1.74786e-06 -1.15311e-05    4.63064 -0.0986856   -8.64661 
                 0.6  0.0389445 -0.0930736   0.019943  0.00825287 0.000911068  0.00224111 0 0 0   -0.011 -0.02329  0.04412   0.027771 0.00640372 -0.0125852 -0.00171114 0.000756773 -0.00239465   0.00330264 -0.000761467   0.00441887    4.62638 -0.0979284    -8.6489 
             0.69984  -0.105882  -0.170303 -0.0567537   0.0153768 -0.00728929  -0.0043068 0 0 0   -0.011 -0.02329  0.04412  0.0385738 -0.0203869 -0.0329603 -0.00123412  0.00102839 -0.00215369 -0.000931176   0.00655328    0.0114805    4.6267 -0.104879  -8.64865 
             0.79968 0.000610492   -0.182501  0.00836615   0.0211525  0.00798303 -0.00169287 0 0 0   -0.011 -0.02329  0.04412  0.0425879   0.041247 -0.0145505 -0.00168222   0.0010771 -0.00241085 -0.00343856  -0.0220587 -0.00164078    4.63392 -0.0774561   -8.64507 
                 0.9 -0.0365193  -0.111856 -0.0222181  0.0133626 0.00370539 0.00238937 0 0 0   -0.011 -0.02329  0.04412 -0.00199944   0.0164164  0.00505519 -0.00160583 0.000824395 -0.00234643  0.0274301 -0.0021176 -0.0244547     4.6198 -0.0969317   -8.65243 
            0.999839 -0.0165275 -0.0737577 0.00464352 0.00706462 0.00402605  0.0044774 0 0 0   -0.011 -0.02329  0.04412 -0.0282178   0.012181  0.0119151 -0.00166533 0.000712543 -0.00244612   0.043134 0.00084889 -0.0321127    4.61107 -0.0999082   -8.65705 
             1.09968 0.00740199 -0.0719188  0.0375297 0.00623444 0.00827943 0.00524716 0 0 0   -0.011 -0.02329  0.04412 -0.0270624  0.0221142  0.0119543 -0.00174642 0.000711564  -0.0025557   0.0372975 -0.00573019  -0.0294759    4.61442 -0.0935364   -8.65533 
                 1.2 -0.0122759 -0.0620138 -0.0276443 0.00299144  0.0112102 0.00623482 0 0 0   -0.011 -0.02329  0.04412 -0.0343378  0.0271596  0.0125046 -0.00169778 0.000685218 -0.00237609   0.0377002 -0.00632125  -0.0288627    4.61388 -0.0929649   -8.65563 
             1.29984 -0.0239915 -0.0077602 -0.0553452 0.00176422 0.00359554 0.00934374 0 0 0   -0.011 -0.02329  0.04412   -0.030585 -0.00416169   0.0209043 -0.00168691 0.000519819 -0.00232141  0.0334808    0.01244 -0.0321564   4.61827 -0.111012  -8.65308 
             1.39968 -0.00545173  -0.0145859   0.0236814 -0.00096597   0.0131035  0.00660245 0 0 0   -0.011 -0.02329  0.04412 -0.0333286  0.0296264 0.00583764 -0.00173125 0.000544927 -0.00256505   0.0304652 -0.00345372  -0.0206738    4.61602 -0.0956259   -8.65446 
                 1.5 -0.0235968   0.014056 -0.0445783 0.00534171 0.00749786  0.0122721 0 0 0   -0.011 -0.02329  0.04412 -0.00529065  0.00253418    0.024394 -0.00166888 0.000459158 -0.00236603  0.0166092 0.00870222 -0.0273572   4.62899 -0.107321  -8.64739 
             1.59984   -0.01772 -0.0619952  0.0149876 0.00921967  0.0109981 0.00439823 0 0 0   -0.011 -0.02329  0.04412  0.00594656   0.0129708 -0.00935407 -0.00169886 0.000676006 -0.00255217  0.00631824  0.00481538 -0.00578471  4.62809 -0.10334 -8.64792 
             1.69968 -0.0311573  -0.071409 -0.0268208  0.0140658 0.00833772  0.0027943 0 0 0   -0.011 -0.02329  0.04412  0.0177691 0.00273711 -0.0118579 -0.00169867 0.000703896 -0.00246935 0.000361086  0.00958536 -0.00318357   4.63147 -0.107875  -8.64606 
                 1.8  -0.107866 -0.0705886 -0.0733484   0.00704561  0.000766652 -0.000428778 0 0 0   -0.011 -0.02329  0.04412 -0.0116037 -0.0192174 -0.0186544 -0.00151942 0.000705638  -0.0023543   0.0102754   0.0178885 -0.00241779  4.62371 -0.11588 -8.65011 
             1.89984   -0.04449 -0.0422004 -0.0477886 0.00774101 0.00225006 0.00332187 0 0 0   -0.011 -0.02329  0.04412  -0.00818257   -0.0103514 -0.000371341 -0.00168867 0.000629302 -0.00242828 0.00989749   0.014225 -0.0106652   4.62732 -0.112446  -8.64822 
             1.99968 -0.0435716   -0.06851 -0.0158752   0.0038614  0.00168192 0.000690265 0 0 0   -0.011 -0.02329  0.04412  -0.0201824  -0.0108493 -0.00840231 -0.00169992 0.000705581 -0.00251994   0.0123099   0.0137829 -0.00764978   4.62432 -0.111995  -8.64983 
                 2.1 -0.0383779  -0.102592 -0.0244793  0.00713454  0.00324372 0.000860852 0 0 0   -0.011 -0.02329  0.04412 -0.00666642 -0.00267179 -0.00576624 -0.00171461 0.000791885 -0.00252539  0.00711012   0.0116335 -0.00764566   4.62821 -0.109923  -8.64778 
             2.19984 -0.0300152  -0.106642 -0.0608697  0.00790594  0.00287034 -0.00245076 0 0 0   -0.011 -0.02329  0.04412 -0.00430868 -0.00150495  -0.0150215 -0.00175496 0.000795323 -0.00246108  0.00488887   0.0118224 -0.00360508   4.62825 -0.110052  -8.64775 
             2.29968  -0.100565 -0.0971766 -0.0672978  0.00492248  0.00933174 -0.00413638 0 0 0   -0.011 -0.02329  0.04412 -0.0137376  0.0210945 -0.0159487 -0.00157811 0.000774842 -0.00246021  0.00711989  0.00664507 -0.00406985   4.62682 -0.105095  -8.64858 
                 2.4 -0.0719241  -0.089263 -0.0629154 0.00738565 0.00577221 0.00173313 0 0 0   -0.011 -0.02329  0.04412 -0.00386892   0.0037723  0.00777148 -0.00167108 0.000759778 -0.00247365 0.00548072  0.0109008 -0.0121794  4.63123 -0.10927 -8.64617 
             2.49984 -0.00894893   -0.127092  -0.0263604  0.0132121  0.0077871 0.00344191 0 0 0   -0.011 -0.02329  0.04412  0.0127512 0.00883556  0.0104901 -0.00184744 0.000855548 -0.00258271 0.000424036  0.00975442  -0.0117812   4.63485 -0.108165  -8.64424 
             2.59968 -0.0766074 -0.0552249 -0.0220147 0.00833674 0.00752095 0.00498908 0 0 0   -0.011 -0.02329  0.04412 -0.00657992  0.00787875   0.0132946 -0.00171733 0.000688257 -0.00260771 0.00537843  0.0105975 -0.0136457   4.63189 -0.108992  -8.64582 
                 2.7 -0.0708112 -0.0654526 -0.0765303 0.00662682 0.00448512    0.00286 0 0 0   -0.011 -0.02329  0.04412  -0.0114947 -0.00192519  0.00279427 -0.00175094 0.000710424 -0.00249072  0.0052983  0.0130522 -0.0100956   4.63052 -0.111309  -8.64652 
             2.79984  -0.064821 -0.0765984 -0.0664095 0.00880007 0.00352741 0.00602006 0 0 0   -0.011 -0.02329  0.04412 -0.00323092 -0.00489287   0.0122183 -0.00178879 0.000744847 -0.00251697 0.00344753   0.013456 -0.0123073   4.63278 -0.111713  -8.64531 
             2.89968 -0.0804417 -0.0545038 -0.0804916  0.0130532 0.00396661 0.00932512 0 0 0   -0.011 -0.02329  0.04412  0.00950588 -0.00238163    0.019487 -0.00176299 0.000695481 -0.00249529 0.000674376   0.0129649  -0.0133949   4.63528 -0.111251  -8.64398 
                   3 -0.0306904 -0.0372379 -0.0376931  0.0107582 0.00357046  0.0123306 0 0 0   -0.011 -0.02329  0.04412 -0.000305861  -0.00304327    0.0244237 -0.00191088 0.000652321 -0.00261671 0.00310408  0.0130621 -0.0150143  4.63412 -0.11136 -8.64459 
             3.09984 -0.0342449 -0.0812367 -0.0399861   0.012198  0.0113135 0.00837371 0 0 0   -0.011 -0.02329  0.04412 0.00335883  0.0231441 0.00462899 -0.00191238 0.000759299 -0.00262846 0.000864927  0.00856506 -0.00877505   4.63332 -0.106995  -8.64508 
             3.19968 -0.0430267  -0.038774 -0.0464782  0.0127975 0.00940555 0.00519526 0 0 0   -0.011 -0.02329  0.04412 0.00430642  0.0102481 -0.0059784 -0.00188788 0.000665455 -0.00262307 -4.91834e-05    0.0108408   -0.0054109   4.63262 -0.109132  -8.64542 
                 3.3 -0.0239482 -0.0202898 -0.0583503  0.0126179 0.00923179 0.00685377 0 0 0   -0.011 -0.02329  0.04412 0.00230466 0.00574676 0.00193958 -0.00194185  0.00062941 -0.00260571 0.000702803   0.0114653 -0.00742948   4.63287 -0.109753  -8.64528 
             3.39984 -0.0636964  -0.090972 -0.0177418 0.00587282 0.00827759 0.00369756 0 0 0   -0.011 -0.02329  0.04412  -0.0200197  0.00207899 -0.00859631 -0.00185362 0.000788745  -0.0027104  0.00406196   0.0122927 -0.00585259   4.62974 -0.110525  -8.64695 
             3.49968  -0.102158 -0.0817079 -0.0245708  0.00802569   0.0023586 0.000145092 0 0 0   -0.011 -0.02329  0.04412 -0.00888702  -0.0142887  -0.0174607 -0.00180581 0.000768048 -0.00270754  0.00113836   0.0153358 -0.00294896   4.63071 -0.113391  -8.64639 
                 3.6 -0.0565748 -0.0243211 -0.0706392 0.00551044 0.00428607 0.00221424 0 0 0   -0.011 -0.02329  0.04412  -0.0142157 -0.00332188 -0.00530834 -0.00191204 0.000646776 -0.00261741  0.00270641   0.0136675 -0.00620467  4.63087 -0.11184 -8.64633 
             3.69984 -0.0397161 -0.0405532 -0.0187073 0.00475508 0.00274269 0.00384014 0 0 0   -0.011 -0.02329  0.04412  -0.0140451 -0.00852136  0.00171292 -0.00195265 0.000682682   -0.002734  0.00265185   0.0141522 -0.00771908   4.63151 -0.112317  -8.64598 
             3.79968  -0.135479 -0.0977663  -0.112238  0.0105538 0.00575076 0.00116301 0 0 0   -0.011 -0.02329  0.04412  0.00569623  0.00508268 -0.00788442 -0.00175108 0.000797197 -0.00254573 -0.00155494   0.0125936 -0.00445501   4.63333 -0.110786  -8.64503 
                 3.9  -0.060597  -0.118606 -0.0540365    0.01315 0.00823476 0.00326761 0 0 0   -0.011 -0.02329  0.04412   0.0103788   0.0113472 0.000842764 -0.00193352 0.000842423 -0.00268873 -0.00213401    0.011745 -0.00625299   4.63448 -0.109996  -8.64442 
             3.99984 -0.0532288  -0.121148  -0.022746  0.0199874 0.00801904 0.00557255 0 0 0   -0.011 -0.02329  0.04412  0.0270539 0.00753324 0.00748228 -0.00195293 0.000842052 -0.00276175 -0.00466904   0.0123205 -0.00694497  4.63662 -0.11055 -8.64326 
             4.09968 -0.0865681 -0.0891407 -0.0370291    0.0118012   0.00612884 -0.000268573 0 0 0   -0.011 -0.02329  0.04412 -0.00523507 0.000193312  -0.0123036  -0.0018773 0.000780319 -0.00274081 -0.000534809    0.0133643  -0.00399926   4.63239 -0.111515  -8.64552 
                 4.2 -0.0707669    -0.1042 -0.0569629    0.0119548   0.00531218 -0.000103091 0 0 0   -0.011 -0.02329  0.04412 -0.00449123 -0.00288961 -0.00809702 -0.00189579 0.000808522 -0.00270881 -0.000687896    0.0137352  -0.00484154   4.63283 -0.111875  -8.64528 
             4.29984 -0.0365225  -0.055878 -0.0206978 0.00951858 0.00211499 0.00149195 0 0 0   -0.011 -0.02329  0.04412   -0.0103527   -0.0117276 -0.000141128 -0.00198207 0.000716031 -0.00279415 0.000511575   0.0148791 -0.00667427  4.63266 -0.11298 -8.64535 
             4.39968 -0.0535686 -0.0713895 -0.0731063  0.00813561   0.0073469 -0.00169544 0 0 0   -0.011 -0.02329  0.04412  -0.012614 0.00974005 -0.0105038 -0.00195334 0.000746934 -0.00270283 0.000193367    0.012485  -0.0046934   4.63213 -0.110687  -8.64567 
             4.49999 -0.0664579 -0.0654249 -0.0361917  0.0112248 0.00512594 0.00195567 0 0 0   -0.011 -0.02329  0.04412 -0.000815168  0.000650334   0.00370871 -0.00193042 0.000736895 -0.00278199 -0.00106486    0.013615 -0.00704095   4.63398 -0.111784  -8.64466 
             4.59984 -0.000548288   -0.0980526   -0.0331499  0.00862923   0.0080434 0.000911277 0 0 0   -0.011 -0.02329  0.04412   -0.0096533   0.00820018 -0.000653162 -0.00205049 0.000802006 -0.00278965 -0.000232114    0.0125169    -0.006496   4.63316 -0.110738  -8.64512 
             4.69968 -0.0460668 -0.0927327 -0.0552964  0.0115344  0.0112053 0.00399122 0 0 0   -0.011 -0.02329  0.04412 8.24791e-05   0.0151918   0.0088298 -0.00197145 0.000791456 -0.00275872 -0.00139629   0.0117318 -0.00788305   4.63457 -0.110011  -8.64437 
                 4.8 -0.0553248  -0.127163 -0.0732776  0.0149418 0.00964441 0.00443863 0 0 0   -0.011 -0.02329  0.04412 0.00855568 0.00754847 0.00704525 -0.00195921  0.00085167  -0.0027359  -0.0028496   0.0128412 -0.00720701  4.63536 -0.11105 -8.64393 
             4.89984 -0.0159704 -0.0250719 -0.0210028  0.0104535 0.00308438 0.00807321 0 0 0   -0.011 -0.02329  0.04412 -0.00657123  -0.0145445   0.0173542 -0.00204567 0.000663779 -0.00284996 -0.000357358     0.015232  -0.00951494   4.63442 -0.113345  -8.64441 
             4.99967 -0.0432742 -0.0813994 -0.0628157  0.0099513 0.00972051 0.00555551 0 0 0   -0.011 -0.02329  0.04412 -0.00774132  0.00904698  0.00407658  -0.0020097 0.000768211 -0.00277589 -0.000936667    0.0125544  -0.00711182   4.63392 -0.110779  -8.64471 
             5.09999 -0.0613549 -0.0911091 -0.0292383 0.00773928 0.00823395 0.00275736 0 0 0   -0.011 -0.02329  0.04412  -0.0128052  0.00130544 -0.00544039  -0.0019675 0.000782745 -0.00284395 -0.000811614    0.0133625  -0.00550277   4.63319 -0.111516  -8.64509 
             5.19983 -0.00212982  -0.0880775  -0.0188339  0.0095757  0.0100765 0.00475081 0 0 0   -0.011 -0.02329  0.04412 -0.00464472  0.00527816  0.00218153 -0.00207412 0.000776732 -0.00287484 -0.00167327   0.0128318 -0.00653427   4.63423 -0.111031  -8.64454 
             5.29967 -0.0351859 -0.0709476 -0.0303992  0.0129343 0.00929347 0.00707103 0 0 0   -0.011 -0.02329  0.04412 0.00628588 0.00248361 0.00865156 -0.00203198 0.000739348 -0.00285726 -0.00282295   0.0132579 -0.00721438   4.63534 -0.111442  -8.64394 
             5.39999 -0.0761878  -0.103002 -0.0800599    0.01191 0.00236382 0.00236718 0 0 0   -0.011 -0.02329  0.04412 0.000458603  -0.0178877 -0.00846176 -0.00196094 0.000797443 -0.00276788 -0.00293714   0.0154414 -0.00450848   4.63433 -0.113455  -8.64445 
             5.49983 0.00309537 -0.0530977 -0.0356652   0.0118417 0.000826925   0.0027716 0 0 0   -0.011 -0.02329  0.04412 -0.000887908   -0.0193518  -0.00455173 -0.00210544 0.000709979 -0.00284953 -0.00277356   0.0152933 -0.00513603   4.63446 -0.113326  -8.64439 
             5.59967 -0.0410364 -0.0574813 -0.0484154  0.0142851 0.00230194 0.00438888 0 0 0   -0.011 -0.02329  0.04412  0.00526764 -0.00955547  0.00192556 -0.00203022 0.000717285 -0.00283544 -0.00341999    0.014301 -0.00589255   4.63524 -0.112404  -8.64398 
             5.69999 -0.0284604 -0.0864674 -0.0316299  0.0127725 0.00311852 0.00297945 0 0 0   -0.011 -0.02329  0.04412 -0.00169877 -0.00291005 -0.00311672 -0.00207556 0.000771034 -0.00287425 -0.00292918   0.0137872 -0.00531779   4.63466 -0.111912   -8.6443 
             5.79983  -0.051515 -0.0808256 -0.0558008  0.0158212 0.00247835 0.00659555 0 0 0   -0.011 -0.02329  0.04412  0.00640399 -0.00345484  0.00882909 -0.00204485 0.000757649 -0.00283859 -0.00358066   0.0138536 -0.00685799   4.63574 -0.112001  -8.64372 
             5.89967 -0.0662982  -0.101058 -0.0582358 0.00948813  0.0054802 0.00393721 0 0 0   -0.011 -0.02329  0.04412  -0.0149637    0.006133 -0.00183501 -0.00200897 0.000794237 -0.00283756 -0.00168947   0.0128951 -0.00586759   4.63399 -0.111086  -8.64467 
             5.99999 -0.0614818  -0.117633 -0.0410968   0.0110275   0.0108098 0.000210844 0 0 0   -0.011 -0.02329  0.04412 -0.00757016   0.0193927  -0.0129635 -0.00202281 0.000824517 -0.00286587 -0.00300622   0.0116372 -0.00392459    4.6342 -0.109878  -8.64457 
             6.09983  -0.078405 -0.0476764 -0.0953171  0.0113388  0.0106237 0.00435558 0 0 0   -0.011 -0.02329  0.04412 -0.00422551   0.0145296  0.00444921 -0.00201078 0.000707775 -0.00278072 -0.00277785   0.0122731 -0.00631346   4.63496 -0.110504  -8.64416 
             6.19967 -0.0692664  -0.120087 -0.0657595   0.0125234  0.00883762 2.24762e-05 0 0 0   -0.011 -0.02329  0.04412 -0.000768036    0.0057841   -0.0106207 -0.00203718 0.000828597 -0.00283624 -0.00378153   0.0131539  -0.0040263   4.63479 -0.111304  -8.64424 
             6.29999 -0.0821317  -0.109808 -0.0803363  0.0156871   0.011881 0.00553089 0 0 0   -0.011 -0.02329  0.04412 0.00814254  0.0138941 0.00941962 -0.00201245 0.000811169 -0.00281269 -0.00413483   0.0125338 -0.00661787   4.63606 -0.110749  -8.64356 
             6.39983 -0.0471033  -0.123468 -0.0564446  0.0155042  0.0097853 0.00327189 0 0 0   -0.011 -0.02329  0.04412   0.00439427   0.00315024 -0.000304234  -0.0020728 0.000838735 -0.00285707 -0.00418579   0.0134178 -0.00531769   4.63558 -0.111563  -8.64381 
             6.49967  -0.083002 -0.0579568 -0.0970168  0.0133832 0.00693551  0.0031807 0 0 0   -0.011 -0.02329  0.04412  -0.00280865  -0.00441539 -0.000107101 -0.00202942 0.000733449 -0.00279844 -0.00347086   0.0142471 -0.00550578   4.63513 -0.112334  -8.64404 
             6.59999 -0.0388494 -0.0833135 -0.0531916 0.00853743 0.00836769 0.00237737 0 0 0   -0.011 -0.02329  0.04412  -0.0168503  0.00166595 -0.00273637 -0.00210504 0.000773977 -0.00288169 -0.00225511   0.0137602 -0.00556539   4.63428 -0.111874   -8.6445 
             6.69983 0.00574566 -0.0299372 -0.0607643 0.00549458 0.00865881 0.00589783 0 0 0   -0.011 -0.02329  0.04412 -0.0207409 0.00200957 0.00936624 -0.00217373 0.000689258 -0.00287506 -0.00152692   0.0136855 -0.00722291   4.63439 -0.111816  -8.64444 
             6.79967 -0.0961229  -0.018914 -0.0785009 0.00270224 0.00632188 0.00720024 0 0 0   -0.011 -0.02329  0.04412  -0.0231139 -0.00443021   0.0112001 -0.00200632 0.000673243 -0.00284776 -0.00130275   0.0142957 -0.00741265    4.6343 -0.112384  -8.64449 
             6.89999 -0.0466205 -0.0794866 -0.0472974 0.00750282 0.00950035 0.00732449 0 0 0   -0.011 -0.02329  0.04412 -0.00409401  0.00483237  0.00793412 -0.00210015 0.000770762 -0.00290276 -0.00334623   0.0134349 -0.00640424   4.63538 -0.111583  -8.64391 
             6.99983  -0.138354 -0.0723475 -0.0704445  0.0090145 0.00227066 0.00348213 0 0 0   -0.011 -0.02329  0.04412  0.00121104  -0.0158778 -0.00573697 -0.00196961 0.000763278 -0.00287199 -0.00429538   0.0152698 -0.00441555   4.63525 -0.113258  -8.64396 
             7.09967 -0.0571304 -0.0584093 -0.0450393   0.008601 0.00184285 0.00382154 0 0 0   -0.011 -0.02329  0.04412 -0.00018379  -0.0128268 -0.00263435 -0.00210691 0.000740519 -0.00291875 -0.0040608  0.0149879 -0.0048083   4.63524 -0.113001  -8.64397 
             7.19999 -0.0540956 -0.0435374 -0.0430389 0.00775819 0.00459493 0.00383026 0 0 0   -0.011 -0.02329  0.04412 -0.00224366 -0.00158326 -0.00140582 -0.00211124 0.000715429 -0.00292313 -0.00380458    0.014087 -0.00497394   4.63513 -0.112169  -8.64404 
             7.29983 -0.0160861  0.0123475 -0.0576017 0.00234703 0.00925585 0.00514832 0 0 0   -0.011 -0.02329  0.04412 -0.0159896  0.0115062 0.00393878  -0.0021684 0.000631836 -0.00290656 -0.00231299   0.0130268 -0.00592024   4.63445 -0.111197  -8.64442 
             7.39967 -0.0232639  0.0152331  -0.057021 -0.00171213   0.0105452  0.00475065 0 0 0   -0.011 -0.02329  0.04412 -0.0222934  0.0123213 0.00234439 -0.00217284 0.000632952 -0.00290724 -0.00175364   0.0130123 -0.00581149   4.63401 -0.111183  -8.64466 
             7.49999  0.0117787 -0.0613527 -0.0416402 0.00416251  0.0118295  0.0075584 0 0 0   -0.011 -0.02329  0.04412 -1.48965e-05    0.0124122   0.00958314 -0.00222857  0.00075212 -0.00294066 -0.00363893   0.0129844 -0.00611612   4.63547 -0.111161  -8.64387 
             7.59983  0.0279885 -0.0277432 -0.0532564   0.010154  0.0122637 0.00961536 0 0 0   -0.011 -0.02329  0.04412  0.0177095 0.00967142  0.0133258 -0.00225168  0.00070561 -0.00292649 -0.00505001   0.0131197 -0.00603929   4.63644 -0.111285  -8.64335 
             7.69967 -0.0798332 -0.0827152 -0.0737767  0.0121693 0.00875023 0.00581584 0 0 0   -0.011 -0.02329  0.04412   0.0176306 -0.00218965 -0.00229533 -0.00209093 0.000788497 -0.00290005 -0.00555764   0.0140774 -0.00418657   4.63605 -0.112124  -8.64355 
             7.79999 -0.0594461 -0.0266525 -0.0706244  0.00535565   0.0117597 0.000876613 0 0 0   -0.011 -0.02329  0.04412 -0.00630174   0.0074645  -0.0159057  -0.0021367 0.000702661 -0.00291035 -0.00383683   0.0134167  -0.0031291   4.63443 -0.111487  -8.64443 
             7.89983  -0.081163 -0.0965222 -0.0640712    0.0121401   0.00715167 -0.000854418 0 0 0   -0.011 -0.02329  0.04412   0.0136541 -0.00716736  -0.0169327 -0.00211632 0.000804332 -0.00292744 -0.00564511   0.0145182 -0.00256122   4.63546 -0.112492  -8.64386 
             7.99967 -0.0790415 -0.0748619 -0.0812177   0.020158  0.0042995 0.00241151 0 0 0   -0.011 -0.02329  0.04412   0.0326541  -0.0133405 -0.00180273 -0.00211916  0.00077656    -0.00291 -0.00685327   0.0149444 -0.00380322   4.63679 -0.112909  -8.64314 
             8.09999 -0.0892588   -0.10469 -0.0973409    0.0222912 -0.000465014   0.00162192 0 0 0   -0.011 -0.02329  0.04412   0.0293273  -0.0233137 -0.00351656 -0.00210626 0.000820509 -0.00288716 -0.00664952   0.0156473 -0.00367677   4.63659 -0.113549  -8.64324 
             8.19983 -0.0583305 -0.0589588 -0.0551753  0.0172608 0.00026016 0.00500906 0 0 0   -0.011 -0.02329  0.04412 0.00703212 -0.0148558 0.00826867 -0.00215206 0.000758948 -0.00295268 -0.00451719   0.0150401 -0.00549577   4.63579 -0.112997  -8.64368 
             8.29967  -0.128626 -0.0989293 -0.0637242     0.01894 -0.00434234  0.00600221 0 0 0   -0.011 -0.02329  0.04412  0.0116411 -0.0297524  0.0242126  -0.0020602 0.000816155 -0.00295024 -0.00479589   0.0156722 -0.00540175   4.63594 -0.113575  -8.64359 
             8.39999 -0.0867115  -0.131015 -0.0727074   0.0211204 -0.00937075   0.0128561 0 0 0   -0.011 -0.02329  0.04412   0.18118 -0.109454   0.19192 -0.00213988 0.000769136 -0.00294784  -0.0040265   0.0154192 -0.00537471   4.63539 -0.113339  -8.64389 
             8.49983  0.251906 -0.856969 -0.236319  0.0683658 -0.0123203  0.0433976 0 0 0   -0.011 -0.02329  0.04412 0.807945 0.109023  0.19084 -0.00221338 0.000809996 -0.00291397 -0.00365628   0.0139237  -0.0075895  4.63598 -0.11199 -8.64359 
             8.59967   1.31977 -0.174514 0.0663431   0.13995 0.0112537  0.058527 0 0 0   -0.011 -0.02329  0.04412  0.593862 0.0929154  0.194782 -0.00211186 0.000671395 -0.00293125 -0.00472886   0.0150317 -0.00523859   4.63591 -0.112936  -8.64361 
             8.69999 -2.24787  1.33508   -1.347  0.169222 0.0175999 0.0786451 0 0 0   -0.011 -0.02329  0.04412  -0.0694329 -0.00331635   0.0181837 -0.00162792  0.00063664 -0.00277908 -0.00536699   0.0129945 -0.00794109   4.63744 -0.111425  -8.64281 
             8.79983 -0.935993   2.40849  -1.33529   0.156638 0.00176226  0.0720432 0 0 0   -0.011 -0.02329  0.04412  -0.117489  -0.113664 -0.0485442 -0.00230294 0.000222104 -0.00291489 -0.00626865   0.0140755 -0.00506699   4.63663 -0.112411  -8.64324 
             8.89967  0.312772   1.31988 -0.602465  0.146062 0.0149495 0.0715573 0 0 0   -0.011 -0.02329  0.04412   0.373811 -0.0162026   0.137664 -0.00238237 0.000807868 -0.00312878 -0.00305345   0.0123105 -0.00458744   4.63472 -0.110202  -8.64429 
             8.99999 -0.463713  0.013467  -1.52793   0.191766 0.00604456  0.0857973 0 0 0   -0.011 -0.02329  0.04412  0.712468 0.0343065   0.29751 -0.00221895 0.000913376 -0.00290881  -0.0030986   0.0134662 -0.00232964   4.63294 -0.111388  -8.64522 
             9.09983 0.151132 0.861773 -2.10233  0.268558 0.0136915  0.126087 0 0 0   -0.011 -0.02329  0.04412   0.695506 -0.0717004   0.342622 -0.00222444 0.000587446 -0.00292355 -0.00417249    0.013835 -0.00448491   4.63481 -0.112027  -8.64422 
             9.19967 -1.62316  1.96069 -2.92053     0.33497 -0.00325494    0.153517 0 0 0   -0.011 -0.02329  0.04412  0.525589 0.0132708  0.233886 -0.00190404 0.000317777 -0.00289841 -0.0075938  0.0151866 -0.0040809   4.63559 -0.114633  -8.64376 
             9.29999 -0.620217   1.70829   -2.3813 0.383035 0.013214 0.181331 0 0 0   -0.011 -0.02329  0.04412   0.432809 -0.0233613   0.259544 -0.00229469 0.000755054 -0.00309263  -0.0058152   0.0126414 -0.00505874   4.63687 -0.111902  -8.64311 
             9.39983 -1.42451  1.27799 -2.71729   0.431209 0.00244846   0.207255 0 0 0   -0.011 -0.02329  0.04412 0.565479 0.017185 0.289549 -0.00212037 0.000844156   -0.003091 -0.00562837   0.0129494 -0.00430384   4.63614 -0.111875  -8.64351 
             9.49967 0.151767  1.24872  -2.2277   0.479477 0.00459417   0.230607 0 0 0   -0.011 -0.02329  0.04412    0.52366 -0.0700636   0.284851 -0.00237215 0.000638775 -0.00309661 -0.00493919   0.0140504  -0.0036645   4.63487 -0.111949  -8.64418 
             9.59999 -1.07812  1.21173 -3.05596    0.535215 0.000976733    0.258702 0 0 0   -0.011 -0.02329  0.04412 0.487038 0.013382 0.250012 -0.00204261 0.000666995 -0.00294174   -0.006311   0.0135068 -0.00392424   4.63566 -0.112707  -8.64375 
             9.69983 -0.671374  0.809221  -2.84872    0.581682 -0.00644213    0.281249 0 0 0   -0.011 -0.02329  0.04412   0.455083 -0.0570976   0.250281 -0.00218668 0.000864279 -0.00304633 -0.00658181    0.014454 -0.00317331   4.63462 -0.113282   -8.6443 
             9.79967 -0.590489   0.69581  -2.73096   0.619009 -0.0116983   0.311826 0 0 0   -0.011 -0.02329  0.04412 0.375766 -0.05865 0.237097 -0.00220499 0.000701498 -0.00308217 -0.00417974   0.0159104 -0.00505309   4.63433 -0.112385  -8.64447 
             9.89999 -0.584011  0.119075   -2.8033   0.657211 -0.0152614   0.329106 0 0 0   -0.011 -0.02329  0.04412   0.472198 -0.0732321   0.267104 -0.00215485 0.000805617 -0.00304403 -0.00291581   0.0167166  -0.0029268   4.63244 -0.111426   -8.6455 
             9.99983 -0.439497  0.512595  -2.76559   0.706996 -0.0153859   0.364442 0 0 0   -0.011 -0.02329  0.04412   0.442171 -0.0163718   0.259423 -0.00228065 0.000731233 -0.00314432  -0.0021293   0.0161509 -0.00556941   4.63388 -0.110837  -8.64473 
             10.0997 -0.442053  0.125848  -2.74722   0.751497 -0.0210676   0.389122 0 0 0   -0.011 -0.02329  0.04412   0.410101 -0.0187891   0.256274 -0.00223313 0.000821374 -0.00315134 -0.00251513   0.0161457 -0.00499719   4.63375 -0.111097   -8.6448 
                10.2   0.0930259 -0.00141776    -2.63709    0.80096 -0.0175729   0.411588 0 0 0   -0.011 -0.02329  0.04412   0.490774 -0.0554196   0.267797 -0.00228134 0.000630374 -0.00309884 -0.00357119   0.0155401 -0.00409149   4.63413 -0.111614  -8.64459 
             10.2998 -0.937356 -0.141828  -3.13044    0.85119 -0.0313897   0.441515 0 0 0   -0.011 -0.02329  0.04412   0.511122 -0.0817873   0.283028 -0.00207895 0.000598388 -0.00301799 -0.00354831   0.0152514 -0.00465265  4.63449 -0.11153 -8.64439 
             10.3997 0.867055 0.189145 -2.16483   0.902696 -0.0284999   0.476626 0 0 0   -0.011 -0.02329  0.04412   0.416852 -0.0535274   0.306143 -0.00246484 0.000543502 -0.00319563 -0.00334686   0.0144206 -0.00663766   4.63558 -0.111205  -8.64381 
                10.5 -0.104507  0.129336   -2.7731   0.954923 -0.0336249   0.502285 0 0 0   -0.011 -0.02329  0.04412   0.488491 -0.0238637   0.258615 -0.00211979 0.000565191 -0.00298898 -0.00508429   0.0139244 -0.00471621   4.63592 -0.112162  -8.64362 
             10.5998  0.483211 0.0345445  -2.71067    1.01262 -0.0399016    0.53392 0 0 0   -0.011 -0.02329  0.04412  0.557283 0.0192966  0.313894  -0.0024404 0.000614465 -0.00312033 -0.00621753   0.0137397 -0.00510837   4.63645 -0.113096  -8.64332 
             10.6997 0.838859 0.284161 -2.57528    1.05875 -0.0423336   0.566889 0 0 0   -0.011 -0.02329  0.04412   0.536353 -0.0195153    0.30286 -0.00245879 0.000506076 -0.00313592 -0.00478872   0.0142176 -0.00596526   4.63592 -0.112342  -8.64362 
                10.8 0.963244 0.444036 -2.49223    1.12119 -0.0451505   0.594471 0 0 0   -0.011 -0.02329  0.04412   0.520845 -0.0900107    0.30083  -0.0024023 0.000516375 -0.00310835 -0.00740667   0.0138059 -0.00464005   4.63659 -0.113873  -8.64324 
             10.8998 0.346171 0.604893 -2.98532   1.16867 -0.049167  0.615572 0 0 0   -0.011 -0.02329  0.04412   0.490676 -0.0248133   0.254344 -0.00232526 0.000527334 -0.00305215  -0.0068351   0.0144893 -0.00263547   4.63556 -0.112912   -8.6438 
             10.9997 0.604705 0.775373 -2.86398    1.21976 -0.0619497   0.643149 0 0 0   -0.011 -0.02329  0.04412  0.448727 -0.032261  0.274479 -0.00241014 0.000522819 -0.00310012 -0.00771649   0.0155686 -0.00317209   4.63498 -0.114104   -8.6441 
                11.1  0.93429 0.493762 -2.73385    1.2638 -0.065515  0.674974 0 0 0   -0.011 -0.02329  0.04412  0.436339 -0.126719  0.313484 -0.00240625 0.000572324 -0.00311321 -0.00699881   0.0152162 -0.00439199   4.63543 -0.113964  -8.64386 
             11.1998  0.74662 0.364159 -3.02983    1.31453 -0.0723435   0.704057 0 0 0   -0.011 -0.02329  0.04412   0.632279 -0.0267575    0.27703  -0.0023645 0.000551835 -0.00306362 -0.00680934   0.0144225 -0.00412385   4.63597 -0.113517  -8.64357 
             11.2997  1.48146 0.153827  -2.6836    1.37185 -0.0661292   0.733427 0 0 0   -0.011 -0.02329  0.04412   0.533396 -0.0244981   0.272666 -0.00244575 0.000611012 -0.00310632 -0.00615717   0.0127908 -0.00354136   4.63707 -0.112412    -8.643 
                11.4   1.3388 0.482472 -2.71982    1.41648 -0.0647676   0.751272 0 0 0   -0.011 -0.02329  0.04412 0.486022 0.056312 0.217449 -0.00243725 0.000580749 -0.00310705 -0.00514357   0.0138718 -0.00134763   4.63581 -0.110828  -8.64369 
             11.4998  1.50567 0.665335 -2.80018    1.47643 -0.0714976   0.772669 0 0 0   -0.011 -0.02329  0.04412   0.507353 -0.0672357   0.260263 -0.00245373 0.000600378 -0.00310162 -0.00780284    0.014297 -0.00051447   4.63566 -0.112514  -8.64375 
             11.5997  1.38442 0.864319 -2.84275    1.52854 -0.0714088   0.798841 0 0 0   -0.011 -0.02329  0.04412   0.544663 -0.0616083   0.252012   -0.002427 0.000526528 -0.00311466 -0.00750141   0.0142703 -0.00108324  4.63571 -0.11258 -8.64373 
                11.7 0.794224 0.888857 -3.12946    1.57288 -0.0753035   0.826936 0 0 0   -0.011 -0.02329  0.04412  0.508772 0.0497684  0.252541 -0.00232729  0.00052215 -0.00308526 -0.00600612   0.0148359  -0.0019484   4.63523 -0.112011  -8.64399 
             11.7998  1.36732  1.08208 -2.92835    1.61973 -0.0756669   0.855234 0 0 0   -0.011 -0.02329  0.04412    0.43344 -0.0780794   0.290434 -0.00242906 0.000525132  -0.0031095 -0.00614302   0.0142988 -0.00233137   4.63571 -0.112263  -8.64373 
             11.8997  1.19985 0.456796 -3.00109    1.66681 -0.0846984   0.890799 0 0 0   -0.011 -0.02329  0.04412  0.559369 0.0291569   0.30077 -0.00245003  0.00056399 -0.00317047 -0.00526412    0.014661 -0.00477331   4.63572 -0.113037  -8.64372 
                  12  1.60501 0.623791 -2.87098    1.72912 -0.0835508   0.918441 0 0 0   -0.011 -0.02329  0.04412  0.508058 -0.120338  0.309155 -0.00244558 0.000567515 -0.00311296 -0.00676966   0.0134045  -0.0034527   4.63659 -0.113285  -8.64324 
             12.0998  1.29408  1.02026 -2.83305     1.7741 -0.0855437    0.94973 0 0 0   -0.011 -0.02329  0.04412  0.585449 0.0425522  0.267797 -0.00244981 0.000537194 -0.00314406 -0.00479934   0.0136353 -0.00439047   4.63646 -0.112372  -8.64332 
             12.1997   1.6669 0.967903 -2.80889    1.82791 -0.0949213   0.969251 0 0 0   -0.011 -0.02329  0.04412  0.511765 -0.111755  0.278332 -0.00244808 0.000555823  -0.0031075 -0.00746691   0.0156142 -0.00291496  4.63477 -0.11367 -8.64422 
                12.3  1.05993 0.942338 -3.12801   1.87549 -0.104657  0.992007 0 0 0   -0.011 -0.02329  0.04412   0.551566 0.00323482   0.236916 -0.00237833 0.000558101 -0.00309202 -0.00756102   0.0161737 -0.00233644   4.63426 -0.113442  -8.64449 
             12.3998  1.70805 0.942369 -2.93305   1.93184 -0.107324   1.01915 0 0 0   -0.011 -0.02329  0.04412   0.553924 -0.0551998    0.24712 -0.00242447 0.000574346 -0.00308711 -0.00822535   0.0150996 -0.00251485   4.63515 -0.113932  -8.64401 
             12.4997  1.72424 0.591111 -2.89888   1.98255 -0.105512   1.05366 0 0 0   -0.011 -0.02329  0.04412   0.540157 -0.0478027   0.281886 -0.00250481 0.000652412 -0.00312365 -0.00667048   0.0143098 -0.00426002   4.63599 -0.113866  -8.64356 
                12.6  1.13713 0.970964 -3.43447  2.04125 -0.10521  1.08027 0 0 0   -0.011 -0.02329  0.04412  0.543223 0.0193901  0.287424  -0.0023661 0.000580568 -0.00302552 -0.00657394   0.0134699 -0.00352328    4.6366 -0.113307  -8.64324 
             12.6998  1.59861  1.13137 -3.36303   2.09794 -0.106745   1.10412 0 0 0   -0.011 -0.02329  0.04412  0.497523 -0.121847  0.305346 -0.00248405  0.00060359 -0.00311194 -0.00726693   0.0139623 -0.00258073   4.63609 -0.113253  -8.64351 
             12.7997  1.04455  1.65704 -3.53988   2.13489 -0.113726   1.13615 0 0 0   -0.011 -0.02329  0.04412  0.452082 0.0833123  0.257191 -0.00238599 0.000464429 -0.00308783 -0.00507785   0.0152186 -0.00432032   4.63538 -0.112678   -8.6439 
                12.9  1.45115  1.28357 -3.44281    2.1838 -0.125472   1.15635 0 0 0   -0.011 -0.02329  0.04412   0.510493 -0.0882315     0.2587 -0.00237097 0.000515201   -0.003108 -0.00699493   0.0161212 -0.00302256    4.6343 -0.113253  -8.64447 
             12.9998   2.1278 0.864941 -3.19962   2.24352 -0.120977     1.183 0 0 0   -0.011 -0.02329  0.04412   0.541118 -0.0458573   0.250558  -0.0025166 0.000720115 -0.00312912 -0.00797355    0.014647 -0.00303707   4.63537 -0.114041  -8.64389 
             13.0997 0.894336  1.02202 -4.06528   2.29705 -0.126215   1.21077 0 0 0   -0.011 -0.02329  0.04412  0.499045 0.0385838  0.273708 -0.00233662   0.0006255 -0.00306316 -0.00719974   0.0146843 -0.00322976   4.63547 -0.113606  -8.64384 
                13.2 1.71504  1.4627 -3.7154  2.35024 -0.12965  1.23168 0 0 0   -0.011 -0.02329  0.04412   0.500799 -0.0516826   0.246977 -0.00253018 0.000559318 -0.00316633 -0.00855244   0.0149991 -0.00201214    4.6349 -0.113829  -8.64415 
             13.2998  1.44675  1.08544 -3.78809   2.40266 -0.128609   1.26107 0 0 0   -0.011 -0.02329  0.04412   0.54409 -0.157988  0.279982 -0.00245266 0.000688076 -0.00316264 -0.00746747   0.0143709 -0.00254211   4.63565 -0.113443  -8.64375 
             13.3997  1.02212  1.49717 -4.02621   2.44703 -0.132024   1.29541 0 0 0   -0.011 -0.02329  0.04412  0.505916 0.0846726  0.273092 -0.00245157 0.000551807 -0.00311896 -0.00550526   0.0144768  -0.0038873   4.63609 -0.112767  -8.64352 
                13.5  1.42492  1.35107 -3.81279    2.4876 -0.142055    1.3246 0 0 0   -0.011 -0.02329  0.04412    0.47431 -0.0482839   0.284958 -0.00244678 0.000528499 -0.00310717 -0.00548867   0.0154735 -0.00469736   4.63537 -0.113048   -8.6439 
             13.5998  2.05799 0.911027  -3.4148   2.53815 -0.144814   1.34554 0 0 0   -0.011 -0.02329  0.04412  0.521758 -0.125406  0.297093 -0.00247111 0.000550432 -0.00318662 -0.00629802   0.0157115 -0.00311099   4.63485 -0.112678  -8.64419 
             13.6997  1.62691 0.977315 -3.84006   2.60178 -0.153516   1.37373 0 0 0   -0.011 -0.02329  0.04412   0.527115 -0.0228738   0.277726 -0.00245099 0.000570562 -0.00311073 -0.00809278   0.0149242 -0.00292595   4.63508 -0.113996  -8.64405 
                13.8  1.91994  1.15515 -3.85835   2.65326 -0.162224   1.39882 0 0 0   -0.011 -0.02329  0.04412   0.511544 -0.0670968   0.262635 -0.00250493 0.000666082 -0.00313666 -0.00806522   0.0151562 -0.00246269   4.63488 -0.113668  -8.64416 
             13.8998  2.64983   1.3509 -3.49713   2.70101 -0.162871   1.42229 0 0 0   -0.011 -0.02329  0.04412  0.496325 -0.073963  0.249934 -0.00256794 0.000586321 -0.00317946 -0.00818285   0.0157351 -0.00238992    4.6344 -0.113594  -8.64442 
             13.9997  1.60398   1.0295 -4.15066 2.74524  -0.168 1.45135 0 0 0   -0.011 -0.02329  0.04412  0.535977 0.0330362  0.250742 -0.00241342 0.000636933 -0.00309683 -0.00671365   0.0157581 -0.00318813  4.63464 -0.11308  -8.6443 
                14.1  2.29594   0.5581 -3.77028   2.79798 -0.175526   1.47776 0 0 0   -0.011 -0.02329  0.04412  0.498389 -0.028006  0.267381 -0.00252888 0.000746426 -0.00317634 -0.00756437   0.0161508 -0.00324997   4.63415 -0.113603  -8.64455 
             14.1998  2.35735 0.965081 -4.10469  2.85348 -0.17356   1.5009 0 0 0   -0.011 -0.02329  0.04412  0.459303 -0.124786  0.277672  -0.0024589 0.000527926 -0.00313577 -0.00906281   0.0156258 -0.00253174   4.63433 -0.114332  -8.64444 
             14.2997  1.04832 0.490614 -4.80112   2.90225 -0.178518   1.53755 0 0 0   -0.011 -0.02329  0.04412  0.546964 0.0311086  0.301903 -0.00237009 0.000687124  -0.0031088 -0.00686388   0.0144231 -0.00396738    4.6356 -0.113966  -8.64377 
                14.4  2.19732 0.621827 -4.37345   2.95395 -0.186257   1.56505 0 0 0   -0.011 -0.02329  0.04412    0.51693 -0.0573843   0.280806 -0.00262261 0.000684764  -0.0032024 -0.00695032   0.0150725 -0.00379596   4.63509 -0.113737  -8.64405 
             14.4998  2.30209 0.843161 -4.28948    3.0018 -0.193563   1.58931 0 0 0   -0.011 -0.02329  0.04412  0.507474 -0.177649  0.269828 -0.00242794 0.000563168  -0.0031409 -0.00751528   0.0160437 -0.00350852   4.63421 -0.113684  -8.64452 
             14.5997  1.77061 0.539895  -4.5239    3.0458 -0.201648   1.61488 0 0 0   -0.011 -0.02329  0.04412    0.484734 -0.00327602    0.243123 -0.00239037 0.000658919  -0.0031341 -0.00692044   0.0169179 -0.00341053  4.63373 -0.11289 -8.64478 
                14.7  2.13306 0.417624 -4.41706     3.097 -0.202825   1.64599 0 0 0   -0.011 -0.02329  0.04412  0.460956 0.0360391  0.289883 -0.00254977 0.000725969 -0.00318225 -0.00569187    0.015738 -0.00389659   4.63495 -0.112644  -8.64413 
             14.7998  2.74729  0.48547 -4.24384   3.15442 -0.204103    1.6689 0 0 0   -0.011 -0.02329  0.04412  0.429627 -0.122967   0.29158 -0.00254926 0.000630821 -0.00314753 -0.00729888   0.0154848 -0.00282913   4.63481 -0.113439   -8.6442 
             14.8997  1.84758 0.849371 -4.83595   3.21094 -0.202212    1.6887 0 0 0   -0.011 -0.02329  0.04412  0.528442 0.0238934  0.191462  -0.0023868 0.000542598 -0.00307453 -0.00777001   0.0150113 -0.00221567   4.63512 -0.113683  -8.64403 
                  15  1.64549 0.699107 -5.08094   3.25632 -0.204772   1.71595 0 0 0   -0.011 -0.02329  0.04412  0.534047 0.0170202  0.209279 -0.00253656 0.000656313  -0.0031748 -0.00660988   0.0151636 -0.00408175   4.63505 -0.113656  -8.64406 
             15.0998   1.9585 0.480454 -4.89804   3.29646 -0.214883   1.74699 0 0 0   -0.011 -0.02329  0.04412  0.539254 -0.054845  0.273267 -0.00248343 0.000702307 -0.00321028 -0.00580203   0.0170431 -0.00651757   4.63356 -0.113398  -8.64487 
             15.1997  1.86778 0.477832 -4.84551   3.35627 -0.221335   1.77606 0 0 0   -0.011 -0.02329  0.04412   0.525489 -0.0417233   0.284494  -0.0024188 0.000695309 -0.00319618 -0.00746865   0.0163477 -0.00707379   4.63339 -0.115125  -8.64493 
                15.3  1.42114  0.67454 -5.20472   3.40417 -0.234589   1.81005 0 0 0   -0.011 -0.02329  0.04412  0.518285 -0.143789  0.278289  -0.0023888 0.000644529 -0.00318453 -0.00660206   0.0164274 -0.00812427   4.63353 -0.114898  -8.64487 
             15.3998  2.49424 0.858666 -4.69272   3.45295 -0.233099   1.82575 0 0 0   -0.011 -0.02329  0.04412   0.425954 -0.0185647   0.146109 -0.00248028 0.000697988 -0.00321447 -0.00695048   0.0167133 -0.00688304  4.63331 -0.11453 -8.64499 
             15.4997  1.29012  1.18179 -5.13374   3.46614 -0.241016   1.83226 0 0 0   -0.011 -0.02329  0.04412  -0.128143  0.0415647 -0.0757243 -0.00227546 0.000643095 -0.00320708 -0.00764635   0.0165189 -0.00755318    4.6331 -0.115388  -8.64509 
                15.6  1.98409  1.11778 -4.96478   3.45207 -0.244048    1.8286 0 0 0   -0.011 -0.02329  0.04412 -0.0370887 -0.0298588  -0.013785 -0.00242212 0.000696925 -0.00320817 -0.00625785   0.0175977 -0.00767102   4.63289 -0.113986  -8.64522 
             15.6998  2.30113 0.604678 -4.62602   3.45783 -0.239957   1.83731 0 0 0   -0.011 -0.02329  0.04412  0.0335731 -0.0609816  0.0367053 -0.00241014 0.000784645 -0.00322966 -0.00556853   0.0159201 -0.00863299   4.63433 -0.114753  -8.64444 
             15.7997  1.67783 0.967915 -4.96508    3.4517 -0.230716   1.83098 0 0 0   -0.011 -0.02329  0.04412 -0.00474218   0.0482414 -0.00303017 -0.00233533 0.000724976 -0.00319361 -0.00337766     0.01695  -0.0065669   4.63465 -0.111815   -8.6443 
                15.9  1.70192 0.897233 -5.01811   3.4458 -0.22838   1.8293 0 0 0   -0.011 -0.02329  0.04412  -0.0251146   0.0567856 -0.00984486 -0.00233274  0.00067849 -0.00317681 -0.00267917   0.0177537 -0.00641359   4.63437 -0.110909  -8.64446 
             15.9998   1.9775 0.894226 -4.78974   3.44602 -0.231807   1.82681 0 0 0   -0.011 -0.02329  0.04412  -0.0165358 -0.00300909   -0.010922 -0.00236274 0.000728752 -0.00323222 -0.00426962   0.0180917 -0.00656854   4.63348 -0.111926  -8.64493 
             16.0997  1.94004 0.839485 -4.84788  3.44433 -0.23487  1.82272 0 0 0   -0.011 -0.02329  0.04412 -0.0159133 -0.0181427 -0.0180491 -0.00234815  0.00073374 -0.00320366 -0.00512685   0.0189175 -0.00643562   4.63256 -0.112101  -8.64542 
                16.2  1.79702 0.904811 -4.92305   3.44625 -0.232948   1.82643 0 0 0   -0.011 -0.02329  0.04412 -0.000502357    0.0136216 -0.000899483  -0.0023211 0.000723187 -0.00320083 -0.00485154   0.0178558 -0.00710392   4.63338 -0.112666  -8.64498 
             16.2998  1.79374 0.856071  -4.9035   3.44974 -0.235599    1.8235 0 0 0   -0.011 -0.02329  0.04412 0.00687195 0.00855821 -0.0121995 -0.00232574 0.000749033 -0.00321972 -0.00600799   0.0176949 -0.00670162   4.63308 -0.113365  -8.64513 
             16.3997  1.90604 0.859893 -4.85128   3.44804 -0.233039   1.82861 0 0 0   -0.011 -0.02329  0.04412 -0.00134457  0.00183075  0.00860401 -0.00236712 0.000740076 -0.00323059 -0.00489234    0.017366 -0.00764214   4.63367 -0.113136  -8.64481 
                16.5  1.87041 0.854903 -4.87389   3.44991 -0.237079   1.82956 0 0 0   -0.011 -0.02329  0.04412 0.00501079 -0.0146176 0.00943577 -0.00232104 0.000756767  -0.0032143 -0.00590623   0.0176211 -0.00797499   4.63307 -0.113888  -8.64512 
             16.5998  1.84669 0.841678 -4.90412   3.44926 -0.234926   1.83029 0 0 0   -0.011 -0.02329  0.04412 0.00108933 0.00642331  0.0080777 -0.00234743 0.000763938 -0.00321867 -0.00535708   0.0174954 -0.00777111   4.63339 -0.113465  -8.64496 
             16.6997  1.84603 0.823501 -4.92529   3.45157 -0.232538   1.82851 0 0 0   -0.011 -0.02329  0.04412  0.00736037   0.0187074 0.000184511 -0.00235355 0.000782784 -0.00321079 -0.00547278   0.0170957 -0.00706385   4.63369 -0.113405   -8.6448 
                16.8  1.87625 0.823291 -4.90356   3.44984 -0.234902   1.82656 0 0 0   -0.011 -0.02329  0.04412 -0.000532026   0.00156205  -0.00488236 -0.00235071   0.0007833  -0.0032134 -0.00579677   0.0179044  -0.0070552   4.63299 -0.113289  -8.64518 
             16.8998  1.90832 0.904471 -4.81881   3.44726 -0.237162   1.82638 0 0 0   -0.011 -0.02329  0.04412 -0.00857677   -0.013769 -0.00259991 -0.00236252  0.00070248 -0.00327889 -0.00581846   0.0185251 -0.00737649    4.6325 -0.113181  -8.64544 
             16.9997  1.83229 0.905062 -4.88611   3.44507 -0.238706   1.82581 0 0 0   -0.011 -0.02329  0.04412  -0.0115388  -0.0111002 -0.00272211 -0.00231728  0.00070287  -0.0032342  -0.0058107   0.0188811 -0.00746964   4.63224 -0.113067  -8.64558 
                17.1  1.81882 0.899776 -4.85316   3.44375 -0.235561   1.82305 0 0 0   -0.011 -0.02329  0.04412  -0.0102744   0.0102441 -0.00981741 -0.00233782 0.000707751  -0.0032815 -0.00533433   0.0186546 -0.00677241   4.63264 -0.112522  -8.64537 
             17.1998  1.84842  0.83346 -4.92633     3.447 -0.237221   1.82588 0 0 0   -0.011 -0.02329  0.04412 0.00123363 0.00368686 0.00129052 -0.00234793 0.000772176 -0.00321075 -0.00595634   0.0180246 -0.00739468   4.63281 -0.113493  -8.64527 
             17.2997  1.87578 0.824934 -4.89952   3.44654 -0.237781   1.82649 0 0 0   -0.011 -0.02329  0.04412 -0.00120718 -0.00648617  0.00330663 -0.00234454 0.000782429 -0.00321998 -0.00595561   0.0181315 -0.00753241   4.63272 -0.113509  -8.64531 
                17.4  1.88976 0.859159   -4.891   3.44874 -0.236223   1.82637 0 0 0   -0.011 -0.02329  0.04412  0.00551319 -0.00199992  0.00211814 -0.00236267 0.000750569 -0.00322926 -0.00606138   0.0177068 -0.00727656   4.63301 -0.113646  -8.64516 
             17.4998  1.87979 0.855926 -4.91466   3.45213 -0.231942   1.83005 0 0 0   -0.011 -0.02329  0.04412 0.0143611 0.0204465 0.0125586  -0.0023877 0.000753659 -0.00323164 -0.00566473   0.0167386 -0.00747149   4.63385 -0.113851  -8.64471 
             17.5997  1.82826 0.958643   -4.894   3.45017 -0.238523   1.82803 0 0 0   -0.011 -0.02329  0.04412 0.00761836 0.00018846 0.00393852 -0.00234001 0.000658775 -0.00325231  -0.0065709   0.0182165 -0.00759942   4.63243 -0.113931  -8.64547 
                17.7  1.86568 0.853713  -4.8878   3.45225 -0.235385   1.83403 0 0 0   -0.011 -0.02329  0.04412 0.00914064 0.00419481  0.0217519 -0.00234823 0.000755587  -0.0032426  -0.0058984   0.0173002 -0.00817936   4.63329 -0.114093    -8.645 
             17.7998  1.88695 0.871362 -4.83919   3.44709 -0.235282   1.82884 0 0 0   -0.011 -0.02329  0.04412 -0.00864832 -0.00275367 0.000903507 -0.00235888 0.000739302 -0.00327884 -0.00567549    0.018606 -0.00725697   4.63251 -0.112995  -8.64544 
             17.8997  1.83856 0.839844 -4.90561   3.44066 -0.233057   1.82952 0 0 0   -0.011 -0.02329  0.04412  -0.024748  0.0122402 0.00342884 -0.00234438 0.000769435 -0.00324025 -0.00472147   0.0191586 -0.00743542   4.63245 -0.112183  -8.64548 
                  18  1.82123 0.876368 -4.91157   3.44483 -0.233068   1.83145 0 0 0   -0.011 -0.02329  0.04412 -0.00441984   0.0159186  0.00808911 -0.00234645 0.000734409 -0.00324586 -0.00555942   0.0183037 -0.00752751   4.63275 -0.113155  -8.64531 
             18.0998  1.82544 0.870168 -4.86761   3.44303 -0.234933   1.82973 0 0 0   -0.011 -0.02329  0.04412 -0.00841823 0.000839327 0.000963056 -0.00232583 0.000738607 -0.00326944 -0.00591952   0.0188844 -0.00734783   4.63221 -0.113095  -8.64559 
             18.1997  1.88404 0.865971 -4.86926   3.44789 -0.236677   1.82659 0 0 0   -0.011 -0.02329  0.04412 0.00765937 -0.0116268 -0.0086705 -0.00236496 0.000743983 -0.00325698 -0.00705102    0.018531 -0.00678877    4.6321 -0.113788  -8.64565 
                18.3  1.85656 0.849419 -4.89611   3.44845 -0.234737   1.82859 0 0 0   -0.011 -0.02329  0.04412 0.00743968 0.00173854 0.00029557 -0.00236264 0.000761686 -0.00324974  -0.0065712   0.0181949 -0.00710686   4.63249 -0.113722  -8.64544 
             18.3998  1.87138 0.826742 -4.92204   3.44953 -0.231575   1.82472 0 0 0   -0.011 -0.02329  0.04412 0.00936994  0.0191423 -0.0121554   -0.002399 0.000780547 -0.00324563 -0.00645585   0.0180667 -0.00628752   4.63269 -0.113338  -8.64534 
             18.4997  1.87732 0.839179 -4.88614    3.4496 -0.232392   1.82403 0 0 0   -0.011 -0.02329  0.04412 0.00660618  0.0105888 -0.0103844 -0.00239015 0.000771611 -0.00327167 -0.00660616    0.018329 -0.00651482   4.63243 -0.113437  -8.64548 
                18.6  1.88507 0.877048 -4.89246   3.44538 -0.233738   1.82925 0 0 0   -0.011 -0.02329  0.04412 -0.00862781 -0.00255193   0.0102789 -0.00237367   0.0007411 -0.00325217 -0.00598932   0.0188314 -0.00779824   4.63218 -0.113356  -8.64561 
             18.6998  1.86877 0.878201 -4.86235   3.44633 -0.233952   1.82967 0 0 0   -0.011 -0.02329  0.04412 -0.00375582 -0.00203503  0.00890024 -0.00237095 0.000738509 -0.00328607 -0.00630095   0.0187074 -0.00768952   4.63217 -0.113576  -8.64561 
             18.7997  1.84423 0.855642 -4.89978    3.4451 -0.235322     1.831 0 0 0   -0.011 -0.02329  0.04412 -0.00600145  0.00149857   0.0102664 -0.00237199 0.000755157 -0.00326959 -0.00636107   0.0189351 -0.00787866  4.63197 -0.11361 -8.64572 
                18.9  1.84902 0.872838 -4.87571   3.44746 -0.233975   1.83204 0 0 0   -0.011 -0.02329  0.04412 0.00280119 0.00694732  0.0108977 -0.00237207 0.000739189  -0.0032899 -0.00648281   0.0184134 -0.00766544   4.63232 -0.113808  -8.64553 
             18.9998  1.87021 0.909306 -4.87538   3.44514 -0.229816   1.82844 0 0 0   -0.011 -0.02329  0.04412  -0.0040645   0.0118043 -0.00171021 -0.00236838 0.000706539 -0.00327678 -0.00594967   0.0186329 -0.00679047   4.63242 -0.112972  -8.64549 
             19.0997  1.90162 0.812338 -4.90951   3.44856 -0.233489   1.82766 0 0 0   -0.011 -0.02329  0.04412   0.0056634 -0.00571575 -0.00419063 -0.00238796 0.000790553  -0.0032495 -0.00709153   0.0186893 -0.00692713   4.63196 -0.113805  -8.64572 
                19.2  1.84635  0.88115 -4.90257    3.4466 -0.236484    1.8282 0 0 0   -0.011 -0.02329  0.04412 -4.93247e-05  -0.00826688 -0.000720086 -0.00236186  0.00073072 -0.00326689 -0.00711412   0.0192506 -0.00734095   4.63152 -0.113783  -8.64596 
             19.2998  1.82217 0.871633 -4.90692   3.44561 -0.235896   1.82936 0 0 0   -0.011 -0.02329  0.04412 -0.00187359  0.00160418  0.00326871 -0.00235558 0.000740812 -0.00327068 -0.00675603     0.01916 -0.00745545    4.6317 -0.113618  -8.64586 
             19.3997  1.84487 0.856618 -4.93046   3.44469 -0.237429   1.82974 0 0 0   -0.011 -0.02329  0.04412 -0.00413579 -0.00452735  0.00370114  -0.0023662 0.000756985 -0.00324365 -0.00683984   0.0193521 -0.00755584   4.63153 -0.113645  -8.64595 
                19.5  1.88874 0.866248  -4.8649   3.44837 -0.234591   1.82728 0 0 0   -0.011 -0.02329  0.04412  0.00753761 0.000984919 -0.00460263 -0.00239124 0.000749337 -0.00329219 -0.00704972   0.0186892 -0.00678623   4.63198 -0.113719  -8.64571 
             19.5998  1.87186 0.890582 -4.89293   3.44373 -0.234354   1.82456 0 0 0   -0.011 -0.02329  0.04412 -0.00732905  0.00333705  -0.0103927 -0.00238877 0.000729876 -0.00327643 -0.00659804   0.0194988 -0.00664068   4.63157 -0.113029  -8.64594 
             19.6997  1.84989 0.855827 -4.87525  3.44559 -0.23177  1.82676 0 0 0   -0.011 -0.02329  0.04412 -0.000226412    0.0156347 -0.000660594 -0.00239083  0.00075845 -0.00330323 -0.00645329   0.0188262 -0.00690617  4.63209  -0.1133 -8.64566 
                19.8  1.85265 0.873592 -4.87985   3.44607 -0.233685   1.82588 0 0 0   -0.011 -0.02329  0.04412  0.00146036  0.00585047 -0.00276012 -0.00238845 0.000744809 -0.00329765 -0.00691674   0.0190896 -0.00694775  4.63173 -0.11354 -8.64584 
             19.8998  1.86215  0.85482 -4.89341   3.44952 -0.236202   1.83078 0 0 0   -0.011 -0.02329  0.04412    0.009934 -0.00554716   0.0128236 -0.00237602 0.000762266 -0.00327727 -0.00737022   0.0187243 -0.00778597   4.63178 -0.114354  -8.64581 
             19.9997  1.85066 0.890652  -4.9043   3.44831 -0.234342   1.83339 0 0 0   -0.011 -0.02329  0.04412  0.00345935 0.000490826   0.0183515 -0.00236746 0.000734793 -0.00326645 -0.00681186   0.0187452 -0.00792192   4.63195 -0.114015  -8.64572 
                20.1  1.84371 0.840618 -4.89996   3.44846 -0.234301   1.83405 0 0 0   -0.011 -0.02329  0.04412 0.00327885 0.00447723  0.0150506 -0.00238284 0.000776819 -0.00328061  -0.0068997   0.0188699 -0.00779088   4.63184 -0.113974  -8.64578 
             20.1998  1.84579 0.866526 -4.90955   3.44725 -0.236372   1.83369 0 0 0   -0.011 -0.02329  0.04412 0.000350719 0.000445601  0.00948207 -0.00238972 0.000759659 -0.00327756 -0.00710417   0.0193633 -0.00770329   4.63142 -0.113894  -8.64601 
             20.2997  1.86177  0.88485 -4.89016   3.44511 -0.239088   1.83112 0 0 0   -0.011 -0.02329  0.04412  -0.00471908   -0.0101875 -0.000730086  -0.0023953 0.000742984 -0.00328739 -0.00732518   0.0200054 -0.00738832   4.63091 -0.113675  -8.64629 
                20.4  1.86322 0.837484  -4.8713   3.44855 -0.235897   1.82992 0 0 0   -0.011 -0.02329  0.04412   0.00545888 -0.000481595   -0.0035852 -0.00238726 0.000783673 -0.00330025 -0.00734662   0.0192408 -0.00687417   4.63148 -0.113756  -8.64598 
             20.4998 1.84748 0.89623 -4.9114   3.44275 -0.236776   1.82604 0 0 0   -0.011 -0.02329  0.04412   -0.0120142 -0.000205118   -0.0130689 -0.00239215 0.000736926 -0.00327561 -0.00698522    0.020264 -0.00662495   4.63089 -0.113021  -8.64631 
             20.5997   1.8371 0.824841 -4.90533   3.44627 -0.234353   1.82577 0 0 0   -0.011 -0.02329  0.04412 0.00135589  0.0126985 -0.0105641 -0.00239693 0.000795045 -0.00329098 -0.00717561   0.0194428 -0.00649754   4.63142 -0.113401  -8.64602 
                20.7  1.84922 0.876206 -4.91081   3.43755 -0.236313   1.82597 0 0 0   -0.011 -0.02329  0.04412  -0.0240128  0.00441912 -0.00551204 -0.00239822 0.000753064  -0.0032801 -0.00647788   0.0206351 -0.00707818   4.63076 -0.112723  -8.64637 
             20.7998   1.8633 0.881147 -4.87155   3.44055 -0.235915   1.82883 0 0 0   -0.011 -0.02329  0.04412 -0.00887629 0.000891187  0.00545461 -0.00239268 0.000747714 -0.00330586 -0.00687995   0.0198572 -0.00739287  4.63116 -0.11342 -8.64615 
             20.8997   1.8279  0.92866 -4.87312   3.43869 -0.236567   1.83053 0 0 0   -0.011 -0.02329  0.04412  -0.0106119 -0.00144435   0.0100667 -0.00236944 0.000710527 -0.00330868  -0.0068295   0.0200375 -0.00765265   4.63104 -0.113428  -8.64622 
                  21  1.83876 0.897192 -4.89253   3.43919 -0.233358   1.82963 0 0 0   -0.011 -0.02329  0.04412 -0.00573143   0.0127265  0.00462425 -0.00239781 0.000737772 -0.00330442 -0.00673337   0.0196857 -0.00716118   4.63135 -0.113281  -8.64605 
             21.0998  1.81489 0.905361 -4.92031   3.44008 -0.232314   1.82853 0 0 0   -0.011 -0.02329  0.04412 -0.000638229    0.0149316  0.000440963 -0.00237969 0.000732183 -0.00328274 -0.00696759   0.0196119  -0.0068968   4.63134 -0.113357  -8.64606 
             21.1997  1.86796 0.858232 -4.90176   3.44291 -0.232802   1.83152 0 0 0   -0.011 -0.02329  0.04412  0.0073383 0.00590284 0.00972063 -0.00240998  0.00077062 -0.00329292 -0.00733334   0.0193114 -0.00732673  4.63141  -0.1139 -8.64601 
                21.3  1.87298 0.881519 -4.88579   3.44418 -0.234461   1.83079 0 0 0   -0.011 -0.02329  0.04412  0.00951293 -0.00322294  0.00509807 -0.00240815 0.000749731 -0.00330419  -0.007754  0.0195627 -0.0072155    4.6311 -0.114054  -8.64618 
             21.3998  1.85176 0.858623 -4.88306   3.44779 -0.233827   1.83178 0 0 0   -0.011 -0.02329  0.04412  0.0178268 0.00276298 0.00640684 -0.00240281 0.000767851 -0.00331507 -0.00796003   0.0192071 -0.00718173   4.63128 -0.114309  -8.64608 
             21.4997  1.81196 0.896346 -4.89695   3.44434 -0.234436    1.8309 0 0 0   -0.011 -0.02329  0.04412 0.00446645 0.00503269 0.00252572 -0.00237981 0.000738963 -0.00330849 -0.00757587   0.0199212 -0.00715543    4.6309 -0.113779  -8.64629 
                21.6  1.84304 0.814322 -4.88599   3.44637 -0.233123   1.83353 0 0 0   -0.011 -0.02329  0.04412 0.00786529 0.00751665 0.00946732 -0.00240031 0.000806573 -0.00331529 -0.00752453   0.0195213 -0.00737398   4.63119 -0.113977  -8.64613 
             21.6998  1.85398 0.874944 -4.87115   3.44549 -0.239648    1.8313 0 0 0   -0.011 -0.02329  0.04412  0.00346286  -0.0168554 0.000519389 -0.00240301 0.000757925 -0.00332235 -0.00829225   0.0204772  -0.0073695   4.63026 -0.114172  -8.64662 
             21.7997  1.84604 0.847092 -4.89419   3.44835 -0.237448     1.831 0 0 0   -0.011 -0.02329  0.04412    0.0101726  -0.00353338 -0.000387226 -0.00240478 0.000779543 -0.00330942 -0.00817902   0.0199226 -0.00705771   4.63071 -0.114156  -8.64638 
                21.9  1.85245 0.833973 -4.91574   3.44752 -0.236622    1.8319 0 0 0   -0.011 -0.02329  0.04412 0.00443767 0.00410942  0.0028893 -0.00242341 0.000791404 -0.00330011  -0.0078223   0.0199807 -0.00717773   4.63078 -0.113938  -8.64635 
             21.9998  1.85975 0.862282 -4.90017    3.4453 -0.234434   1.83127 0 0 0   -0.011 -0.02329  0.04412 -0.00290103   0.0103232  0.00103718  -0.0024281  0.00076764 -0.00331044   -0.007356    0.020125 -0.00700863   4.63083 -0.113495  -8.64633 
             22.0997  1.85141 0.830312 -4.90066   3.44318 -0.233709   1.83075 0 0 0   -0.011 -0.02329  0.04412  -0.00883962   0.00734223 -0.000437682 -0.00241038 0.000792467 -0.00330585   -0.007222   0.0203615 -0.00698566   4.63071 -0.113311   -8.6464 
                22.2  1.86652 0.851595 -4.89374   3.44407 -0.236089   1.83074 0 0 0   -0.011 -0.02329  0.04412  -0.00349104  -0.00351905 -0.000202206 -0.00241924  0.00077405 -0.00331061 -0.00775489   0.0204804 -0.00712655   4.63045 -0.113697  -8.64653 
             22.2998  1.82818 0.881188 -4.88936   3.44177 -0.237063   1.82958 0 0 0   -0.011 -0.02329  0.04412 -0.00772625 -0.00228387 -0.00319636 -0.00239603 0.000749706 -0.00332033 -0.00770299   0.0208258 -0.00707493   4.63022 -0.113521  -8.64665 
             22.3997  1.79338 0.926944 -4.89317   3.43815 -0.239619   1.83073 0 0 0   -0.011 -0.02329  0.04412  -0.0141793 -0.00578489  0.00225818 -0.00237369 0.000713936 -0.00332003 -0.00759236   0.0212593 -0.00746688   4.62993 -0.113457  -8.64681 
                22.5  1.85214 0.859192 -4.88759   3.44509 -0.236752   1.82912 0 0 0   -0.011 -0.02329  0.04412  0.00940278  0.00389615 -0.00389248 -0.00241458  0.00077003  -0.0033232 -0.00815666    0.020158 -0.00679611   4.63056 -0.113944  -8.64647 
             22.5998  1.89081 0.856331 -4.89379   3.44637 -0.231487   1.82817 0 0 0   -0.011 -0.02329  0.04412   0.0100986   0.0170704 -0.00517442 -0.00244335 0.000772314 -0.00331767 -0.00771548   0.0197255 -0.00645075  4.63102 -0.11364 -8.64622 
             22.6997  1.85468 0.859272 -4.91627   3.44621 -0.227412   1.82938 0 0 0   -0.011 -0.02329  0.04412  0.00665757   0.0265474 0.000481715 -0.00242186 0.000770604 -0.00330676 -0.00730412   0.0195969 -0.00660166   4.63124 -0.113462  -8.64611 
                22.8   1.8367 0.911303 -4.90876   3.44374 -0.229659   1.82944 0 0 0   -0.011 -0.02329  0.04412   -0.00107   0.015393 0.00130851 -0.00241899 0.000729307  -0.0033166 -0.00748734    0.020341 -0.00693981  4.63064 -0.11348 -8.64643 
             22.8998  1.83918 0.871559 -4.91128   3.44627 -0.234238   1.83196 0 0 0   -0.011 -0.02329  0.04412  0.00621784 -0.00213295  0.00857578 -0.00242086 0.000760896 -0.00331567 -0.00826134   0.0204775  -0.0074958   4.63027 -0.114196  -8.64662 
             22.9997  1.87382 0.898465 -4.90351   3.44194 -0.236204   1.83099 0 0 0   -0.011 -0.02329  0.04412 -0.00739649  -0.0102621   0.0044185 -0.00244329 0.000740969 -0.00331668 -0.00799797   0.0211929 -0.00746196   4.62985 -0.113763  -8.64685 
                23.1  1.83734 0.868005 -4.91983   3.43849 -0.234975   1.82842 0 0 0   -0.011 -0.02329  0.04412  -0.0146956 -0.00315356 -0.00406075 -0.00242087 0.000766115 -0.00330633 -0.00765376   0.0214332 -0.00703595   4.62981 -0.113271  -8.64688 
             23.1998   1.8605 0.899251 -4.91607   3.43996 -0.234523   1.82636 0 0 0   -0.011 -0.02329  0.04412 -0.00469787  0.00182672 -0.00866075 -0.00244764 0.000740988 -0.00331467  -0.0079637   0.0211723 -0.00671244   4.62991 -0.113436  -8.64682 
             23.2997  1.84054 0.832209 -4.90276   3.44285 -0.233065    1.8292 0 0 0   -0.011 -0.02329  0.04412  0.0044253 0.00809142 0.00214299   -0.002433 0.000793658 -0.00332947 -0.00801903   0.0205625 -0.00704376   4.63031 -0.113813   -8.6466 
                23.4  1.86185   0.8747 -4.90184   3.44565 -0.234722   1.83063 0 0 0   -0.011 -0.02329  0.04412    0.0116975 -0.000423994    0.0062444  -0.0024459 0.000760401 -0.00332665 -0.00843864   0.0204773 -0.00725358   4.63023 -0.114214  -8.64664 
             23.4998  1.87658 0.913569 -4.88211   3.44019 -0.231073   1.83276 0 0 0   -0.011 -0.02329  0.04412 -0.00648473  0.00948597   0.0122931 -0.00245435 0.000732638 -0.00334039 -0.00734193   0.0207624 -0.00742782  4.63036 -0.11344 -8.64658 
             23.5997  1.85775 0.908692 -4.87186   3.43849 -0.234428   1.83026 0 0 0   -0.011 -0.02329  0.04412 -0.00895022 -0.00144148  0.00163893 -0.00244887 0.000737704 -0.00335446 -0.00784918   0.0214128 -0.00719234   4.62976 -0.113479   -8.6469 
                23.7  1.85206 0.853714 -4.92561   3.44208 -0.234686   1.83221 0 0 0   -0.011 -0.02329  0.04412 0.00364162 0.00184837 0.00691471 -0.00245702 0.000781658  -0.0033199 -0.00823859   0.0209144 -0.00731846   4.62998 -0.113958  -8.64678 
             23.7998  1.84477 0.857675 -4.89173   3.44253 -0.236643   1.83094 0 0 0   -0.011 -0.02329  0.04412  0.00353964 -0.00466944  0.00136367 -0.00244332 0.000776724 -0.00334378 -0.00851557   0.0211411 -0.00715105   4.62975 -0.114005   -8.6469 
             23.8997 1.85426 0.86722 -4.8869   3.44249 -0.236147   1.83006 0 0 0   -0.011 -0.02329  0.04412  0.00183924 -0.00435079 -0.00128758 -0.00244529 0.000768635  -0.0033427 -0.00841769   0.0211427 -0.00697815   4.62979 -0.113866  -8.64688 
                  24  1.85054 0.889877 -4.87215   3.44421 -0.237519   1.83071 0 0 0   -0.011 -0.02329  0.04412  0.00704133 -0.00718063  0.00153178 -0.00244931 0.000751395 -0.00335656 -0.00864545    0.021081 -0.00710117   4.62976 -0.114092   -8.6469 
             24.0998  1.84821 0.897396 -4.90503   3.44219 -0.236791   1.83138 0 0 0   -0.011 -0.02329  0.04412 0.000325038 1.64224e-05  0.00390337 -0.00245966 0.000745735 -0.00333875 -0.00822882   0.0212117 -0.00717001   4.62978 -0.113794  -8.64689 
             24.1997  1.87004 0.908825 -4.90912   3.44313 -0.232638    1.8328 0 0 0   -0.011 -0.02329  0.04412 0.00380667  0.0136739 0.00761949 -0.00246758 0.000736135  -0.0033346 -0.00786676   0.0207373 -0.00706736   4.63023 -0.113652  -8.64665 
                24.3  1.87583 0.888817 -4.88278   3.44365 -0.229166   1.82852 0 0 0   -0.011 -0.02329  0.04412  0.00501314    0.018229 -0.00719915 -0.00246399 0.000751572 -0.00335218  -0.0078806   0.0207364 -0.00630646  4.63025 -0.11335 -8.64664 
             24.3998    1.861 0.896046 -4.90464   3.44553 -0.233045   1.82918 0 0 0   -0.011 -0.02329  0.04412  0.00978247 0.000927365 -0.00280904 -0.00244995 0.000747462 -0.00333517 -0.00852778   0.0210486 -0.00673444   4.62983 -0.113868  -8.64686 
             24.4997  1.85507  0.89015 -4.88214   3.44555 -0.232034   1.83042 0 0 0   -0.011 -0.02329  0.04412 0.00737156 0.00603323 0.00215201 -0.00245342 0.000751724 -0.00335708 -0.00830269   0.0210161   -0.006913  4.62991  -0.1138 -8.64682 
                24.6  1.82204 0.880219 -4.89668   3.44362 -0.234037   1.83244 0 0 0   -0.011 -0.02329  0.04412 2.84742e-05  0.00161527  0.00824323 -0.00242978 0.000757885 -0.00335002 -0.00821521   0.0214084 -0.00732915   4.62965 -0.113791  -8.64696 
             24.6998  1.86185 0.857568 -4.88377   3.44479 -0.236794   1.83287 0 0 0   -0.011 -0.02329  0.04412   0.0029122 -0.00763328  0.00728426 -0.00245865 0.000775117 -0.00335946 -0.00860135   0.0215356 -0.00737395   4.62945 -0.114032  -8.64706 
             24.7997  1.82178 0.897118 -4.90673    3.4394 -0.238602   1.82561 0 0 0   -0.011 -0.02329  0.04412 -0.0122399 -0.0115754 -0.0157591 -0.00242847 0.000746762 -0.00334183 -0.00847256   0.0224594 -0.00654989   4.62887 -0.113331  -8.64738 
                24.9   1.8484 0.845972 -4.87521  3.44127 -0.23386  1.82756 0 0 0   -0.011 -0.02329  0.04412 -0.00374954  0.00686033 -0.00521461 -0.00245483 0.000783574 -0.00337193 -0.00809609   0.0215788 -0.00665475   4.62959 -0.113381    -8.647 
             24.9998  1.81706  0.86822 -4.93353   3.44148 -0.234298   1.82998 0 0 0   -0.011 -0.02329  0.04412 -0.00190386  0.00638492  0.00427289 -0.00243857 0.000768007 -0.00333093 -0.00814912   0.0215334 -0.00707284   4.62959 -0.113598  -8.64699 
             25.0996   1.8279 0.859979 -4.89581   3.44126 -0.229981   1.83092 0 0 0   -0.011 -0.02329  0.04412 -0.00143424   0.0187494  0.00630055  -0.0024445 0.000772636 -0.00336034 -0.00777864   0.0212112 -0.00696533   4.62992 -0.113397  -8.64682 
                25.2  1.85319  0.87298 -4.87558   3.44688 -0.234471   1.83259 0 0 0   -0.011 -0.02329  0.04412   0.0156215 -0.00223492  0.00926458 -0.00245767 0.000761535 -0.00337412 -0.00885854   0.0211789 -0.00724261   4.62963 -0.114253  -8.64696 
             25.2998 1.85281 0.87515 -4.9005   3.44703 -0.235256   1.83062 0 0 0   -0.011 -0.02329  0.04412   0.0127024 -0.00456706  0.00107927 -0.00245813 0.000760342 -0.00335602 -0.00890353   0.0214742 -0.00694721   4.62942 -0.114081  -8.64708 
             25.3996  1.84713 0.894024 -4.89342   3.44319 -0.234976   1.82854 0 0 0   -0.011 -0.02329  0.04412 -0.000747798 -0.000402179  -0.00456865 -0.00246223 0.000747706 -0.00336502 -0.00845764   0.0219619 -0.00676172   4.62922 -0.113563  -8.64719 
                25.5  1.82105 0.857043 -4.91788   3.44406 -0.237753   1.83204 0 0 0   -0.011 -0.02329  0.04412  0.00260366 -0.00564295  0.00712478 -0.00244722 0.000775433 -0.00335115 -0.00865072    0.021954 -0.00735909   4.62915 -0.113933  -8.64722 
             25.5998  1.84998 0.852659 -4.89202   3.44309 -0.235733   1.82841 0 0 0   -0.011 -0.02329  0.04412 -0.00120046  0.00128984 -0.00570606 -0.00246597 0.000780745 -0.00337106 -0.00845183   0.0219833 -0.00671329    4.6292 -0.113534   -8.6472 
             25.6996  1.88244 0.879302 -4.91824   3.44452 -0.233425   1.82732 0 0 0   -0.011 -0.02329  0.04412  0.0033504 0.00718115  -0.006844 -0.00248431 0.000759677 -0.00335056 -0.00841659   0.0216853 -0.00650296   4.62943 -0.113512  -8.64708 
                25.8  1.88643 0.841946 -4.89599   3.44644 -0.232422   1.82943 0 0 0   -0.011 -0.02329  0.04412 0.00702607  0.0088092 0.00155916 -0.00249243 0.000785585 -0.00337069 -0.00844408   0.0214302 -0.00680518   4.62958 -0.113723  -8.64699 
             25.8998  1.88975 0.874551 -4.93338   3.44186 -0.234962    1.8246 0 0 0   -0.011 -0.02329  0.04412  -0.00760132 -4.18271e-06   -0.0127866 -0.00250345  0.00076321 -0.00334559  -0.0084373   0.0223529 -0.00646273   4.62896 -0.113318  -8.64733 
             25.9996   1.8481 0.866697  -4.9039   3.44347 -0.238227   1.82716 0 0 0   -0.011 -0.02329  0.04412 -0.00099016 -0.00881293 -0.00104916 -0.00247233 0.000767119 -0.00336762 -0.00879041   0.0222659 -0.00702069    4.6289 -0.113801  -8.64736 
                26.1  1.86881 0.923027 -4.86197   3.43947 -0.232826   1.82419 0 0 0   -0.011 -0.02329  0.04412  -0.0115427  0.00835239 -0.00772894 -0.00248569 0.000724801 -0.00339454 -0.00794619   0.0221979 -0.00645935    4.6292 -0.113032  -8.64721 
             26.1998  1.87492 0.840668 -4.88991  3.44437 -0.23249  1.83262 0 0 0   -0.011 -0.02329  0.04412   0.169218 -0.0807065   0.139537 -0.00249275  0.00078822 -0.00337614 -0.0079386   0.021653 -0.0070745   4.62955 -0.113427  -8.64701 
             26.2996  1.85953 0.220286 -5.19855   3.47562 -0.244996   1.85907 0 0 0   -0.011 -0.02329  0.04412  0.465985 -0.110469  0.325418 -0.00248626 0.000810193  -0.0033563 -0.00779318   0.0218486 -0.00736705  4.62945 -0.11339 -8.64707 
                26.4    2.60382 -0.0639374   -5.39971   3.54547 -0.252565   1.89342 0 0 0   -0.011 -0.02329  0.04412  0.616178 0.0949569  0.344727  -0.0025057 0.000808492  -0.0033602 -0.00881763   0.0214995 -0.00779852   4.62938 -0.114353  -8.64709 
             26.4998  2.34095 0.922303 -5.37681  3.60202 -0.25731  1.91856 0 0 0   -0.011 -0.02329  0.04412  0.443158 -0.077549  0.190204 -0.00245191  0.00065974 -0.00336502 -0.00982818    0.021287   -0.007519   4.62928 -0.115035  -8.64714 
             26.5996  2.15049  1.01822 -5.25627   3.60752 -0.256652   1.92649 0 0 0   -0.011 -0.02329  0.04412  -0.177764 -0.0711576 -0.0500733  -0.0024844 0.000720546 -0.00337911 -0.00933732   0.0215813 -0.00789887   4.62916 -0.114694  -8.64721 
                26.7  1.49387  0.70559 -5.77433   3.58765 -0.259703   1.91997 0 0 0   -0.011 -0.02329  0.04412 -0.0473457 -0.0713323  0.0787494 -0.00238276 0.000867526 -0.00334747 -0.00832536   0.0227428 -0.00705637   4.62892 -0.113228  -8.64735 
             26.7998   2.10265 -0.542271  -5.62032  3.62406 -0.27415  1.93638 0 0 0   -0.011 -0.02329  0.04412  0.719275 -0.178868  0.242032 -0.00250657 0.000789906 -0.00338248 -0.00861248   0.0224712 -0.00619624   4.62908 -0.113267  -8.64727 
             26.8996   3.15194 -0.131418  -6.43148   3.68173 -0.275059   1.96826 0 0 0   -0.011 -0.02329  0.04412  0.651222 0.0568907  0.305546 -0.00251052 0.000725944 -0.00330732 -0.00808365   0.0235496  -0.0065887   4.62857 -0.112482  -8.64756 
                  27   1.75851 0.0382421  -7.11074   3.73923 -0.282502   1.98617 0 0 0   -0.011 -0.02329  0.04412  0.471181 -0.107722   0.20141 -0.00235812 0.000752284 -0.00330933 -0.00857059   0.0229426 -0.00491374   4.62909 -0.112821  -8.64727 
             27.0998  2.65273 0.341193 -6.57693   3.79309 -0.282072   2.01615 0 0 0   -0.011 -0.02329  0.04412  0.464346 0.0281735  0.217515 -0.00252888 0.000783391 -0.00340362 -0.00877303   0.0216315 -0.00632017   4.62941 -0.114006  -8.64708 
             27.1996  1.61645 0.331998 -7.30873    3.8369 -0.295368   2.04256 0 0 0   -0.011 -0.02329  0.04412  0.451004 -0.188606  0.272936 -0.00240245 0.000750473 -0.00332748 -0.00880999   0.0215614 -0.00606314   4.62949 -0.114039  -8.64704 
                27.3   2.88809 -0.308842  -6.52048   3.88473 -0.301614   2.07816 0 0 0   -0.011 -0.02329  0.04412   0.566594 -0.0354856   0.288969 -0.00257595 0.000819548 -0.00341543 -0.00839381   0.0214885 -0.00747598    4.6295 -0.114022  -8.64704 
             27.3998   2.44086 -0.287061  -7.00862    3.9485 -0.313316   2.10933 0 0 0   -0.011 -0.02329  0.04412   0.561262 -0.0498755   0.298704 -0.00244256 0.000775891  -0.0033048  -0.0101363   0.0203307 -0.00802814   4.6289 -0.11596 -8.64733 
             27.4996     2.3945 -0.0328379   -7.07179   4.00124 -0.324199   2.13369 0 0 0   -0.011 -0.02329  0.04412   0.558836 -0.0771186   0.278625 -0.00244457 0.000738032 -0.00334008   -0.010136   0.0214174 -0.00757649   4.62846 -0.115131  -8.64757 
                27.6  2.71112 0.208921  -7.0142   4.05217 -0.328005   2.16324 0 0 0   -0.011 -0.02329  0.04412   0.505776 -0.0654988   0.270736 -0.00248348 0.000746223 -0.00332695 -0.00974506   0.0214339 -0.00766286   4.62867 -0.114887  -8.64747 
             27.6998  2.33417 0.205104  -7.3965   4.09277 -0.333069   2.18801 0 0 0   -0.011 -0.02329  0.04412  0.484399 -0.151985  0.283479 -0.00243789  0.00075452 -0.00330214 -0.00795975   0.0228741 -0.00689288   4.62925 -0.112697  -8.64718 
             27.7996   2.7555 0.196814 -7.12868   4.14089 -0.345706   2.21233 0 0 0   -0.011 -0.02329  0.04412   0.478759 -0.0460649   0.248058 -0.00246821 0.000771111 -0.00335966  -0.0085686   0.0242008 -0.00678996   4.62826 -0.112044  -8.64773 
                27.9  2.76381 0.726406 -7.27969  4.18858 -0.34812  2.23549 0 0 0   -0.011 -0.02329  0.04412    0.367534 -0.00651402    0.182162 -0.00245542 0.000687854 -0.00333906 -0.00853612   0.0242362 -0.00669643   4.62828 -0.111989  -8.64771 
             27.9998 2.30167 1.16481  -6.774   4.21383 -0.341069   2.24988 0 0 0   -0.011 -0.02329  0.04412  0.111354  0.234799 0.0597187 -0.00240226 0.000703483 -0.00337269 -0.00891977   0.0236989 -0.00727924   4.62815 -0.112686  -8.64778 
             28.0996  1.07398  1.22138 -3.95191   4.20653 -0.324984   2.24907 0 0 0   -0.011 -0.02329  0.04412   -0.23557   0.014021 -0.0921203 -0.00234978 0.000726792 -0.00349988 -0.00861329   0.0235176 -0.00743894   4.62839 -0.112695  -8.64765 
                28.2  -1.13463   1.01793 -0.955425  4.19293 -0.32379  2.24035 0 0 0   -0.011 -0.02329  0.04412 0.00864631  -0.118351 0.00772537 -0.00233059 0.000729815 -0.00355575  -0.0089027     0.02345 -0.00713686   4.62832 -0.112822  -8.64768 
             28.2998   -1.3044  0.379786 -0.565073   4.18832 -0.317299   2.24333 0 0 0   -0.011 -0.02329  0.04412 0.0215713 0.0665457 0.0156772 -0.00253625 0.000774881 -0.00341097  -0.0080083    0.023416 -0.00744601    4.6285 -0.112172   -8.6476 
             28.3996 -1.51386 0.471117 -1.04041   4.19631 -0.321679    2.2421 0 0 0   -0.011 -0.02329  0.04412 0.00851915   0.109541 -0.0114772 -0.00250409 0.000730323 -0.00334058 -0.00884734   0.0233911 -0.00686187   4.62873 -0.112359  -8.64747 
                28.5 -0.468117  0.519664 -0.509454   4.20517 -0.326229   2.23604 0 0 0   -0.011 -0.02329  0.04412   0.0282517  -0.0581294 -0.00618329 -0.00252956 0.000749006  -0.0034017 -0.00911479    0.024072 -0.00562455  4.62958 -0.11266 -8.64701 
             28.5998 -0.768359  0.521819 -0.705142   4.20512 -0.326787   2.23866 0 0 0   -0.011 -0.02329  0.04412   0.0225119  -0.0166545 -0.00220484 -0.00245475 0.000737051  -0.0033641 -0.00855585   0.0243116 -0.00614185   4.62974 -0.112617  -8.64692 
             28.6996  -1.10348  0.529307 -0.931693   4.19984 -0.327767   2.24552 0 0 0   -0.011 -0.02329  0.04412 0.00325068  0.0145556  0.0192376 -0.00247079 0.000740091 -0.00337289 -0.00785903   0.0240712 -0.00722328  4.62948 -0.11272 -8.64706 
                28.8 -0.852896  0.560563 -0.797072   4.19293 -0.328242   2.24326 0 0 0   -0.011 -0.02329  0.04412  -0.0240748 -0.00930978  0.00969773 -0.00251333 0.000713306 -0.00339033 -0.00732077   0.0227833 -0.00682857   4.62909 -0.113971  -8.64726 
             28.8998 -0.807517  0.469961 -0.735323  4.20275 -0.32216  2.24922 0 0 0   -0.011 -0.02329  0.04412  0.234613 0.0303353  0.180748 -0.00251274  0.00073899 -0.00340289 -0.00788827    0.022702 -0.00680305   4.62881 -0.113716  -8.64741 
             28.9996  -1.35943 0.0542094 -0.833287   4.25058 -0.321805   2.27488 0 0 0   -0.011 -0.02329  0.04412  0.732932 0.0450242  0.336208 -0.00247774 0.000762525  -0.0033814 -0.00831009   0.0231036 -0.00644617   4.62901 -0.113374  -8.64731 
                29.1  -1.24668 -0.171426 -0.678468 4.33018  -0.331 2.31301 0 0 0   -0.011 -0.02329  0.04412  0.666365 -0.101832  0.329087 -0.00251957 0.000770156 -0.00340229 -0.00941873   0.0244575 -0.00655136   4.62936 -0.111882  -8.64714 
             29.1998 0.0285057   0.65703   0.22779   4.39288 -0.319317   2.33812 0 0 0   -0.011 -0.02329  0.04412  0.318015 0.0954114  0.135636 -0.00261127 0.000681469 -0.00344415  -0.0101641   0.0253194 -0.00690931   4.62946 -0.110802   -8.6471 
             29.2996  -1.79855   2.01333 -0.510482   4.39014 -0.324862   2.33947 0 0 0   -0.011 -0.02329  0.04412 -0.072796 0.0645344 -0.035416 -0.00244563 0.000573543 -0.00330521 -0.00976087   0.0246043 -0.00688582    4.6292 -0.111477  -8.64723 
                29.4 -0.270522  0.622903  0.317805   4.38108 -0.325266   2.33597 0 0 0   -0.011 -0.02329  0.04412   0.176975 -0.0779086    0.16373 -0.00261525 0.000858519 -0.00339663 -0.00867656   0.0227141 -0.00616374   4.62877 -0.113527  -8.64743 
             29.4998 -0.813734  0.193897  -0.49434   4.42556 -0.339764   2.35747 0 0 0   -0.011 -0.02329  0.04412  0.756853 -0.115858  0.313075 -0.00247616 0.000747333 -0.00328616  -0.0075725   0.0223488 -0.00514149   4.62937 -0.114781   -8.6471 
             29.5996 8.78687e-05    0.336271   -0.562505   4.48925 -0.332939     2.386 0 0 0   -0.011 -0.02329  0.04412  0.62397 0.075811 0.253131 -0.00260167 0.000699325 -0.00339967  -0.0070158   0.0219318 -0.00466371   4.62952 -0.115539    -8.647 
                29.7 -1.58285  1.20729 -1.44252   4.52597 -0.326872   2.42249 0 0 0   -0.011 -0.02329  0.04412    0.38765 -0.0674662   0.278389 -0.00244512 0.000614395 -0.00330579 -0.00689514   0.0202871 -0.00690117   4.62799 -0.115723  -8.64782 
             29.7998   -1.0505  0.858938 -0.989048   4.57426 -0.330986   2.44848 0 0 0   -0.011 -0.02329  0.04412 0.422641 0.111749 0.275457 -0.00257404 0.000737529 -0.00337877 -0.00686233   0.0209578 -0.00659112    4.6285 -0.115489  -8.64755 
             29.8996 -0.602081   1.07095 -0.856873   4.63224 -0.334154   2.47837 0 0 0   -0.011 -0.02329  0.04412   0.516582 -0.0823849    0.31077 -0.00259647 0.000706636  -0.0033617 -0.00750593   0.0216528 -0.00656688   4.62869 -0.114765  -8.64746 
                  30 -0.320603   1.26923 -0.576296   4.69303 -0.334924   2.50072 0 0 0   -0.011 -0.02329  0.04412 0.483161 0.020054 0.261327   -0.002557 0.000696399 -0.00338744 -0.00812662    0.022378 -0.00552408    4.6292 -0.114579  -8.64719 
             30.0998 -1.13615  1.50111 -1.27437  4.74109 -0.34017  2.53189 0 0 0   -0.011 -0.02329  0.04412    0.51542 -0.0352361   0.270569 -0.00250853 0.000657894 -0.00336027 -0.00779876   0.0222845 -0.00608666   4.62912 -0.114501  -8.64723 
             30.1996 -0.295218   1.25549 -0.958526    4.7913 -0.335169    2.5548 0 0 0   -0.011 -0.02329  0.04412  0.563638 0.0101299  0.239416 -0.00260477 0.000739164 -0.00342042  -0.0079882   0.0213684 -0.00581392   4.62852 -0.115011  -8.64754 
                30.3 -1.10019  1.38716 -1.39488   4.84791 -0.333206   2.58115 0 0 0   -0.011 -0.02329  0.04412   0.570911 -0.0623838    0.29608 -0.00248171 0.000701963 -0.00337653  -0.0083809     0.02165 -0.00595597   4.62853 -0.114593  -8.64754 
             30.3998 -1.39863  1.40585 -1.42851   4.90079 -0.335106   2.60746 0 0 0   -0.011 -0.02329  0.04412  0.547251 0.0692953  0.245426 -0.00248562 0.000692053 -0.00339543 -0.00895835   0.0211326 -0.00604404   4.62798 -0.114489  -8.64784 
             30.4996 -0.439637   1.57763  -1.15994   4.94694 -0.328523   2.62762 0 0 0   -0.011 -0.02329  0.04412   0.527546 0.00290732   0.237201 -0.00263047 0.000700059 -0.00340514 -0.00831754   0.0200771 -0.00558717    4.6276 -0.115574  -8.64803 
                30.6 -1.45605  1.58852 -1.74548   5.00673 -0.326283    2.6543 0 0 0   -0.011 -0.02329  0.04412  0.545311 0.0582138  0.268506 -0.00253557 0.000689327 -0.00337462 -0.00891568   0.0206999   -0.005683   4.62779 -0.114957  -8.64794 
             30.6998 -1.41067  1.80581 -1.86287   5.05976 -0.323805   2.68339 0 0 0   -0.011 -0.02329  0.04412    0.55673 -0.0110096   0.300911 -0.00263605 0.000741291 -0.00338793 -0.00886392   0.0210833 -0.00597079     4.628 -0.114603  -8.64783 
             30.7996  -1.6916  1.76369 -1.97602   5.11359 -0.328165   2.71504 0 0 0   -0.011 -0.02329  0.04412    0.556163 -0.00821474    0.290102 -0.00261685 0.000752196 -0.00337765  -0.0090364   0.0211922 -0.00616401   4.62798 -0.114332  -8.64784 
                30.9 -0.830091    1.9081  -1.55075   5.15614 -0.330878   2.74092 0 0 0   -0.011 -0.02329  0.04412  0.524935 -0.047329  0.284918 -0.00271819 0.000750216 -0.00341386 -0.00779288   0.0209102 -0.00564153   4.62823 -0.115359   -8.6477 
             30.9998 -1.57986  1.80731 -2.03057   5.20375 -0.335787   2.76891 0 0 0   -0.011 -0.02329  0.04412  0.472909 -0.101838  0.289902 -0.00258343 0.000721439 -0.00331908 -0.00792494   0.0208282 -0.00554207   4.62817 -0.115437  -8.64773 
             31.0996 -1.17982  1.40729 -1.76741   5.25667 -0.335514   2.79024 0 0 0   -0.011 -0.02329  0.04412 0.503287 0.171946 0.225413 -0.00265454 0.000763984 -0.00338594  -0.0084954   0.0203014 -0.00515722   4.62777 -0.115803  -8.64794 
                31.2 -0.943481   1.63669  -1.89571   5.30439 -0.333369   2.81587 0 0 0   -0.011 -0.02329  0.04412  0.482331 -0.176903  0.285787 -0.00266207 0.000709927 -0.00338401 -0.00872953   0.0198977  -0.0053469  4.62741 -0.11568 -8.64813 
             31.2998 -1.06392  1.27447 -1.87707  5.35049 -0.33238  2.84875 0 0 0   -0.011 -0.02329  0.04412  0.461307 0.0359081  0.266018 -0.00264874 0.000725971 -0.00338454 -0.00828317   0.0203982 -0.00591341  4.62773 -0.11515 -8.64797 
             31.3996 -1.52633   1.0514 -2.31167   5.40999 -0.336747   2.87069 0 0 0   -0.011 -0.02329  0.04412  0.568585 0.0668955  0.242556 -0.00258745 0.000775358 -0.00336603 -0.00946614   0.0205157 -0.00529441   4.6277 -0.11525 -8.64798 
                31.5 -0.679736  0.970822  -1.99324   5.45643 -0.335552   2.89852 0 0 0   -0.011 -0.02329  0.04412   0.461963 -0.0486819   0.263731  -0.0026857 0.000753006 -0.00339614 -0.00872289   0.0205681   -0.005504  4.62781 -0.11534 -8.64792 
             31.5998 -1.21281 0.492469 -2.33793   5.50081 -0.335309   2.92209 0 0 0   -0.011 -0.02329  0.04412  0.500623 -0.072206  0.280337  -0.0026223 0.000784585 -0.00337263 -0.00806629   0.0202217 -0.00536145   4.62768 -0.115811  -8.64798 
             31.6996 -1.70109 0.540538 -2.69334   5.55615 -0.346856   2.94817 0 0 0   -0.011 -0.02329  0.04412  0.528974 0.0538527  0.254284 -0.00257634 0.000716262 -0.00338232 -0.00837422   0.0201469 -0.00495608   4.62773 -0.116016  -8.64795 
                31.8 -0.325986  0.662257   -2.0272   5.61192 -0.347152    2.9812 0 0 0   -0.011 -0.02329  0.04412  0.436674 -0.113934  0.271109 -0.00268998 0.000780897 -0.00343939 -0.00899225   0.0209895 -0.00554948   4.62811 -0.115142  -8.64777 
             31.8998 -0.854137  0.530522  -2.48895   5.65476 -0.348095    3.0109 0 0 0   -0.011 -0.02329  0.04412   0.482846 -0.0299126   0.263215 -0.00261836 0.000730006 -0.00338984 -0.00853769   0.0208227 -0.00598052   4.62783 -0.115032  -8.64792 
             31.9996 -0.801047  0.385746  -2.79534   5.71079 -0.339329     3.034 0 0 0   -0.011 -0.02329  0.04412  0.542863 0.0528179  0.302791 -0.00264442 0.000747489 -0.00336896 -0.00936561   0.0202861 -0.00543688   4.62774 -0.115111  -8.64796 
                32.1   -1.50079 -0.0319627    -2.9787   5.75375 -0.345552   3.05695 0 0 0   -0.011 -0.02329  0.04412 0.408388 0.029983 0.230082 -0.00258292 0.000743107 -0.00342314  -0.0090558   0.0200305 -0.00495462   4.62767 -0.115591  -8.64799 
             32.1998 -0.506417 -0.357703  -2.66716   5.80328 -0.340704   3.08431 0 0 0   -0.011 -0.02329  0.04412  0.528212 -0.114985  0.311786 -0.00267209 0.000782624 -0.00341442 -0.00866981   0.0202575 -0.00539485   4.62758 -0.115432  -8.64804 
             32.2996    -1.636 -0.129825  -3.41479  5.85246 -0.35056   3.1186 0 0 0   -0.011 -0.02329  0.04412 0.516118 0.034524 0.277243 -0.00260009 0.000713835 -0.00337241 -0.00848098   0.0209088 -0.00600885   4.62766 -0.115119    -8.648 
                32.4 -0.816991 -0.255977  -2.79945  5.90171 -0.35498  3.14756 0 0 0   -0.011 -0.02329  0.04412   0.473184 -0.0791782   0.297662 -0.00263301 0.000725306 -0.00342899 -0.00845419   0.0209742 -0.00587802   4.62775 -0.115237  -8.64796 
             32.4998 -0.819118 -0.231348  -3.04157   5.94673 -0.362136   3.17487 0 0 0   -0.011 -0.02329  0.04412   0.471194 -0.0915784   0.298833 -0.00261605  0.00074607 -0.00336965 -0.00801973   0.0211707   -0.005647   4.62777 -0.115572  -8.64794 
             32.5996  -1.05837 -0.347597  -3.06117   5.99701 -0.373887   3.20295 0 0 0   -0.011 -0.02329  0.04412   0.436635 -0.0454283   0.279633 -0.00261631 0.000735832 -0.00338228 -0.00817863   0.0209603 -0.00525504   4.62793 -0.115791  -8.64785 
                32.7 -0.0156047   -0.51682   -2.54934   6.04464 -0.380923   3.23347 0 0 0   -0.011 -0.02329  0.04412  0.494348 -0.162175  0.314516 -0.00265942 0.000759038 -0.00343964 -0.00841947   0.0211096 -0.00541199   4.62805 -0.115647  -8.64779 
             32.7998 -0.162979 -0.891349  -2.61998  6.09209 -0.37386   3.2597 0 0 0   -0.011 -0.02329  0.04412 0.556616 0.157511  0.24407 -0.00260735 0.000790193 -0.00338614 -0.00829577   0.0202067  -0.0056642   4.62743 -0.115312  -8.64812 
             32.8996 -0.0607076  -0.647177   -2.89661   6.15083 -0.366004   3.28515 0 0 0   -0.011 -0.02329  0.04412   0.506832 -0.0725812   0.296952 -0.00261905 0.000734538 -0.00338103 -0.00875861   0.0197406 -0.00523128   4.62766 -0.115254    -8.648 
                  33 -0.566257 -0.370758  -3.14544   6.20225 -0.369213   3.31219 0 0 0   -0.011 -0.02329  0.04412 0.513936 0.103147 0.265632 -0.00258807 0.000783704 -0.00340605 -0.00871914   0.0197347 -0.00486429   4.62781 -0.115416  -8.64792 
             33.0998 0.0632411 -0.271036  -3.12022   6.25185 -0.370946   3.33658 0 0 0   -0.011 -0.02329  0.04412   0.465182 -0.0869326   0.287751 -0.00265487 0.000762005  -0.0033862 -0.00858421   0.0199927 -0.00454556   4.62798 -0.115672  -8.64783 
             33.1996 -0.393626 -0.716266  -3.37127   6.30236 -0.372243   3.36122 0 0 0   -0.011 -0.02329  0.04412   0.513394 0.00827424   0.250653 -0.00260438 0.000846182 -0.00339597 -0.00851039   0.0199809 -0.00439325   4.62799 -0.115751  -8.64782 
                33.3 -0.558972  -0.48721  -3.68199   6.34419 -0.381988   3.39643 0 0 0   -0.011 -0.02329  0.04412   0.469233 -0.0746455   0.280954 -0.00256867 0.000754478 -0.00334772 -0.0078274  0.0209217 -0.0057682    4.6273 -0.115548  -8.64819 
             33.3998 -0.294075 -0.378597   -3.4177  6.39146 -0.38492  3.42769 0 0 0   -0.011 -0.02329  0.04412   0.501046 -0.0271653   0.282251  -0.0026138 0.000754458 -0.00340117 -0.00799419   0.0209062 -0.00601388   4.62731 -0.115407  -8.64819 
             33.4996 -0.208067 -0.405441  -3.47606   6.44716 -0.395711   3.46135 0 0 0   -0.011 -0.02329  0.04412   0.478049 -0.0800659   0.309487 -0.00260157 0.000718609 -0.00340758 -0.00855951   0.0210832 -0.00631049   4.62759 -0.115377  -8.64804 
                33.6  0.491711 -0.467439  -3.06845   6.49684 -0.398663   3.48867 0 0 0   -0.011 -0.02329  0.04412  0.525263 -0.068574  0.316586 -0.00261526  0.00071772  -0.0034206 -0.00844001   0.0210504 -0.00598196   4.62762 -0.115537  -8.64802 
             33.6998 0.0219319 -0.129589  -3.60621    6.5483 -0.405264   3.51766 0 0 0   -0.011 -0.02329  0.04412  0.470721 0.0215265  0.278214 -0.00255773 0.000662676  -0.0033465 -0.00851202    0.021095 -0.00584329    4.6277 -0.115644  -8.64798 
             33.7996  0.466425 -0.523399  -3.39208   6.59952 -0.401045   3.54518 0 0 0   -0.011 -0.02329  0.04412   0.466611 -0.0374411   0.308184 -0.00260605 0.000800522 -0.00338826 -0.00870255   0.0205318  -0.0056127   4.62786 -0.115527  -8.64789 
                33.9  0.177264 -0.329148  -3.84295   6.65487 -0.407933   3.57132 0 0 0   -0.011 -0.02329  0.04412   0.521636 -0.0750804   0.288837 -0.00259481 0.000719684 -0.00336723  -0.0091017   0.0204599 -0.00507211   4.62817 -0.115791  -8.64772 
             33.9998  0.459997 -0.481509  -3.83236   6.69995 -0.414308   3.60195 0 0 0   -0.011 -0.02329  0.04412   0.492248 -0.0283556   0.296143 -0.00260802 0.000769377 -0.00340929 -0.00886614   0.0206531 -0.00534191   4.62798 -0.115707  -8.64783 
             34.0996  0.693034 -0.686923  -3.68027   6.75358 -0.419777   3.63099 0 0 0   -0.011 -0.02329  0.04412  0.632133 0.0109852  0.266823 -0.00260181 0.000762075 -0.00340943 -0.00889001   0.0208053 -0.00544498   4.62793 -0.115749  -8.64785 
                34.2  0.838051 -0.571528  -3.93822   6.81237 -0.424721   3.65836 0 0 0   -0.011 -0.02329  0.04412   0.614676 -0.0393332   0.279889 -0.00262555 0.000760771 -0.00339666 -0.00899239   0.0207566 -0.00512513   4.62807 -0.115863  -8.64778 
             34.2998   0.84678 -0.226058  -3.85985   6.86502 -0.426934   3.68249 0 0 0   -0.011 -0.02329  0.04412  0.504089 -0.105326  0.273884 -0.00259951 0.000704772 -0.00339226 -0.00861069    0.020481 -0.00454879  4.62814 -0.11568 -8.64774 
             34.3996  0.903976 0.0777052  -3.90995  6.91357 -0.43546   3.7078 0 0 0   -0.011 -0.02329  0.04412   0.523686 -0.0678369   0.281583 -0.00258417 0.000711977 -0.00340176 -0.00844137   0.0209448 -0.00458545  4.62787 -0.11569 -8.64789 
                34.5 0.857844 0.230794 -3.86606   6.94827 -0.437162   3.73063 0 0 0   -0.011 -0.02329  0.04412  0.217066 0.0948709  0.139048 -0.00255778 0.000730083 -0.00340997 -0.00783417   0.0211298 -0.00512356   4.62751 -0.115277  -8.64808 
             34.5998   0.9768 0.982341 -2.07847   6.95223 -0.424423   3.73502 0 0 0   -0.011 -0.02329  0.04412 -0.0521699   0.197471 -0.0280048 -0.00258283 0.000676687  -0.0035184 -0.00781565   0.0215255 -0.00531575  4.62729 -0.11534  -8.6482 
             34.6996 -1.40417 0.717321  1.22755   6.93835 -0.411452   3.72526 0 0 0   -0.011 -0.02329  0.04412 -0.0751125    0.10248 -0.0475426 -0.00242879 0.000735874 -0.00361708 -0.00803663   0.0211835 -0.00492105  4.62747 -0.11527  -8.6481 
                34.8   -2.5825 0.0800347   3.65912   6.93341 -0.404847   3.71881 0 0 0   -0.011 -0.02329  0.04412  0.00258728 4.89951e-05   -0.012437 -0.00250599  0.00078238 -0.00361288 -0.00810261    0.020466 -0.00461571   4.62704 -0.115157  -8.64834 
             34.8998 -1.97805 0.242487  2.79347   6.93795 -0.409399   3.72104 0 0 0   -0.011 -0.02329  0.04412  -0.155583   0.102576 -0.0685921 -0.00265463 0.000734895 -0.00336644 -0.00759928   0.0219849 -0.00442468   4.62831 -0.114607  -8.64766 
             34.9996 -1.87673 0.751862  3.36638   6.92312 -0.395551    3.7147 0 0 0   -0.011 -0.02329  0.04412 -0.229878  0.294454 -0.150049 -0.00258628 0.000689526 -0.00347508 -0.00629949   0.0241434 -0.00389916   4.63035 -0.113596  -8.64659 
                35.1 -4.29345 0.498645  7.56651   6.89068 -0.354794   3.69847 0 0 0   -0.011 -0.02329  0.04412 -0.330556   0.21417 -0.163552  -0.0024372 0.000753073 -0.00370315 -0.00735635   0.0251326 -0.00477656  4.62977 -0.11218 -8.64692 
             35.1998 -9.89831 0.563207  13.3403   6.84556 -0.330979   3.68752 0 0 0   -0.011 -0.02329  0.04412   -0.35713   0.266019 -0.0894678 -0.00225317 0.000738276 -0.00383119 -0.00999486    0.019436 -0.00717283   4.62514 -0.116189  -8.64934 
             35.2996 -11.3474  1.36293  19.8169  6.80075 -0.30232  3.66879 0 0 0   -0.011 -0.02329  0.04412  -0.378177  0.0723336 -0.0754827 -0.00257649 0.000792526 -0.00387952  -0.0123803   0.0132717 -0.00832047   4.62136 -0.121346  -8.65129 
                35.4 -15.2095  2.76615  25.4602    6.7637 -0.286309   3.64782 0 0 0   -0.011 -0.02329  0.04412 -0.385108  0.375499 -0.197254 -0.00248422 0.000647679 -0.00389088  -0.0113606  0.00904186 -0.00681602   4.62191 -0.125732  -8.65093 
             35.4998 -16.5156  4.25049  32.3757    6.7253 -0.252522   3.61979 0 0 0   -0.011 -0.02329  0.04412 -0.287145 0.0885563 -0.126954 -0.00273868 0.000856734 -0.00397585   -0.015856  0.00815773 -0.00806687   4.61787 -0.125815  -8.65309 
             35.5996 -21.1681  6.32498  37.5746   6.67664 -0.255486    3.6024 0 0 0   -0.011 -0.02329  0.04412 -0.531913 0.0297329 -0.155618 -0.00256303 0.000578754 -0.00393662  -0.00301308  -0.00407614 -0.000980725   4.62894 -0.139776  -8.64696 
                35.7 -22.7951  8.15699  43.1649   6.62858 -0.260128   3.58693 0 0 0   -0.011 -0.02329  0.04412 -0.483395  0.052128 -0.167766 -0.00296036 0.000659148  -0.0040105 -0.00772573  -0.0100513 -0.00289489   4.62387 -0.145047  -8.64958 
             35.7998 -24.4878   9.8282  49.7301   6.60803 -0.254845   3.57327 0 0 0   -0.011 -0.02329  0.04412  -0.163302 -0.0636405  0.0131756 -0.00299458 0.000826726 -0.00407621 -0.00956338    0.019588 -0.00211081   4.62579 -0.115631    -8.649 
             35.8996 -27.5791  12.4487  54.0632   6.58661 -0.249217   3.55715 0 0 0   -0.011 -0.02329  0.04412  -0.225325   0.222583 -0.0995407 -0.00318979 0.000602938 -0.00401659 -0.00507591  0.00790971  0.00195016   4.62981 -0.127618  -8.64668 
                  36 -28.2584  14.0598  57.1682   6.58998 -0.220587   3.55214 0 0 0   -0.011 -0.02329  0.04412   0.17524  0.451404 0.0723818 -0.00332576 0.000547667 -0.00390316 0.00378835  0.0116526 0.00811058   4.63946 -0.124792  -8.64155 
             36.0998 -29.1684  14.5634  58.4506   6.61225 -0.199048   3.55717 0 0 0   -0.011 -0.02329  0.04412 0.0886938 0.0128424 0.0565361 -0.00338067  0.00059268  -0.0038076 0.0130502 0.0104459 0.0140432    4.6489 -0.126829  -8.63644 
             36.1996 -28.495  15.418 58.1911   6.62294 -0.207916   3.55499 0 0 0   -0.011 -0.02329  0.04412  0.107435 -0.191877 0.0489454   -0.003451 0.000565396 -0.00375643  0.016913 0.0168162 0.0170328  4.65356 -0.12088 -8.63401 
                36.3 -28.9617   14.745  57.9481   6.61823 -0.218486   3.54877 0 0 0   -0.011 -0.02329  0.04412 0.0831067 0.0613133 0.0120192 -0.00344448 0.000554983 -0.00374298 0.00499347 0.00229474  0.0106778   4.64077 -0.134192   -8.6407 
             36.3998 -28.8817  14.3293  58.4858   6.63197 -0.187128   3.55359 0 0 0   -0.011 -0.02329  0.04412  0.189875  0.443162 0.0946544 -0.00346305 0.000617438 -0.00377698 -0.00830393   0.0106123  0.00357946   4.62824 -0.124885  -8.64756 
             36.4996 -28.9376  14.2899  58.4985   6.65079 -0.118617   3.56535 0 0 0   -0.011 -0.02329  0.04412 0.322522 0.700883 0.106623 -0.00344034 0.000580904 -0.00374894  -0.0249816  0.00673228 -0.00618408   4.61115 -0.127332  -8.65665 
                36.6 -28.704 15.1818 58.3939    6.66715 -0.0497197    3.57771 0 0 0   -0.011 -0.02329  0.04412  0.146738  0.508961 0.0754583 -0.00346184 0.000545596 -0.00374865 -0.0393317  0.0151712 -0.0145198   4.59728 -0.117813  -8.66416 
             36.6998 -29.1462  14.7669  58.2407     6.67583 -0.00328093     3.59036 0 0 0   -0.011 -0.02329  0.04412 0.164063  0.41659 0.121332 -0.00342123 0.000580436 -0.00371181 -0.0491005 0.00849291 -0.0203181   4.58691 -0.123589  -8.66957 
             36.7996 -28.3991  14.5439  58.7822   6.69312 0.0519838   3.60103 0 0 0   -0.011 -0.02329  0.04412 0.233102 0.622449  0.13304 -0.00342948 0.000627343 -0.00376242 -0.0502582  0.0107682 -0.0212452    4.5858 -0.121244  -8.67019 
                36.9 -28.9763  14.6475  58.2823  6.71017 0.112359  3.61727 0 0 0   -0.011 -0.02329  0.04412  0.112259  0.547403 0.0740512 -0.00337067 0.000525483  -0.0037136 -0.0517569  0.0117305 -0.0226063   4.58414 -0.120166  -8.67108 
             36.9998 -28.7336  15.3179  57.9478 6.72037 0.16611 3.63164 0 0 0   -0.011 -0.02329  0.04412 0.170327 0.482915 0.197448  -0.0033932 0.000427617 -0.00375574 -0.0563464  0.0129177 -0.0254171   4.57954 -0.118605  -8.67354 
             37.0996 -28.7227  14.6996  58.4136  6.74297 0.212803  3.64397 0 0 0   -0.011 -0.02329  0.04412  0.184545  0.593317 0.0927049 -0.00343858  0.00055146 -0.00377836 -0.0479545  0.0100804 -0.0201629   4.58796 -0.122122  -8.66904 
                37.2 -28.3698  15.0671  58.4229   6.7668 0.270733  3.64984 0 0 0   -0.011 -0.02329  0.04412   0.1769 0.488501 0.117962 -0.00345683 0.000478776 -0.00377243 -0.046097 0.0117903 -0.018344   4.59027 -0.120595  -8.66784 
             37.2998 -28.7853  15.0972  58.0657  6.78412 0.322379  3.65643 0 0 0   -0.011 -0.02329  0.04412 0.145949 0.475614 0.108465 -0.00339291 0.000605354  -0.0037275 -0.0504737 0.00983148 -0.0203645   4.58593 -0.122155  -8.67011 
             37.3996 -28.437 15.1829 58.3092  6.80789 0.377558  3.66887 0 0 0   -0.011 -0.02329  0.04412 0.239901 0.539323 0.101739 -0.00344407 0.000543245 -0.00376226 -0.0519459  0.0152426 -0.0211396   4.58487 -0.116692  -8.67074 
                37.5 -28.1427  14.9608  58.3937  6.82881 0.437567  3.67522 0 0 0   -0.011 -0.02329  0.04412  0.216671   0.53214 0.0842943 -0.00339956 0.000715834 -0.00373556 -0.0542768  0.0203495 -0.0220388   4.58309 -0.111457  -8.67176 
             37.5998 -29.0309  15.0578   57.741  6.83797 0.489338  3.68526 0 0 0   -0.011 -0.02329  0.04412 0.198357 0.583267 0.085978 -0.00335641 0.000546086 -0.00370842 -0.0574403  0.0113588 -0.0244138   4.57902 -0.120041  -8.67379 
             37.6996 -28.752 15.3015 57.8255  6.85734 0.538937  3.69767 0 0 0   -0.011 -0.02329  0.04412  0.153495  0.480398 0.0898392 -0.00341694 0.000524728 -0.00375941 -0.0556977  0.0120944 -0.0235193   4.58078 -0.119466  -8.67287 
                37.8 -28.4245  14.8754  58.1949  6.87861 0.587819  3.71045 0 0 0   -0.011 -0.02329  0.04412 0.236131 0.476629 0.146075 -0.00344406 0.000637643  -0.0037592 -0.0579242   0.016152 -0.0244946   4.57896 -0.115275  -8.67388 
             37.8998 -27.9371  14.5932  58.4688  6.89592 0.642833   3.7157 0 0 0   -0.011 -0.02329  0.04412  0.165804  0.506798 0.0825481 -0.00345888 0.000655689 -0.00376257 -0.0587421  0.0172255 -0.0246126   4.57837 -0.114149  -8.67421 
             37.9996 -29.0044  14.5406  57.6375  6.91536 0.703242  3.72599 0 0 0   -0.011 -0.02329  0.04412  0.141408  0.579166 0.0632051 -0.00339807 0.000539053 -0.00370451 -0.0616013  0.0138944 -0.0266502   4.57509 -0.117174  -8.67591 
                38.1 -28.075  15.261 57.7622  6.93096 0.758153  3.73193 0 0 0   -0.011 -0.02329  0.04412  0.134365  0.415076 0.0742516 -0.00347224   0.0004772 -0.00375688 -0.0621951  0.0143352 -0.0270716   4.57449 -0.116686  -8.67623 
             38.1998 -28.8718  15.2985  57.4404  6.93282 0.788171   3.7343 0 0 0   -0.011 -0.02329  0.04412  0.0390962 -0.0735142  0.0456339 -0.00335375 0.000572535 -0.00372715 -0.0663775   0.013232 -0.0296942   4.57011 -0.117397  -8.67852 
             38.2996 -29.0549  15.0982  57.4875  6.92571 0.776416  3.72907 0 0 0   -0.011 -0.02329  0.04412  -0.045123 -0.0989077 -0.0371983 -0.00340875 0.000725878 -0.00373136 -0.0669249 0.00988538 -0.0299045   4.56936 -0.120644  -8.67888 
                38.4 -29.1833  14.6035  57.0492 6.93632 0.76027 3.74411 0 0 0   -0.011 -0.02329  0.04412    0.29098 -0.0812993   0.180616 -0.00338277  0.00062424 -0.00370792 -0.0633103  0.0103836 -0.0286345  4.57268 -0.12047 -8.67713 
             38.4998 -27.6449    12.36  54.3971  6.98136 0.769408  3.77026 0 0 0   -0.011 -0.02329  0.04412  0.564396 0.0239463  0.305634 -0.00352697 0.000658366 -0.00354506  -0.065411   0.014608 -0.0298308    4.5709 -0.116123  -8.67813 
             38.5996 -25.0548  9.89218  48.1473   7.0281 0.778742  3.79629 0 0 0   -0.011 -0.02329  0.04412   0.253599 -0.0447035   0.180485 -0.00360475 0.000737272 -0.00331292 -0.0663937  0.0226768 -0.0304014   4.57054 -0.108093  -8.67842 
                38.7 -23.174  8.3728 43.6558 7.04967 0.78179 3.80849 0 0 0   -0.011 -0.02329  0.04412 -0.0597828 -0.0543267 -0.0192133 -0.00350806 0.000710241 -0.00340957  -0.070301  0.0255306 -0.0323935   4.56697 -0.104881  -8.68034 
             38.7998 -21.5478  8.25991  42.5575 7.03433 0.78477 3.79633 0 0 0   -0.011 -0.02329  0.04412  0.0886382 -0.0886465  0.0671013 -0.00343766 0.000602239 -0.00360147 -0.0709872  0.0213362 -0.0325466   4.56599 -0.108928   -8.6808 
             38.8996 -23.9774  7.72766  42.5241  7.02634 0.787732  3.79701 0 0 0   -0.011 -0.02329  0.04412  -0.115707  0.0803301 -0.0801919  -0.0032151 0.000820245 -0.00365095 -0.0755302   0.019077 -0.0355185   4.56106 -0.110497  -8.68337 
                  39 -22.9238  7.90485  43.2022  7.03783 0.792788  3.80139 0 0 0   -0.011 -0.02329  0.04412  0.119713 0.0885186 0.0996767 -0.00340552 0.000816081 -0.00372708 -0.0751827  0.0237993 -0.0348371   4.56218 -0.105944  -8.68285 
             39.0998 -22.5296   7.9102  43.0167  7.05039 0.807927  3.80774 0 0 0   -0.011 -0.02329  0.04412 0.274396 0.409068 0.150352 -0.00331057 0.000649085 -0.00366409 -0.0715396  0.0209269 -0.0327846    4.5654 -0.109359  -8.68111 
             39.1996 -22.8777  7.24043  42.8713   7.0909 0.858021  3.82575 0 0 0   -0.011 -0.02329  0.04412 0.176766 0.368859  0.10874 -0.00333724 0.000729986  -0.0036882 -0.0714075  0.0233477 -0.0326981   4.56586 -0.107027  -8.68089 
                39.3 -23.0635  8.69986  42.1307  7.11768 0.888021  3.83699 0 0 0   -0.011 -0.02329  0.04412  0.0171306 -0.0472948  0.0640733 -0.00327673 0.000581643 -0.00368142 -0.0719315  0.0239934 -0.0328938  4.56548 -0.10631  -8.6811 
             39.3998 -22.7452  9.12809  41.4854  7.10058 0.875736  3.82299 0 0 0   -0.011 -0.02329  0.04412 0.0328429 -0.210728 0.0334839 -0.00332408 0.000673964 -0.00360228 -0.0720794   0.019821 -0.0325076   4.56494 -0.110346  -8.68134 
             39.4996 -23.7672  7.59315  42.1371  7.09882 0.868167  3.82349 0 0 0   -0.011 -0.02329  0.04412 -0.0845169  0.0484772 -0.0369567 -0.00325434 0.000898092 -0.00370472 -0.0733962  0.0208352  -0.033308   4.56376 -0.109128  -8.68197 
                39.6 -22.7921   6.9996  42.4143  7.11333 0.896158  3.84715 0 0 0   -0.011 -0.02329  0.04412  0.30974  0.39938 0.207578 -0.00345415 0.000960117 -0.00369195   -0.07797  0.0241075 -0.0370714   4.55922 -0.105103  -8.68441 
             39.6998 -22.102 7.27336 42.5314  7.16411 0.945497  3.86774 0 0 0   -0.011 -0.02329  0.04412 0.487233 0.584069  0.22978 -0.00333332 0.000629154 -0.00369989  -0.075386  0.0257334 -0.0352824   4.56214 -0.103998  -8.68289 
             39.7996 -22.0011  8.67215  42.0293  7.19918 0.993445  3.88484 0 0 0   -0.011 -0.02329  0.04412 0.426093  0.48195 0.171739 -0.00333509 0.000552695 -0.00368393 -0.0753283  0.0249616 -0.0348577   4.56225 -0.104768  -8.68282 
                39.9 -22.5548  8.38799  41.7097 7.23029 1.03957 3.89986 0 0 0   -0.011 -0.02329  0.04412 0.316945 0.381895 0.178893 -0.00326516 0.000603847 -0.00367197 -0.0767233  0.0259596 -0.0354593    4.5611 -0.103556  -8.68344 
             39.9998 -22.8706  7.86354  41.5325 7.26839 1.07949 3.92576 0 0 0   -0.011 -0.02329  0.04412 0.334939 0.440408 0.188288 -0.00326882 0.000735539 -0.00362377 -0.0770116  0.0281515 -0.0360149   4.56097 -0.101367  -8.68353 
             40.0996 -21.8506   7.8638  41.9545 7.30189 1.12614  3.9489 0 0 0   -0.011 -0.02329  0.04412 0.327607 0.429778 0.210778 -0.00340342 0.000757882 -0.00366087  -0.077038  0.0277104 -0.0365254   4.56067 -0.101767  -8.68369 
                40.2 -22.0526  8.34991  41.5014 7.33304 1.16935 3.96572 0 0 0   -0.011 -0.02329  0.04412 0.381516 0.415635 0.204394 -0.00332673 0.000568468 -0.00364898 -0.0766781  0.0268463 -0.0360815     4.561 -0.102681   -8.6835 
             40.2998 -22.5261  8.04479  41.2283 7.36976 1.21403 3.98804 0 0 0   -0.011 -0.02329  0.04412 0.307224 0.516414 0.154729 -0.00328396 0.000711421 -0.00362936  -0.077313  0.0276556 -0.0365411   4.56045 -0.101775   -8.6838 
             40.3996 -21.8877   8.0402  41.2784 7.39782 1.26352 4.00348 0 0 0   -0.011 -0.02329  0.04412 0.372772 0.436899 0.221339  -0.0033716 0.000750187 -0.00362872 -0.0792069  0.0266985 -0.0376023   4.55845 -0.102344  -8.68484 
                40.5 -22.5912  7.85034  41.1618 7.44075 1.30092  4.0203 0 0 0   -0.011 -0.02329  0.04412 0.339335 0.392306 0.151275 -0.00322466 0.000718778 -0.00362325 -0.0764778  0.0273617 -0.0356103   4.56142 -0.102246  -8.68329 
             40.5998 -22.6579  7.80124  40.6407  7.4866 1.33858 4.04826 0 0 0   -0.011 -0.02329  0.04412 0.493932 0.191872  0.29117 -0.00318189 0.000787742 -0.00358042 -0.0770889  0.0301065 -0.0364259    4.56104 -0.0994554   -8.68352 
             40.6996 -21.8412  7.51023  38.5438 7.52347 1.34856 4.06273 0 0 0   -0.011 -0.02329  0.04412   0.308874 0.00809684   0.117236 -0.00320731 0.000714952 -0.00349607 -0.0778689  0.0289264 -0.0364238   4.56028 -0.100467  -8.68391 
                40.8 -19.3012  5.63564  33.2598 7.54826 1.34173 4.06563 0 0 0   -0.011 -0.02329  0.04412  0.242599 -0.169175  0.091924 -0.00335684  0.00070804 -0.00333948 -0.0804116  0.0253196 -0.0370474   4.55758 -0.103478  -8.68529 
             40.8998 -16.5336  4.11672  28.8704 7.56327 1.32719  4.0771 0 0 0   -0.011 -0.02329  0.04412 -0.00820458  -0.0825474  -0.0224626 -0.00328615 0.000742378 -0.00334118 -0.0782246  0.0266281 -0.0365804    4.5596 -0.102651  -8.68424 
             40.9996 -15.9342   4.0657  27.6804 7.55534 1.32822 4.08007 0 0 0   -0.011 -0.02329  0.04412  0.156788 -0.122879 0.0961818 -0.00315561 0.000635816  -0.0035205 -0.0779558  0.0258817 -0.0375113   4.55924 -0.103334  -8.68442 
                41.1 -17.2886  3.33209  26.3296 7.58127  1.3093 4.09769 0 0 0   -0.011 -0.02329  0.04412 0.342793 -0.16328 0.163739 -0.00300669 0.000674039  -0.0035183 -0.0785205  0.0260827 -0.0376312   4.55883 -0.102992  -8.68464 
             41.1998 -13.7217  2.25147  22.5669  7.6171 1.28955 4.12151 0 0 0   -0.011 -0.02329  0.04412  0.244728 -0.247044  0.211621 -0.00330043 0.000728089 -0.00339538 -0.0799579  0.0261627 -0.0389578   4.55728 -0.102322  -8.68546 
             41.2996 -9.55673  1.92973  17.2571 7.64404 1.26989 4.13546 0 0 0   -0.011 -0.02329  0.04412   0.39784 -0.283772  0.250636 -0.00331397  0.00065706 -0.00332467 -0.0795636  0.0264796 -0.0386701   4.55777 -0.102217   -8.6852 
                41.4  -8.3914 0.862412  10.7435  7.6782 1.23388 4.15663 0 0 0   -0.011 -0.02329  0.04412  0.447896 -0.170068  0.192166 -0.00307347 0.000664899 -0.00320905 -0.0793044  0.0277049 -0.0385343   4.55844 -0.101309  -8.68486 
             41.4998 -4.30164 0.527878  5.65525 7.69934 1.20157 4.17166 0 0 0   -0.011 -0.02329  0.04412   0.32046 -0.287504   0.14875 -0.00321733 0.000702809 -0.00331263 -0.0794678  0.0267608 -0.0387026   4.55784 -0.101875  -8.68517 
             41.5996 -0.711839 0.0179751 -0.479918 7.73348 1.16208 4.19162 0 0 0   -0.011 -0.02329  0.04412   0.25885 -0.485855   0.15678 -0.00316409 0.000745252 -0.00319116 -0.0797678  0.0272872 -0.0389257   4.55799 -0.101295   -8.6851 
                41.7  2.49024 0.452553 -7.02816 7.77044 1.11079 4.20672 0 0 0   -0.011 -0.02329  0.04412  0.300884 -0.466391  0.183945 -0.00308157 0.000693142 -0.00315967 -0.0804646  0.0279616 -0.0385531   4.55849 -0.101189  -8.68484 
             41.7998  5.81826  1.57483 -13.0489 7.79124 1.06288 4.21139 0 0 0   -0.011 -0.02329  0.04412  0.220827 -0.452627 0.0663379 -0.00305168 0.000648044  -0.0031723 -0.0804837  0.0278898 -0.0378881   4.55837 -0.101128   -8.6849 
             41.8996 8.64631 2.22587  -18.09 7.82403 1.01967 4.21796 0 0 0   -0.011 -0.02329  0.04412   0.34013 -0.408634  0.152333 -0.00298675 0.000754164 -0.00318642 -0.0811951   0.027669 -0.0374879    4.5584 -0.101578  -8.68488 
             41.9999  9.92112  2.16949 -21.4273  7.85075 0.996135  4.22594 0 0 0   -0.011 -0.02329  0.04412   0.27821  0.101125 0.0775422 -0.00287455 0.000716071 -0.00327842 -0.0802498  0.0289702 -0.0369205   4.55816 -0.100025  -8.68502 
             42.0998  10.8979  2.80949 -21.4634  7.85712 0.995338  4.22935 0 0 0   -0.011 -0.02329  0.04412  -0.134483  -0.118131 -0.0770754 -0.00281318 0.000761567 -0.00341902 -0.0795148  0.0302261 -0.0371678    4.55786 -0.0987759    -8.6852 
             42.1996  10.4516  2.47816 -21.8549 7.84791 1.00229 4.23622 0 0 0   -0.011 -0.02329  0.04412 -0.0703734 -0.0163225 -0.0287843 -0.00278804 0.000738607 -0.00347553 -0.0789641  0.0297713 -0.0384699      4.558 -0.0991948   -8.68512 
             42.2999   9.5369  2.25509 -22.0723  7.85339 0.999732  4.24247 0 0 0   -0.011 -0.02329  0.04412   0.234731 -0.0934737   0.123102 -0.00277228 0.000752806 -0.00347469 -0.0784174  0.0281642 -0.0382812   4.55912 -0.100231  -8.68452 
             42.3998  10.4052  1.83492 -22.1825  7.88434 0.978583  4.26285 0 0 0   -0.011 -0.02329  0.04412  0.418426 -0.153902   0.26301 -0.00285452 0.000771015 -0.00345771 -0.0793319  0.0267761 -0.0388286   4.55891 -0.101896  -8.68461 
             42.4996  10.9842  1.38445 -22.0362 7.93327 0.94651 4.29028 0 0 0   -0.011 -0.02329  0.04412   0.57282 -0.383743  0.328155 -0.00282474 0.000732162 -0.00346807 -0.0795984  0.0290257 -0.0392289   4.55766 -0.100212  -8.68528 
             42.5999 10.9203 2.58527 -22.181  7.98218 0.919247  4.31568 0 0 0   -0.011 -0.02329  0.04412  0.423659 -0.279564  0.243111 -0.00277455 0.000721507 -0.00344352 -0.0806243  0.0301143 -0.0394408    4.55646 -0.0997791   -8.68592 
             42.6998  10.2276  2.60724 -22.7291  8.02786 0.895762  4.33969 0 0 0   -0.011 -0.02329  0.04412  0.394946 -0.232213  0.243071 -0.00277928 0.000705974 -0.00342311 -0.0804274  0.0291976 -0.0389064   4.55716 -0.100351  -8.68554 
             42.7996  10.3564  2.67893 -22.5668  8.07218 0.864305  4.36355 0 0 0   -0.011 -0.02329  0.04412  0.549908 -0.140676  0.292669 -0.00278963 0.000732373 -0.00346772 -0.0805944  0.0289361 -0.0388431   4.55718 -0.100628  -8.68553 
             42.8999  11.6982  2.43803 -22.2128  8.11785 0.840781  4.38568 0 0 0   -0.011 -0.02329  0.04412  0.376323 -0.365451  0.230556 -0.00286083 0.000729901 -0.00347229 -0.0807056  0.0302753 -0.0387723    4.55657 -0.0995374   -8.68586 
             42.9998  10.8713   2.4326 -22.4976  8.16013 0.813804  4.41243 0 0 0   -0.011 -0.02329  0.04412 0.480661 -0.16821 0.233207 -0.00272019 0.000762743 -0.00342661 -0.0818928  0.0305574 -0.0397732   4.55532 -0.100031  -8.68651 
             43.0996  10.5355  2.42403 -22.9042  8.20556 0.788024  4.43987 0 0 0   -0.011 -0.02329  0.04412  0.493051 -0.310203  0.274214 -0.00275207 0.000757526  -0.0034255 -0.0817522  0.0302447  -0.040032   4.55546 -0.100291  -8.68644 
             43.1999  10.7846  2.33235 -22.8687  8.25962 0.764168  4.46585 0 0 0   -0.011 -0.02329  0.04412  0.510613 -0.233136   0.26172 -0.00281385 0.000768537 -0.00346514 -0.0801118  0.0299267 -0.0389367   4.55705 -0.099611  -8.68561 
             43.2998   11.222  2.93766 -22.6346  8.30606 0.746147  4.48654 0 0 0   -0.011 -0.02329  0.04412  0.402166 -0.247183  0.245375  -0.0028106 0.000691974 -0.00347441  -0.079516  0.0307233 -0.0382259    4.55735 -0.0985335   -8.68547 
             43.3996   10.626   2.7277 -22.9945  8.34889 0.719536  4.51562 0 0 0   -0.011 -0.02329  0.04412  0.507564 -0.176725  0.243592 -0.00276056 0.000778441 -0.00345326 -0.0793519  0.0306398 -0.0389075    4.55726 -0.0986847   -8.68551 
             43.4999  11.3814  2.76619 -22.7188  8.39898 0.694663  4.54152 0 0 0   -0.011 -0.02329  0.04412  0.443392 -0.330982  0.263033 -0.00283302 0.000725104 -0.00348246 -0.0800847  0.0309927 -0.0392377    4.55651 -0.0987762    -8.6859 
             43.5998  10.5876  3.38467 -23.0153  8.44507 0.661629  4.56829 0 0 0   -0.011 -0.02329  0.04412  0.514612 -0.287432  0.236447 -0.00272271 0.000688308 -0.00342313 -0.0807517   0.030162  -0.039414    4.55636 -0.0997913   -8.68597 
             43.6996  11.5842  3.11545 -22.4602 8.49172 0.63054 4.59109 0 0 0   -0.011 -0.02329  0.04412  0.470626 -0.312488  0.257032 -0.00281248  0.00073615 -0.00349104 -0.0819437  0.0314098 -0.0399231    4.55488 -0.0993714   -8.68675 
             43.7999  11.1787  3.60723 -22.7489  8.53495 0.601508  4.61504 0 0 0   -0.011 -0.02329  0.04412  0.499426 -0.218353    0.2799 -0.00274769 0.000701099 -0.00343019 -0.0809725   0.032099 -0.0394469    4.55539 -0.0982784    -8.6865 
             43.8998  12.3766  3.80659 -22.0683  8.57918 0.582775  4.63158 0 0 0   -0.011 -0.02329  0.04412  0.404095 -0.218414  0.234703 -0.00286927 0.000698102 -0.00350586 -0.0812248  0.0334446 -0.0388281    4.55488 -0.0971128   -8.68678 
             43.9996  11.4466  3.49001 -22.7006 8.62275 0.55493 4.65487 0 0 0   -0.011 -0.02329  0.04412  0.432533 -0.311362  0.211115 -0.00276307 0.000787504 -0.00343439 -0.0816435  0.0333986 -0.0391501    4.55451 -0.0974039   -8.68697 
             44.0999  11.7174  3.69145 -22.6381   8.6753 0.525098  4.68094 0 0 0   -0.011 -0.02329  0.04412  0.507035 -0.264137  0.218258 -0.00282045 0.000700123 -0.00344596 -0.0820432  0.0320651 -0.0392988    4.55476 -0.0987129   -8.68682 
             44.1998  11.9767  3.69224 -22.5517  8.72601 0.502453  4.70447 0 0 0   -0.011 -0.02329  0.04412  0.500988 -0.263752  0.213154 -0.00280762 0.000715078 -0.00343697 -0.0814914  0.0320158 -0.0391316     4.5552 -0.0984859    -8.6866 
             44.2996  11.6447  3.91187 -22.6385  8.77342 0.479532  4.73265 0 0 0   -0.011 -0.02329  0.04412  0.453413 -0.153626  0.257476 -0.00280071 0.000751352 -0.00346255 -0.0809435  0.0312852 -0.0392489    4.55582 -0.0988997   -8.68627 
             44.3999  12.0658  3.58674 -22.6417  8.81682 0.454569  4.75273 0 0 0   -0.011 -0.02329  0.04412  0.440018 -0.384738  0.260288 -0.00284532  0.00077512 -0.00347432 -0.0815239  0.0322483 -0.0393909    4.55499 -0.0983735   -8.68671 
             44.4998  11.6434  3.78853 -22.8315  8.86169 0.420084  4.77211 0 0 0   -0.011 -0.02329  0.04412  0.495761 -0.143427  0.217462 -0.00281565 0.000759398  -0.0034637  -0.082503  0.0323204 -0.0394111    4.55432 -0.0987156   -8.68705 
             44.5996 12.5897 3.47607 -22.524   8.9045 0.399847  4.79728 0 0 0   -0.011 -0.02329  0.04412  0.401204 -0.288314  0.214618 -0.00281902 0.000771604 -0.00344714 -0.0826666  0.0325671 -0.0398875    4.55394 -0.0987017   -8.68725 
             44.6999  11.7916  3.33027 -22.9092  8.94386 0.375912  4.82245 0 0 0   -0.011 -0.02329  0.04412  0.423062 -0.253801  0.246189 -0.00280795 0.000763249 -0.00346667  -0.082154  0.0330294 -0.0401386    4.55398 -0.0981761   -8.68724 
             44.7998  11.7485  3.22947 -23.2275  8.99159 0.341324  4.85424 0 0 0   -0.011 -0.02329  0.04412  0.512149 -0.289102  0.275617 -0.00276088  0.00072009 -0.00340433 -0.0823469  0.0322505 -0.0409063     4.5539 -0.0990954   -8.68727 
             44.8996  12.7528   3.7592 -22.8258  9.03341 0.319593  4.87883 0 0 0   -0.011 -0.02329  0.04412  0.307424 -0.184114  0.216738 -0.00283805 0.000697139 -0.00346028 -0.0823934  0.0333085 -0.0411628    4.55333 -0.0983036   -8.68758 
             44.9999  11.7575  3.95558 -22.9758  9.05195 0.304694  4.89021 0 0 0   -0.011 -0.02329  0.04412  -0.0380947   0.0764218 -0.00313677 -0.00273817 0.000709334 -0.00345036 -0.0828392   0.032351 -0.0411257    4.55347 -0.0992691    -8.6875 
             45.0998  12.6321  3.56663 -21.7355  9.03862 0.322931    4.872 0 0 0   -0.011 -0.02329  0.04412 -0.314334   0.30395 -0.175536  -0.0028359 0.000716557  -0.0035374 -0.0837845  0.0330135 -0.0403026    4.55289 -0.0989021    -8.6878 
             45.1996  11.4562  2.70498 -18.9311  9.02241 0.374402   4.8583 0 0 0   -0.011 -0.02329  0.04412 -0.0349611   0.263397 -0.0852763 -0.00281085 0.000770631 -0.00367057 -0.0838132  0.0324409 -0.0401303    4.55318 -0.0993413   -8.68765 
             45.2999  6.66689  1.17437 -15.0361  9.01552 0.398143  4.84458 0 0 0   -0.011 -0.02329  0.04412   0.147116  0.0333259 -0.0049805 -0.00259167 0.000739416 -0.00367333  -0.081258  0.0358931 -0.0384103    4.55391 -0.0949932   -8.68731 
             45.3998  6.62347  1.69573 -14.1132   8.9972 0.387358  4.85269 0 0 0   -0.011 -0.02329  0.04412 -0.0392404   0.159823 0.00243369 -0.00286164 0.000606467 -0.00346871 -0.0803534  0.0376981 -0.0401122    4.55301 -0.0936238    -8.6878 
             45.4996  9.16706  1.40492 -13.4071  9.01098 0.388193  4.86248 0 0 0   -0.011 -0.02329  0.04412 -0.0365452  -0.101874 -0.0215994 -0.00304653 0.000633216 -0.00349785 -0.0821593  0.0345203 -0.0412556    4.55314 -0.0972944   -8.68769 
             45.5999  8.02905  1.53266 -14.0839  9.01867 0.390226   4.8591 0 0 0   -0.011 -0.02329  0.04412  0.0343796  0.0341302 -0.0328098 -0.00278334 0.000722685 -0.00348143 -0.0827115  0.0335983 -0.0412487    4.55332 -0.0982573   -8.68758 
             45.6998  7.69128   1.5674 -14.4047  9.01379 0.390289   4.8585 0 0 0   -0.011 -0.02329  0.04412 -0.0428699   0.215055 -0.0506551 -0.00275788 0.000685996 -0.00342867 -0.0831892  0.0337783 -0.0420082    4.55273 -0.0986383   -8.68789 
             45.7996  7.66946   1.1801 -12.4488  9.01239 0.409652  4.85619 0 0 0   -0.011 -0.02329  0.04412 -0.144647  0.204808 -0.119078 -0.00274122 0.000717893 -0.00354395 -0.0839008   0.032194 -0.0422784   4.55317 -0.100197  -8.68764 
             45.8999  5.81668 0.818823 -7.15216  9.00203 0.458902  4.84913 0 0 0   -0.011 -0.02329  0.04412  -0.263217   0.327563 -0.0912911 -0.00275711 0.000695864 -0.00377242 -0.0828478  0.0329072 -0.0423906    4.55324 -0.0991743   -8.68762 
             45.9998 0.183573 0.202832  -3.0139  8.98412 0.467392  4.84423 0 0 0   -0.011 -0.02329  0.04412 -0.00318898    0.210603  -0.0109247  -0.0026482 0.000779481 -0.00365247 -0.0820529   0.032678  -0.042022  4.55384 -0.09871 -8.68731 
             46.0996 0.488883 -0.18953  3.00028  8.97342 0.485971  4.84638 0 0 0   -0.011 -0.02329  0.04412   0.148387 -0.0508693   0.129659 -0.00283487 0.000654827  -0.0036605 -0.0809608  0.0338324   -0.04222     4.5534 -0.0974778   -8.68755 
             46.1999  -1.42632 -0.473751   3.15058   8.9933 0.495819  4.86284 0 0 0   -0.011 -0.02329  0.04412 0.475034 0.120557 0.275836 -0.00285489 0.000717223 -0.00346416 -0.0803461  0.0345719 -0.0421698    4.55295 -0.0967791   -8.68779 
             46.2998  -1.92407 -0.582473    3.6105  9.05222 0.499458  4.89972 0 0 0   -0.011 -0.02329  0.04412  0.652416 0.0587011  0.340043 -0.00287186 0.000642518 -0.00344884 -0.0800801  0.0346117 -0.0423783   4.55286 -0.096693  -8.68784 
             46.3996  -1.20636 -0.085082   3.98226  9.10887 0.501244  4.92831 0 0 0   -0.011 -0.02329  0.04412  0.321651 0.0724886  0.183872 -0.00293832 0.000653978 -0.00346316  -0.080653  0.0347505 -0.0420491    4.55309 -0.0968809   -8.68772 
             46.4999 -1.40666 0.131352  4.42887  9.11577 0.496584  4.93171 0 0 0   -0.011 -0.02329  0.04412  -0.147891 -0.0599061  -0.060322 -0.00286218 0.000632532 -0.00345121 -0.0804961  0.0351168 -0.0417878    4.55295 -0.0970176   -8.68779 
             46.5998 -1.29002 0.517183  4.29934  9.09861 0.500935  4.91907 0 0 0   -0.011 -0.02329  0.04412   -0.101978   -0.103383 -0.00732818 -0.00288489 0.000563509 -0.00340587 -0.0802508   0.034891 -0.0411943    4.55264 -0.0968909   -8.68796 
             46.6996   -2.0517 -0.681104   3.52595  9.10801 0.501808  4.93218 0 0 0   -0.011 -0.02329  0.04412  0.55609 0.081428 0.318918 -0.00285574 0.000678458 -0.00340223 -0.0799023  0.0347366 -0.0409948    4.55239 -0.0969166   -8.68809 
             46.7999 -1.88479 -1.71789  3.89649  9.18033 0.503259  4.96169 0 0 0   -0.011 -0.02329  0.04412   0.57146 -0.014406  0.351548 -0.00292754 0.000652558 -0.00344181 -0.0798087   0.034872 -0.0409004    4.55237 -0.0970218   -8.68809 
             46.8998  -1.71963 -0.193353   4.19867  9.24395 0.501793  5.00349 0 0 0   -0.011 -0.02329  0.04412 0.398249 0.100016 0.248272 -0.00286773 0.000555891 -0.00346241 -0.0799508  0.0351252 -0.0417049    4.55262 -0.0970777   -8.68797 
             46.9996  -1.06439 -0.225487   4.52705  9.28665 0.505409  5.02975 0 0 0   -0.011 -0.02329  0.04412   0.427828 -0.0180565   0.260817 -0.00291912 0.000604421 -0.00343476 -0.0799186  0.0351542 -0.0417172   4.55261 -0.097105  -8.68797 
             47.0999   -1.26063 -0.0708384     4.2777  9.33365 0.512019   5.0522 0 0 0   -0.011 -0.02329  0.04412  0.425796 0.0248845  0.275871 -0.00289664 0.000563944 -0.00342098 -0.0800172  0.0351216 -0.0414009    4.55261 -0.0970568   -8.68797 
             47.1998  -1.79179 0.0505698   3.97262  9.39838 0.520207  5.07411 0 0 0   -0.011 -0.02329  0.04412 0.620901 0.111176 0.269607 -0.00289688 0.000635927 -0.00342873 -0.0806579  0.0350708 -0.0405744    4.55278 -0.0968081   -8.68788 
             47.2996 -1.70412 0.578795  4.12714  9.45802 0.531271  5.09537 0 0 0   -0.011 -0.02329  0.04412  0.641837 0.0725009  0.221327 -0.00291483 0.000598848  -0.0034606 -0.0805449  0.0349051 -0.0402744    4.55265 -0.0967504   -8.68795 
             47.3999 -2.21179  1.23295  3.67754 9.51131 0.52565 5.11786 0 0 0   -0.011 -0.02329  0.04412  0.487265 -0.211347  0.228346 -0.00285586  0.00057123 -0.00339889 -0.0803175  0.0349992 -0.0402159    4.55255 -0.0968736     -8.688 
             47.4998  -1.5161  2.34404 0.374369  9.54152 0.502631  5.14171 0 0 0   -0.011 -0.02329  0.04412 0.0904384 -0.169463 0.0645282 -0.00284975 0.000454823  -0.0032316  -0.080294  0.0349327 -0.0409627    4.55268 -0.0968303   -8.68794 
             47.5996   1.2565  1.92395 -2.32062  9.53748 0.490885  5.14545 0 0 0   -0.011 -0.02329  0.04412  -0.156611  0.0711289 -0.0404941 -0.00295961 0.000559472 -0.00326629 -0.0803322  0.0349921 -0.0412287    4.55277 -0.0968535   -8.68789 
             47.6999 2.01694 1.14319  -1.779  9.53737 0.509218   5.1483 0 0 0   -0.011 -0.02329  0.04412  0.024707 0.0295347 0.0118194 -0.00284936 0.000589049 -0.00341568 -0.0802674  0.0341705 -0.0414742    4.55293 -0.0963193   -8.68781 
             47.7998  1.40286   1.3119 -1.78339  9.53809 0.512489  5.14829 0 0 0   -0.011 -0.02329  0.04412 -0.0137532 -0.0103379   0.012975 -0.00275532 0.000502483 -0.00337936 -0.0802215   0.034534 -0.0414515    4.55276 -0.0965252   -8.68789 
             47.8996 0.866493  1.33333 -2.08583   9.5359 0.507453  5.14558 0 0 0   -0.011 -0.02329  0.04412  0.0138822  0.0571278 0.00397677 -0.00282829 0.000640022 -0.00338965 -0.0803961   0.035029 -0.0412928     4.5525 -0.0967882   -8.68803 
             47.9999  1.20645   1.3001 -1.78541  9.53344 0.506343  5.13906 0 0 0   -0.011 -0.02329  0.04412 -0.00701251   0.0197069  -0.0124427  -0.0028754 0.000572933 -0.00343386 -0.0803851   0.035309 -0.0408106    4.55225 -0.0967325   -8.68816 
             48.0998  1.26574  1.34996 -1.80134  9.52552 0.499918   5.1381 0 0 0   -0.011 -0.02329  0.04412     -0.0133  -0.0181666 -0.00432075 -0.00285591  0.00058556 -0.00339508 -0.0801407  0.0359557 -0.0411098    4.55185 -0.0969009   -8.68837 
             48.1996 1.17993 1.30427   -1.81  9.53611 0.502193  5.14656 0 0 0   -0.011 -0.02329  0.04412 -0.00536773 -0.00567017   0.0275486 -0.00283334 0.000596191 -0.00340739 -0.0806706  0.0354403 -0.0415883    4.55229 -0.0972464   -8.68813 
             48.2999  1.05874  1.29323 -1.88078  9.54224 0.492304  5.15168 0 0 0   -0.011 -0.02329  0.04412  0.193424 -0.128584   0.16031 -0.00280103 0.000597142 -0.00340262 -0.0807899   0.035567  -0.041236    4.55219 -0.0971944   -8.68819 
             48.3998  2.05499 0.659443 -1.92213  9.57329 0.487942    5.177 0 0 0   -0.011 -0.02329  0.04412  0.549823 -0.064968  0.296809 -0.00288139 0.000617256 -0.00340476 -0.0804749  0.0354896 -0.0415038    4.55222 -0.0971153   -8.68817 
             48.4996  2.13076 0.449649 -2.10177  9.64598 0.489551  5.20513 0 0 0   -0.011 -0.02329  0.04412 0.759645 0.169261 0.268558 -0.00284333 0.000586306 -0.00339063 -0.0804583  0.0355308 -0.0413517    4.55218 -0.0970504   -8.68819 
             48.5999  1.85247  2.08814 -2.18211   9.7161 0.503857  5.22797 0 0 0   -0.011 -0.02329  0.04412  0.526894 0.0907143  0.249637 -0.00284081 0.000459776 -0.00341306 -0.0804879  0.0356161 -0.0411905    4.55212 -0.0970135   -8.68822 
             48.6998 0.0457603   3.54438  -2.95921   9.7357 0.499493  5.23819 0 0 0   -0.011 -0.02329  0.04412  -0.156546  0.0509676 -0.0649534 -0.00275799  0.00054927 -0.00336928 -0.0806156  0.0358651 -0.0412339    4.55199 -0.0971435   -8.68829 
             48.7996  1.04239  3.59002 -3.19364   9.6972 0.492896  5.22882 0 0 0   -0.011 -0.02329  0.04412 -0.259698 -0.273925 0.0753502 -0.00294774 0.000614419 -0.00343497 -0.0795716  0.0361589 -0.0407505    4.55166 -0.0964063   -8.68848 
             48.8999  1.59526  1.35832 -2.42113  9.70501 0.468108  5.24703 0 0 0   -0.011 -0.02329  0.04412   0.478928 -0.0999695   0.236182 -0.00288184 0.000695399 -0.00346966  -0.079848   0.036699 -0.0411836    4.55141 -0.0968287    -8.6886 
             48.9998    2.68384 -0.0589975   -3.15309  9.78685 0.462133  5.27512 0 0 0   -0.011 -0.02329  0.04412 0.833918 0.257061 0.254778 -0.00290544 0.000743467 -0.00339671 -0.0803219   0.036586 -0.0412068    4.55151 -0.0970851   -8.68855 
             49.0996  2.81291   2.3659 -2.69097  9.86785 0.475026   5.3086 0 0 0   -0.011 -0.02329  0.04412   0.65904 -0.196749  0.320924 -0.00289721 0.000479123 -0.00348587 -0.0809733  0.0359769 -0.0413035   4.55193 -0.097414  -8.68832 
             49.1999 0.891735  2.70063 -3.81577  9.92419 0.466727  5.32632 0 0 0   -0.011 -0.02329  0.04412   0.520671 0.00233225   0.183433 -0.00280207 0.000582373 -0.00340878 -0.0814749   0.035955 -0.0406185    4.55192 -0.0973919   -8.68833 
             49.2998  1.50722  2.55414 -3.57159  9.96534 0.466612  5.34765 0 0 0   -0.011 -0.02329  0.04412   0.557543 -0.0369848   0.240263   -0.002811 0.000672138 -0.00340707 -0.0812038  0.0362797 -0.0407539    4.55171 -0.0973258   -8.68844 
             49.3996 0.629456  2.11453 -4.20527  10.0225 0.457552  5.37649 0 0 0   -0.011 -0.02329  0.04412   0.548857 -0.0130779   0.257656 -0.00271811 0.000657211 -0.00339549 -0.0815016  0.0360484 -0.0410329   4.55189 -0.097602  -8.68834 
             49.4999  1.61444  1.74935 -3.71702  10.0773 0.455777  5.40603 0 0 0   -0.011 -0.02329  0.04412   0.522049 -0.0783435   0.281098 -0.00284225 0.000659357 -0.00346022  -0.081248  0.0361602 -0.0416025    4.55187 -0.0977019   -8.68835 
             49.5998 0.799747  1.81415 -4.21646  10.1339 0.452787  5.43692 0 0 0   -0.011 -0.02329  0.04412  0.527842 0.0317631    0.2396 -0.00277898  0.00065286 -0.00341513 -0.0812199  0.0356673 -0.0416865   4.55219 -0.097696  -8.68818 
             49.6996  1.59666    1.901 -3.92904  10.1836 0.459537  5.46593 0 0 0   -0.011 -0.02329  0.04412   0.460594 -0.0641807   0.241757 -0.00286172 0.000626573 -0.00343558 -0.0810521  0.0356389 -0.0418018    4.55223 -0.0976385   -8.68816 
             49.7999 0.348031  1.53989  -4.5945  10.2264 0.449943  5.49604 0 0 0   -0.011 -0.02329  0.04412   0.579647 -0.0213574   0.308354 -0.00279196 0.000655709 -0.00341565 -0.0805402  0.0359233 -0.0419906    4.55208 -0.0974053   -8.68825 
             49.8998  1.38029  1.34977 -3.93151   10.269 0.440625  5.51594 0 0 0   -0.011 -0.02329  0.04412   0.505449 -0.0422797   0.299337 -0.00286595 0.000641446 -0.00347486 -0.0807489  0.0366708 -0.0414811    4.55154 -0.0973652   -8.68853 
             49.9996  1.10125   1.0422 -4.06204  10.3157 0.432741  5.54744 0 0 0   -0.011 -0.02329  0.04412   0.424192 -0.0679977   0.286667 -0.00284519 0.000680925 -0.00346978 -0.0802965  0.0365865 -0.0417826    4.55163 -0.0971862   -8.68848 
             50.0999  1.86481 0.976136 -3.84881  10.3578 0.425999   5.5653 0 0 0   -0.011 -0.02329  0.04412   0.490041 -0.0837369   0.244109 -0.00285692  0.00062186 -0.00345404 -0.0801312  0.0372259 -0.0412766    4.55119 -0.0969164   -8.68872 
             50.1998  1.28717 0.832664  -4.1179  10.4027 0.427243    5.592 0 0 0   -0.011 -0.02329  0.04412   0.465978 -0.0124246   0.210258 -0.00281357 0.000644013 -0.00342911 -0.0795317   0.036966 -0.0411622    4.55135 -0.0964899   -8.68863 
             50.2996  1.57622  1.06634 -4.05611  10.4514 0.422967  5.61119 0 0 0   -0.011 -0.02329  0.04412  0.551313 -0.051208  0.241804  -0.0028457 0.000616706 -0.00342857 -0.0797439  0.0374907 -0.0408871      4.551 -0.0965413   -8.68882 
             50.3999  1.04727  1.16691 -4.32792  10.5017 0.413662  5.63596 0 0 0   -0.011 -0.02329  0.04412   0.525278 0.00369364   0.239178 -0.00283197 0.000645593  -0.0034385 -0.0801839  0.0375631 -0.0409901    4.55096 -0.0968572   -8.68884 
             50.4998  1.51757  0.75274 -4.07427  10.5505 0.404925  5.66078 0 0 0   -0.011 -0.02329  0.04412  0.483227 -0.100032  0.246396 -0.00287824  0.00064202 -0.00342403 -0.0803676  0.0377428  -0.041268    4.55085 -0.0970723   -8.68889 
             50.5996  1.45629 0.782585 -4.21202  10.6013 0.397955  5.69231 0 0 0   -0.011 -0.02329  0.04412   0.527135 -0.0482697   0.279778 -0.00283936 0.000647845 -0.00344471 -0.0800552  0.0376387 -0.0418315    4.55094 -0.0970638   -8.68885 
             50.6999  1.75425  1.04764 -4.09328  10.6584 0.396201  5.72064 0 0 0   -0.011 -0.02329  0.04412   0.519723 -0.0590094   0.254494  -0.0028454 0.000617996 -0.00343573 -0.0799581  0.0371366 -0.0416901    4.55125 -0.0969453   -8.68868 
             50.7998  2.40085  1.48371 -3.98545  10.7165 0.392162   5.7501 0 0 0   -0.011 -0.02329  0.04412  0.515761 -0.104613  0.246046 -0.00294774 0.000627168 -0.00344625 -0.0804091  0.0367782 -0.0416585    4.55148 -0.0972128   -8.68856 
             50.8996  2.22072  1.62158 -3.98905  10.7731 0.394511   5.7785 0 0 0   -0.011 -0.02329  0.04412  0.505266 0.0181847  0.248523  -0.0029878 0.000662904 -0.00348829 -0.0807028  0.0364365 -0.0417541     4.5517 -0.0974246   -8.68844 
             50.9999  1.89241  1.46985 -4.30371  10.8212 0.390457  5.80389 0 0 0   -0.011 -0.02329  0.04412  0.460024 0.0322201  0.264567 -0.00291451 0.000711435 -0.00343597 -0.0807136  0.0366604  -0.041877    4.55156 -0.0974789   -8.68852 
             51.0998  2.20495  1.14114 -4.21925  10.8751 0.379652  5.82657 0 0 0   -0.011 -0.02329  0.04412   0.487491 -0.0182347   0.289059 -0.00290239 0.000725987 -0.00346908 -0.0813555  0.0370007 -0.0416642   4.55133 -0.097786  -8.68863 
             51.1996  2.55528  1.37054 -4.19898  10.9211 0.378746  5.85804 0 0 0   -0.011 -0.02329  0.04412   0.520254 -0.0327831   0.241707 -0.00288568 0.000646681 -0.00343862 -0.0811728  0.0371607 -0.0423374    4.55124 -0.0979422   -8.68868 
             51.2999  1.86026 0.956096 -4.62229  10.9705 0.373302  5.89469 0 0 0   -0.011 -0.02329  0.04412   0.509446 -0.0571174   0.273997 -0.00293134 0.000647099 -0.00345957 -0.0807483  0.0369875 -0.0428991    4.55136 -0.0979147   -8.68862 
             51.3998   2.3963  1.08114 -4.55873  11.0126 0.364346  5.91842 0 0 0   -0.011 -0.02329  0.04412  0.497877 -0.175639  0.282741 -0.00292776 0.000699137 -0.00345585 -0.0805432  0.0374529 -0.0425161    4.55107 -0.0976329   -8.68877 
             51.4996  2.29074 0.887906 -4.44613  11.0645 0.358695  5.94678 0 0 0   -0.011 -0.02329  0.04412     0.50728 -0.00312196    0.302146 -0.00293312 0.000717229 -0.00348198 -0.0808004  0.0373052  -0.042521    4.55115 -0.0977941   -8.68872 
             51.5999  2.22609  0.75406 -4.61199  11.1037 0.346884  5.96778 0 0 0   -0.011 -0.02329  0.04412   0.388469 -0.0437693   0.292954 -0.00293579 0.000721231 -0.00347991 -0.0805633  0.0376675 -0.0420263    4.55093 -0.0974484   -8.68884 
             51.6998  3.25705 0.402216  -4.1015  11.1646 0.337717  5.99755 0 0 0   -0.011 -0.02329  0.04412  0.588264 -0.119762  0.312602 -0.00294384 0.000721126 -0.00347435 -0.0814868  0.0373892   -0.04226    4.55108 -0.0981113   -8.68876 
             51.7996  2.95406 0.525442 -4.39401  11.2234 0.330997  6.02709 0 0 0   -0.011 -0.02329  0.04412  0.553505 -0.119522  0.246298 -0.00292889 0.000698802 -0.00347193 -0.0816297  0.0371462 -0.0421681    4.55123 -0.0981735   -8.68868 
             51.8999  3.06993 0.793902 -4.36331 11.2758 0.33005 6.05978 0 0 0   -0.011 -0.02329  0.04412   0.516879 -0.0115844   0.287594 -0.00294151 0.000728031 -0.00348708 -0.0813176  0.0368207 -0.0424174    4.55143 -0.0980932   -8.68857 
             51.9998  3.13726 0.783915 -4.48176  11.3162 0.327482   6.0813 0 0 0   -0.011 -0.02329  0.04412   0.513706 0.00284804   0.283616 -0.00303543 0.000736101 -0.00351737 -0.0807087  0.0370979 -0.0419103     4.5513 -0.0975152   -8.68865 
             52.0996  3.47456 0.441707  -4.2981  11.3605 0.322813  6.10522 0 0 0   -0.011 -0.02329  0.04412   0.466638 -0.0291256   0.283295 -0.00300403 0.000712999 -0.00353912  -0.080242  0.0377253 -0.0418609    4.55091 -0.0971833   -8.68886 
             52.1999  2.82442 0.940195 -4.86135  11.4119 0.310995  6.12771 0 0 0   -0.011 -0.02329  0.04412   0.491738 -0.0910193   0.252225 -0.00284993 0.000668083 -0.00341212 -0.0809472  0.0380759 -0.0417545    4.55069 -0.0975424   -8.68897 
             52.2998  2.92644 0.455908 -4.66555  11.4625 0.301523  6.15794 0 0 0   -0.011 -0.02329  0.04412  0.523969 -0.106761  0.255447 -0.00294221 0.000729572 -0.00348649 -0.0811927  0.0379012 -0.0420483    4.55077 -0.0978171   -8.68893 
             52.3996  3.10962 0.356989 -4.73281  11.5073 0.297742  6.17904 0 0 0   -0.011 -0.02329  0.04412   0.455083 -0.0766161   0.241531  -0.0029447 0.000732539 -0.00346591  -0.080843   0.038228 -0.0415913    4.55061 -0.0974053   -8.68901 
             52.4999  2.59665 0.621386 -5.00306  11.5457 0.286824  6.21499 0 0 0   -0.011 -0.02329  0.04412   0.400887 -0.0724007   0.307835 -0.00290765 0.000686024 -0.00347415 -0.0804826  0.0381346 -0.0422553    4.55062 -0.0974543   -8.68901 
             52.5998  3.53039 0.263679 -4.69705   11.598 0.283438   6.2397 0 0 0   -0.011 -0.02329  0.04412   0.450109 -0.0179716    0.26575 -0.00301108 0.000719871 -0.00349697 -0.0807735  0.0376868 -0.0419289    4.55092 -0.0975385   -8.68885 
             52.6996   3.45828 -0.195822  -4.83819  11.6522 0.274477  6.26617 0 0 0   -0.011 -0.02329  0.04412   0.530586 -0.0947567    0.22927 -0.00295086 0.000790275 -0.00348944 -0.0812744  0.0376185 -0.0420287    4.55094 -0.0978852   -8.68884 
             52.7999   3.41972 -0.282548  -4.90106  11.7078 0.274849  6.29512 0 0 0   -0.011 -0.02329  0.04412   0.488045 -0.0740223   0.250975 -0.00291408 0.000690811 -0.00344029 -0.0813998  0.0372455 -0.0421225    4.55116 -0.0980283   -8.68872 
             52.8998   2.70338 -0.197827  -5.31745  11.7607 0.266071  6.31925 0 0 0   -0.011 -0.02329  0.04412    0.56957 -0.0148469   0.255488 -0.00290418 0.000714092 -0.00345908 -0.0814396  0.0373956 -0.0418712    4.55109 -0.0979467   -8.68875 
             52.9996  3.30105 0.177357 -5.08003  11.8113 0.263341  6.34707 0 0 0   -0.011 -0.02329  0.04412  0.555263 -0.105952  0.271342 -0.00297808 0.000678289 -0.00349378 -0.0812118  0.0372978 -0.0420685    4.55114 -0.0978861   -8.68873 
             53.0999    2.85358 -0.0545904   -5.30963  11.8635 0.262321  6.37139 0 0 0   -0.011 -0.02329  0.04412  0.552275 0.0448054   0.25061 -0.00288303 0.000730339 -0.00344577  -0.081233  0.0371707 -0.0419458    4.55123 -0.0978687   -8.68868 
             53.1998    2.69689 -0.0518091    -5.6196  11.9142 0.253922  6.40381 0 0 0   -0.011 -0.02329  0.04412  0.434262 -0.114982  0.293137 -0.00287743 0.000717122 -0.00344785 -0.0813557  0.0372444 -0.0423712    4.55113 -0.0980842   -8.68873 
             53.2996    2.75253 -0.0814449     -5.571  11.9586 0.247599   6.4325 0 0 0   -0.011 -0.02329  0.04412   0.456619 -0.0164159   0.294842  -0.0029089 0.000651141 -0.00346888 -0.0810368  0.0372217 -0.0423672   4.55116 -0.097885  -8.68872 
             53.3999   3.21503 -0.356746  -5.54763  12.0094 0.244003  6.46752 0 0 0   -0.011 -0.02329  0.04412  0.546107 -0.166388  0.335309 -0.00294711 0.000675614 -0.00346839 -0.0810526  0.0371912 -0.0427868    4.55113 -0.0980349   -8.68873 
             53.4998    2.52638 -0.0732337   -5.93918  12.0548 0.230844    6.495 0 0 0   -0.011 -0.02329  0.04412   0.525611 -0.0104021   0.285538 -0.00286035 0.000652109 -0.00341489 -0.0807305  0.0375033 -0.0424293    4.55099 -0.0976807   -8.68881 
             53.5996    3.61981 -0.0636872   -5.27551  12.1113 0.232639  6.52491 0 0 0   -0.011 -0.02329  0.04412   0.530107 -0.0225968   0.287184 -0.00295297 0.000663607 -0.00350925 -0.0807637  0.0372953 -0.0426455     4.5511 -0.0977939   -8.68875 
             53.6999   2.71707 0.0253242  -5.85912  12.1629 0.234481  6.55205 0 0 0   -0.011 -0.02329  0.04412 0.539552 0.010191 0.261509 -0.00286228 0.000729932 -0.00346296 -0.0805097  0.0370614 -0.0423929    4.55129 -0.0975815   -8.68866 
             53.7998  2.67259 0.161284 -5.97187  12.2216 0.224419  6.57281 0 0 0   -0.011 -0.02329  0.04412   0.528949 -0.0792397   0.281496 -0.00289496 0.000691989 -0.00347668 -0.0810741  0.0374132 -0.0419431    4.55108 -0.0977557   -8.68876 
             53.8996  2.71886  0.47982 -6.00716  12.2648 0.204793  6.60259 0 0 0   -0.011 -0.02329  0.04412   0.39173 -0.186575   0.25115 -0.00289653 0.000709527 -0.00346452 -0.0815408  0.0379381 -0.0423359    4.55067 -0.0981085   -8.68897 
             53.9999   3.11834 -0.193353  -5.71357  12.3007 0.192942  6.62512 0 0 0   -0.011 -0.02329  0.04412   0.420928 -0.0351468   0.249029 -0.00288467 0.000741125 -0.00347092 -0.0813716  0.0387169 -0.0423939     4.5502 -0.0979173   -8.68922 
             54.0998    2.8988 -0.522992  -6.21882  12.3444 0.183897  6.65861 0 0 0   -0.011 -0.02329  0.04412  0.493229 -0.143162   0.30789 -0.00291516 0.000686252 -0.00343845  -0.080874  0.0384273 -0.0426779    4.55039 -0.0977281   -8.68913 
             54.1996    3.7037 -0.674625  -5.63365  12.3927 0.169199  6.68549 0 0 0   -0.011 -0.02329  0.04412 0.499589 -0.13048 0.322561 -0.00300996 0.000721902 -0.00355918 -0.0805245  0.0385994 -0.0423878    4.55034 -0.0973931   -8.68915 
             54.2999    4.39901 -0.0487774   -5.51585  12.4599 0.173246  6.70954 0 0 0   -0.011 -0.02329  0.04412   0.476351 -0.0174857   0.259661 -0.00300921 0.000700627 -0.00350708 -0.0810322  0.0374922 -0.0415613    4.55109 -0.0976154   -8.68876 
             54.3998   3.56719 0.0813532  -6.07579  12.5133 0.169074  6.73752 0 0 0   -0.011 -0.02329  0.04412   0.559156 -0.0218207   0.243683 -0.00283183 0.000707206 -0.00344323 -0.0810794  0.0374415 -0.0417218     4.5511 -0.0977034   -8.68875 
             54.4996  3.68011 0.263027 -6.12589  12.5642 0.162815  6.75878 0 0 0   -0.011 -0.02329  0.04412   0.476752 -0.0909794   0.239917 -0.00289706 0.000663552 -0.00345973 -0.0813905   0.037741 -0.0415404    4.55092 -0.0977937   -8.68885 
             54.5999    3.11659 -0.0296378    -6.4077  12.6073 0.159772  6.78427 0 0 0   -0.011 -0.02329  0.04412   0.482855 -0.0147753   0.248879 -0.00281649 0.000716899 -0.00345429 -0.0810641  0.0377839 -0.0416979    4.55089 -0.0976377   -8.68886 
             54.6998   3.18194 -0.328341  -6.65926  12.6526 0.143889  6.81165 0 0 0   -0.011 -0.02329  0.04412   0.59147 -0.183475  0.293156 -0.00289334 0.000675355 -0.00346388  -0.080963  0.0383045 -0.0422315     4.5505 -0.0976684   -8.68907 
             54.7996   3.61786 -0.462783   -6.3279  12.7129 0.127715  6.83799 0 0 0   -0.011 -0.02329  0.04412   0.575045 -0.0841721   0.270581 -0.00293908 0.000692931 -0.00353561 -0.0813085  0.0382336 -0.0419546    4.55055 -0.0978061   -8.68904 
             54.8999  4.18438 0.269309 -6.16133  12.7727 0.123042  6.86706 0 0 0   -0.011 -0.02329  0.04412  0.561955 -0.106338  0.283172 -0.00289253 0.000656683 -0.00346504 -0.0814953  0.0380293 -0.0419835    4.55065 -0.0979684   -8.68899 
             54.9998  3.39125 0.905985 -6.61148  12.8338 0.109291  6.90479 0 0 0   -0.011 -0.02329  0.04412  0.494275 -0.148182  0.298228 -0.00280908 0.000652827 -0.00343504 -0.0822425  0.0373505  -0.042453    4.55092 -0.0987087   -8.68883 
             55.0996  3.94859 0.540401 -6.24625   12.8738 0.0963333   6.93347 0 0 0   -0.011 -0.02329  0.04412 0.545395 -0.11359 0.284808  -0.0029294 0.000703214 -0.00351024 -0.0813509  0.0378671 -0.0425551    4.55069 -0.0980953   -8.68896 
             55.1999  4.35886 0.731992 -6.02477    12.919 0.0905334   6.96423 0 0 0   -0.011 -0.02329  0.04412    0.4039 -0.117166  0.297171 -0.00289119 0.000697285 -0.00349716 -0.0810617  0.0377653 -0.0426039   4.55079 -0.097954  -8.68891 
             55.2998 4.10921  0.2812 -6.1748   12.9572 0.0760839   6.98511 0 0 0   -0.011 -0.02329  0.04412   0.470264 -0.0556791   0.250407 -0.00285444 0.000695023 -0.00345683 -0.0804762  0.0381555 -0.0421366    4.55068 -0.0973602   -8.68898 
             55.3996  5.54875 0.259679 -5.85108   13.0111 0.0755217   7.01647 0 0 0   -0.011 -0.02329  0.04412 0.508082 -0.12126 0.274501 -0.00295504 0.000648667 -0.00348254 -0.0805399  0.0375914 -0.0423115     4.551 -0.097568  -8.68881 
             55.4999   4.84479 0.0559461  -6.37134   13.0589 0.0749734   7.04434 0 0 0   -0.011 -0.02329  0.04412   0.522237 -0.0338462    0.28394 -0.00285095 0.000675215 -0.00344203 -0.0802702   0.037717 -0.0423027    4.55095 -0.0973824   -8.68884 
             55.5998  4.12074 0.204414 -6.78682   13.1061 0.0545763   7.07192 0 0 0   -0.011 -0.02329  0.04412   0.521835 -0.0490107   0.275563 -0.00278276 0.000600632 -0.00344786 -0.0802873  0.0382912 -0.0424782    4.55056 -0.0973491   -8.68904 
             55.6996  5.29014 0.167132 -6.10763   13.1602 0.0485971   7.09549 0 0 0   -0.011 -0.02329  0.04412     0.4713 -0.0889647   0.238357 -0.00283367  0.00064758 -0.00349115 -0.0805724  0.0384343 -0.0423307   4.55047 -0.097429  -8.68909 
             55.7999  4.32002  0.12209 -6.70497   13.2221 0.0462936    7.1305 0 0 0   -0.011 -0.02329  0.04412  0.569307 -0.101907  0.288896 -0.00279567 0.000626734 -0.00346684 -0.0805946  0.0373896 -0.0428172    4.55102 -0.0978472   -8.68879 
             55.8998  4.22684  0.62121 -6.94035   13.2765 0.0374749   7.15907 0 0 0   -0.011 -0.02329  0.04412   0.47492 -0.104037  0.291128 -0.00278592 0.000589997 -0.00345024 -0.0805503  0.0371978 -0.0424989    4.5512 -0.097741   -8.6887 
             55.9996  4.70869 0.753387 -6.70745   13.3163 0.0288186   7.18281 0 0 0   -0.011 -0.02329  0.04412   0.540814 -0.0409641   0.266391 -0.00286062 0.000615099 -0.00350819 -0.0797554   0.037991 -0.0423191    4.55085 -0.0970345   -8.68889 
             56.0999  4.82536 0.760471 -6.73744   13.3638 0.0176481   7.20971 0 0 0   -0.011 -0.02329  0.04412  0.450827 -0.152775  0.290846 -0.00285634 0.000645793 -0.00350133 -0.0796423   0.038128  -0.042197     4.5508 -0.0968922   -8.68892 
             56.1998  5.27147 0.772386 -6.50103    13.4168 0.00931622     7.2384 0 0 0   -0.011 -0.02329  0.04412   0.490625 -0.0784106   0.275172 -0.00286886 0.000687515 -0.00352042 -0.0800047  0.0377755 -0.0422488    4.55096 -0.0972031   -8.68883 
             56.2996  5.22297 0.350558 -6.56392     13.4766 -0.00350796     7.26672 0 0 0   -0.011 -0.02329  0.04412   0.510407 -0.0431046   0.274671  -0.0028633 0.000734459 -0.00351257 -0.0808374  0.0376244 -0.0423318    4.55092 -0.0977528   -8.68885 
             56.3999  5.41544 0.603091 -6.61645     13.5309 -0.00352718      7.2956 0 0 0   -0.011 -0.02329  0.04412  0.516255 -0.115796  0.277807  -0.0028425 0.000678711 -0.00348519 -0.0807625  0.0374336  -0.042507    4.55101 -0.0978219    -8.6888 
             56.4998  4.50798 0.178106 -7.06217    13.5757 -0.0211141    7.31978 0 0 0   -0.011 -0.02329  0.04412   0.501225 0.00462331   0.263926 -0.00284032 0.000791618 -0.00349912 -0.0807026  0.0378502 -0.0423725    4.55079 -0.0976376   -8.68891 
             56.5996   5.69453 0.0489051  -6.61306    13.6182 -0.0227648    7.34753 0 0 0   -0.011 -0.02329  0.04412  0.493287 -0.150159  0.261585 -0.00284529 0.000698369 -0.00347026 -0.0801666  0.0381057 -0.0427206    4.55065 -0.0974079   -8.68899 
             56.6999   4.81205 -0.218552  -7.26562    13.6662 -0.0297419    7.37643 0 0 0   -0.011 -0.02329  0.04412   0.466315 -0.0978604   0.287262 -0.00282814 0.000674876 -0.00348069   -0.07967  0.0380342 -0.0428931    4.55072 -0.0972074   -8.68896 
             56.7998   4.82621 -0.104765  -7.26117     13.717 -0.0477052    7.40152 0 0 0   -0.011 -0.02329  0.04412   0.516742 -0.0504055   0.282789 -0.00284451 0.000691761 -0.00349211 -0.0798438  0.0382476 -0.0426037    4.55063 -0.0971468   -8.68901 
             56.8996  6.03639 0.279407 -6.59401     13.768 -0.0531118    7.43208 0 0 0   -0.011 -0.02329  0.04412  0.462132 -0.164819   0.29348 -0.00289299 0.000663515 -0.00351387 -0.0803184  0.0385365  -0.043117    4.55028 -0.0975398   -8.68918 
             56.9999  4.44293 0.060578 -7.54843    13.8095 -0.0740412    7.45775 0 0 0   -0.011 -0.02329  0.04412   0.496582 -0.0640422   0.301124 -0.00280814 0.000728344 -0.00347692 -0.0799673  0.0389179 -0.0429379    4.55013 -0.0971748   -8.68926 
             57.0998   5.99091 0.0752505  -6.69356    13.8694 -0.0772913    7.48674 0 0 0   -0.011 -0.02329  0.04412  0.495708 -0.101441  0.305799 -0.00289335 0.000718892 -0.00352245 -0.0803884   0.038408 -0.0427969    4.55041 -0.0974977   -8.68911 
             57.1996    5.266 0.319765 -7.23442    13.9143 -0.0878575    7.51954 0 0 0   -0.011 -0.02329  0.04412   0.509592 -0.0953474   0.305481 -0.00288919 0.000711238 -0.00353538 -0.0798761  0.0381373 -0.0429312    4.55062 -0.0973167   -8.68901 
             57.2999  5.94734 0.272575 -6.99121    13.9647 -0.0883254    7.54354 0 0 0   -0.011 -0.02329  0.04412  0.491264 -0.179941  0.287764 -0.00283752 0.000682867 -0.00348372   -0.07976  0.0381086 -0.0424197    4.55077 -0.0970694   -8.68894 
             57.3998  4.84543  0.20505 -7.59023   14.0196 -0.108555   7.57214 0 0 0   -0.011 -0.02329  0.04412   0.506013 -0.0665996   0.275398 -0.00275599 0.000718892 -0.00346836 -0.0800351  0.0378752 -0.0422921    4.55089 -0.0972407   -8.68887 
             57.4996  6.60787 0.511937 -6.80461   14.0736 -0.119317   7.60315 0 0 0   -0.011 -0.02329  0.04412  0.490033 -0.136035    0.2743 -0.00293956 0.000664713 -0.00351708 -0.0804028  0.0376608 -0.0426611    4.55089 -0.0976446   -8.68886 
             57.5999  6.08449  0.25316 -7.08355    14.117 -0.128094   7.62088 0 0 0   -0.011 -0.02329  0.04412    0.50408 -0.0657152   0.261429 -0.00276832 0.000702723 -0.00346619 -0.0804292  0.0384204  -0.042158    4.55054 -0.0972691   -8.68905 
             57.6998    5.6026 0.0212519   -7.4823   14.1556 -0.143013   7.64339 0 0 0   -0.011 -0.02329  0.04412   0.567698 -0.0445092   0.258798 -0.00277423 0.000730908 -0.00347109 -0.0800671  0.0389809 -0.0420665  4.55028 -0.09688 -8.68919 
             57.7996   6.61644 -0.388763  -7.18961   14.2098 -0.143733   7.66913 0 0 0   -0.011 -0.02329  0.04412  0.493449 -0.118615  0.269494 -0.00287215 0.000749688 -0.00350405 -0.0800509  0.0389361 -0.0421189     4.5503 -0.0969033   -8.68918 
             57.8999   5.11758 0.0560891  -7.99564  14.2533 -0.14788  7.69727 0 0 0   -0.011 -0.02329  0.04412    0.502534 -0.00612807    0.260218 -0.00270043 0.000706316 -0.00345362 -0.0792867  0.0384769 -0.0421165    4.55069 -0.0965992   -8.68898 
             57.9998   6.04615 -0.298657  -7.57344   14.3022 -0.160781   7.72447 0 0 0   -0.011 -0.02329  0.04412  0.520117 -0.181125  0.278144 -0.00288255 0.000761466 -0.00355215  -0.079882  0.0388009 -0.0424907    4.55031 -0.0969846   -8.68918 
             58.0996    5.5322 -0.327426  -8.02403   14.3618 -0.175874   7.75431 0 0 0   -0.011 -0.02329  0.04412  0.537812 -0.106023  0.281395  -0.0028138 0.000763008 -0.00349189 -0.0800852  0.0384243 -0.0424865     4.5505 -0.0972071   -8.68907 
             58.1999  6.16407 0.286363 -7.63887   14.4108 -0.185957   7.78603 0 0 0   -0.011 -0.02329  0.04412  0.436637 -0.062459  0.290182 -0.00287227 0.000656693 -0.00353387 -0.0801998  0.0381994  -0.042798    4.55054 -0.0974484   -8.68905 
             58.2998   6.09704 0.0523202  -7.74562   14.4503 -0.195838   7.81123 0 0 0   -0.011 -0.02329  0.04412  0.468202 -0.183378  0.265382 -0.00284295 0.000724616 -0.00351218 -0.0801974  0.0383669  -0.042804    4.55044 -0.0973998    -8.6891 
             58.3996   5.88714 -0.368022  -7.86956   14.4998 -0.210334   7.84433 0 0 0   -0.011 -0.02329  0.04412   0.504209 -0.0260789   0.284852 -0.00280569 0.000698758 -0.00348643 -0.0800039  0.0384358 -0.0431538    4.55035 -0.0973912   -8.68915 
             58.4999   6.35019 -0.145004  -7.76731   14.5454 -0.212821   7.87482 0 0 0   -0.011 -0.02329  0.04412  0.462761 -0.136134   0.29902 -0.00285843 0.000687244 -0.00350207 -0.0798195  0.0384245 -0.0432408    4.55036 -0.0973191   -8.68914 
             58.5998  5.44074 -0.22525 -8.21533   14.5926 -0.227983   7.89993 0 0 0   -0.011 -0.02329  0.04412   0.462581 -0.0845076   0.297574 -0.00282591 0.000724181 -0.00352656 -0.0795454  0.0383732 -0.0427082    4.55057 -0.0969898   -8.68904 
             58.6996   6.7665   -0.164 -7.65438   14.6393 -0.232281     7.916 0 0 0   -0.011 -0.02329  0.04412   0.43253 -0.125531  0.252581 -0.00293207 0.000773949 -0.00357141 -0.0795636  0.0386901 -0.0416816    4.55064 -0.0965468   -8.68901 
             58.7999   5.89379 -0.167752  -8.25706   14.6881 -0.253847    7.9423 0 0 0   -0.011 -0.02329  0.04412 0.584334 -0.13137 0.238131 -0.00279376 0.000702628 -0.00347695 -0.0799996  0.0388441 -0.0421105    4.55036 -0.0968999   -8.68915 
             58.8998   6.84295 -0.180003  -7.72713   14.7492 -0.260374   7.96975 0 0 0   -0.011 -0.02329  0.04412  0.457493 -0.103062  0.252887 -0.00287719  0.00067877 -0.00355007 -0.0807107  0.0383448 -0.0421298    4.55053 -0.0974651   -8.68905 
             58.9996   5.88022 -0.133366  -8.44901   14.7954 -0.266763   8.00357 0 0 0   -0.011 -0.02329  0.04412   0.466811 -0.0620785   0.291974 -0.00281647 0.000709511   -0.003485 -0.0800586  0.0376163 -0.0425805    4.55096 -0.0974747   -8.68883 
             59.0999   6.55302 -0.319915  -8.26324   14.8461 -0.280095   8.02908 0 0 0   -0.011 -0.02329  0.04412  0.567046 -0.134105  0.284945  -0.0028632 0.000713872 -0.00350158 -0.0803673   0.037863 -0.0424969    4.55078 -0.0975444   -8.68892 
             59.1998   6.39358 -0.350853  -8.36134   14.9042 -0.292471   8.05986 0 0 0   -0.011 -0.02329  0.04412  0.535038 -0.152861  0.277916 -0.00280022 0.000684467 -0.00348969 -0.0806141   0.037945 -0.0426425    4.55065 -0.0977094   -8.68899 
             59.2996    5.9481 0.0259133  -8.58653    14.956 -0.307662    8.0922 0 0 0   -0.011 -0.02329  0.04412   0.537619 -0.0734695   0.296475 -0.00279466  0.00068343 -0.00348271 -0.0804565  0.0378946   -0.04306    4.5506 -0.097779  -8.68902 
             59.3999   6.4907 0.358032 -8.51514    15.005 -0.312265   8.12049 0 0 0   -0.011 -0.02329  0.04412 0.493107 -0.13257 0.269443 -0.00281401 0.000652747 -0.00346619 -0.0804808  0.0378687 -0.0429344    4.55064 -0.0977584   -8.68899 
             59.4998   5.50088 0.0977575  -9.04408    15.051 -0.327894   8.14519 0 0 0   -0.011 -0.02329  0.04412  0.535726 -0.138244  0.319973 -0.00270392 0.000738796 -0.00344766 -0.0805741   0.037894 -0.0424589   4.55073 -0.097641  -8.68895 
             59.5996   6.45096 -0.314745  -8.55316   15.1107 -0.341156   8.16583 0 0 0   -0.011 -0.02329  0.04412   0.594918 -0.0542461   0.278208 -0.00283827 0.000714118 -0.00349159 -0.0809766  0.0380452 -0.0420493    4.55066 -0.0976817   -8.68898 
             59.6999  6.29391 0.215546 -8.73699   15.1473 -0.351521   8.19487 0 0 0   -0.011 -0.02329  0.04412  0.428494 -0.180562  0.238938 -0.00278833 0.000678114 -0.00347918 -0.0801286  0.0385907 -0.0424589   4.55042 -0.097154  -8.68912 
             59.7998   6.32966 -0.387821  -8.56895   15.1947 -0.352972   8.21717 0 0 0   -0.011 -0.02329  0.04412  0.515579 -0.069496  0.253762 -0.00286604 0.000745772 -0.00355161 -0.0795388  0.0382591  -0.041892   4.55087 -0.096741  -8.68888 
             59.8996    5.92783 -0.0234591   -9.11342   15.2461 -0.362376   8.24962 0 0 0   -0.011 -0.02329  0.04412   0.441159 -0.0421916   0.277421 -0.00275119 0.000685203  -0.0034425 -0.0795784  0.0380128  -0.042363    4.55089 -0.0970012   -8.68887 
             59.9999    6.20558 -0.0593178   -8.90702   15.2971 -0.369606   8.27801 0 0 0   -0.011 -0.02329  0.04412   0.518123 -0.0925325   0.269311 -0.00283259  0.00066807 -0.00349439 -0.0800689  0.0378313 -0.0425312    4.55085 -0.0973971   -8.68889 
             60.0998   5.74715 -0.401363  -9.25095  15.3508 -0.37956  8.30736 0 0 0   -0.011 -0.02329  0.04412   0.475523 -0.0633998   0.278735 -0.00280295 0.000747666 -0.00348447 -0.0803953  0.0377772 -0.0426929    4.55078 -0.0976543   -8.68892 
             60.1996   5.45509 -0.179188  -9.41531   15.4052 -0.398727   8.33436 0 0 0   -0.011 -0.02329  0.04412  0.516658 -0.147988  0.299927 -0.00276568 0.000693864 -0.00348047 -0.0809343  0.0379399 -0.0428424    4.55053 -0.0979561   -8.68905 
             60.2999   5.95906 -0.220146  -8.99817    15.446 -0.405225   8.36309 0 0 0   -0.011 -0.02329  0.04412   0.487968 -0.0833941   0.270734 -0.00284789 0.000720952 -0.00354275 -0.0798519  0.0380841  -0.042757     4.5507 -0.0972557   -8.68897 
             60.3998   6.06861 -0.192211  -9.05326   15.4983 -0.424341   8.38558 0 0 0   -0.011 -0.02329  0.04412  0.489292 -0.234376  0.275395 -0.00282592 0.000718202 -0.00351877 -0.0803302  0.0387256 -0.0424584     4.5503 -0.0972268   -8.68918 
             60.4996  5.85175 0.477555 -9.01439   15.5523 -0.430522   8.40682 0 0 0   -0.011 -0.02329  0.04412   0.56539 0.0179673  0.257603 -0.00276888 0.000645868 -0.00348626 -0.0800278  0.0384916  -0.041905    4.55062 -0.0969642   -8.68901 
             60.5999  6.00419 0.595275 -9.08725   15.5989 -0.439532   8.43875 0 0 0   -0.011 -0.02329  0.04412  0.475532 -0.134681  0.261747  -0.0027825 0.000681614 -0.00347903 -0.0800491  0.0385853 -0.0424275    4.55045 -0.0971043    -8.6891 
             60.6998  5.75109 0.460147 -9.21197   15.6502 -0.444923   8.46236 0 0 0   -0.011 -0.02329  0.04412   0.518322 -0.0853428   0.276832 -0.00286121  0.00069745 -0.00353846 -0.0798432  0.0386078 -0.0421236    4.55055 -0.0968837   -8.68905 
             60.7996  5.34118  0.68491 -9.53131    15.704 -0.457662   8.49321 0 0 0   -0.011 -0.02329  0.04412   0.508414 -0.0930096   0.284596  -0.0028692 0.000671216 -0.00348968 -0.0798597  0.0381051 -0.0422557     4.5508 -0.0971019   -8.68891 
             60.8999  6.18831 0.871288 -9.13974   15.7512 -0.466223   8.52312 0 0 0   -0.011 -0.02329  0.04412  0.514528 -0.136176  0.252868 -0.00292394 0.000641882 -0.00351425  -0.079595  0.0382616 -0.0425526    4.55072 -0.0969962   -8.68896 
             60.9998  5.75307 0.829908 -9.56169   15.8209 -0.476333   8.55615 0 0 0   -0.011 -0.02329  0.04412   0.539793 -0.0330772   0.275077 -0.00286317 0.000695823  -0.0034905 -0.0807026  0.0373421 -0.0428372    4.55093 -0.0980169   -8.68884 
             61.0996  5.57201  1.06039 -9.79173   15.8763 -0.494431   8.58457 0 0 0   -0.011 -0.02329  0.04412  0.502278 -0.159307  0.293668 -0.00286688 0.000746338 -0.00349839 -0.0818101  0.0375643 -0.0430053     4.5505 -0.0986156   -8.68905 
             61.1999  5.43957 0.838571 -9.86162   15.9223 -0.503328    8.6077 0 0 0   -0.011 -0.02329  0.04412   0.543427 -0.0799221   0.280417 -0.00290729 0.000712927 -0.00352693 -0.0810469  0.0380083 -0.0425868    4.55052 -0.0979018   -8.68906 
             61.2998  5.35472 0.942024 -10.0288   15.9678 -0.517231   8.63373 0 0 0   -0.011 -0.02329  0.04412  0.518518 -0.148708  0.293802 -0.00282844 0.000672586 -0.00346885 -0.0805889   0.038837 -0.0428321   4.55012 -0.097445  -8.68927 
             61.3996   5.2014  1.28156 -10.0229   16.0058 -0.531557   8.65772 0 0 0   -0.011 -0.02329  0.04412   0.45271 -0.185242  0.246766 -0.00284852 0.000649546 -0.00349616 -0.0802818  0.0391392 -0.0425842    4.55007 -0.0970881    -8.6893 
             61.4999  5.48739 0.554985  -10.015   16.0557 -0.541979   8.67903 0 0 0   -0.011 -0.02329  0.04412  0.546605 -0.031419  0.249857  -0.0028329 0.000751862 -0.00347115 -0.0804289  0.0392387 -0.0422362    4.55003 -0.0970225   -8.68932 
             61.5998  5.16674 0.979535 -10.3894   16.1057 -0.560383   8.70121 0 0 0   -0.011 -0.02329  0.04412  0.492828 -0.125745  0.228359  -0.0027832 0.000661682 -0.00343475  -0.080624  0.0396161 -0.0421392    4.54978 -0.0969673   -8.68945 
             61.6996  5.92303  1.06998 -9.93616   16.1612 -0.562594   8.73137 0 0 0   -0.011 -0.02329  0.04412  0.441634 -0.140318  0.267983 -0.00287714 0.000691236 -0.00349271 -0.0805615   0.038769 -0.0423435    4.55024 -0.0972976   -8.68921 
             61.7999 4.90677 1.26881 -10.385   16.2035 -0.573963   8.76284 0 0 0   -0.011 -0.02329  0.04412   0.461626 -0.0697659   0.261884   -0.002801 0.000630953 -0.00346956 -0.0802199  0.0385668 -0.0427792   4.55038 -0.097314  -8.68913 
             61.8998  5.63537 0.777761 -10.1853   16.2602 -0.580947   8.79066 0 0 0   -0.011 -0.02329  0.04412   0.523542 -0.0319528   0.279268 -0.00288007 0.000691661 -0.00347544 -0.0805133   0.038006 -0.0428007    4.55061 -0.0976862   -8.68901 
             61.9996  5.61707 0.911988 -10.2387   16.3146 -0.588742   8.81943 0 0 0   -0.011 -0.02329  0.04412  0.548399 -0.119938  0.285666 -0.00291933 0.000679743 -0.00350903 -0.0804955  0.0381756 -0.0427614    4.55053 -0.0976031   -8.68905 
             62.0999  5.0825 1.45223 -10.402   16.3713 -0.602973   8.84625 0 0 0   -0.011 -0.02329  0.04412   0.469216 -0.0797473   0.273586 -0.00284009 0.000653929 -0.00349982 -0.0811882  0.0385351 -0.0430131    4.55009 -0.0979386   -8.68928 
             62.1998  4.45129   1.7192 -10.7752   16.4166 -0.613959   8.86861 0 0 0   -0.011 -0.02329  0.04412  0.480687 -0.141827  0.271349 -0.00280093 0.000675581 -0.00346834 -0.0810095  0.0384315 -0.0425545    4.55027 -0.0977342   -8.68919 
             62.2996  5.15954  1.13048 -10.4247   16.4692 -0.622845   8.89886 0 0 0   -0.011 -0.02329  0.04412  0.528226 -0.132324  0.272101 -0.00291209 0.000718441  -0.0035164 -0.0808626   0.038049 -0.0426487    4.55051 -0.0978191   -8.68906 
             62.3999 5.15756  1.2852 -10.502   16.5133 -0.632214   8.92316 0 0 0   -0.011 -0.02329  0.04412   0.475341 -0.0188068   0.255323 -0.00291183 0.000720553 -0.00350298 -0.0803825  0.0385457 -0.0424719     4.5504 -0.0973191   -8.68912 
             62.4998  5.15258   1.3998 -10.5156   16.5614 -0.646231   8.94565 0 0 0   -0.011 -0.02329  0.04412   0.569205 -0.0821781   0.224196 -0.00284923 0.000676829 -0.00349513 -0.0808635  0.0392338 -0.0427433    4.54984 -0.0974235   -8.68942 
             62.5996  4.94128  1.41943 -10.6237   16.6103 -0.653206   8.97015 0 0 0   -0.011 -0.02329  0.04412  0.447054 -0.181916  0.260385 -0.00291885 0.000664833 -0.00353301 -0.0803483  0.0392057 -0.0424856    4.55004 -0.0970682   -8.68932 
             62.6999  4.57294  1.68506 -10.8377   16.6609 -0.662339   8.99699 0 0 0   -0.011 -0.02329  0.04412   0.453834 -0.0110647   0.239166 -0.00282469 0.000641482 -0.00347993 -0.0809062  0.0387393 -0.0425943   4.55012 -0.097578  -8.68927 
             62.7998   4.4991  1.32759 -11.0043   16.7178 -0.667896   9.02835 0 0 0   -0.011 -0.02329  0.04412  0.545013 -0.171456  0.297949 -0.00285285 0.000652795 -0.00350044 -0.0809194  0.0376914 -0.0427225    4.55069 -0.0979988   -8.68897 
             62.8996  4.69459  1.17516 -10.9419   16.7637 -0.679022   9.05382 0 0 0   -0.011 -0.02329  0.04412   0.549706 -0.0114679    0.23878 -0.00287911 0.000687693 -0.00348624 -0.0806616  0.0383319 -0.0426969    4.55041 -0.0976186   -8.68911 
             62.9999  4.63611  1.29433 -11.0465   16.8238 -0.687719   9.08396 0 0 0   -0.011 -0.02329  0.04412   0.56326 -0.130994  0.264401  -0.0028163 0.000669989 -0.00348264 -0.0810926  0.0380014 -0.0431715    4.55041 -0.0981166   -8.68911 
             63.0998  4.13132  1.51152 -11.2998  16.8713 -0.70548  9.10906 0 0 0   -0.011 -0.02329  0.04412  0.497302 -0.134881  0.282323 -0.00276714 0.000640685  -0.0034621 -0.0809561  0.0390965 -0.0434435    4.54982 -0.0977243   -8.68942 
             63.1996  4.06506   2.0552 -11.2994   16.9217 -0.720078   9.13592 0 0 0   -0.011 -0.02329  0.04412  0.399024 -0.115851  0.273613 -0.00282227 0.000657967 -0.00349917  -0.081262  0.0389585 -0.0432548    4.54982 -0.0978945   -8.68942 
             63.2999  4.40549  1.63264 -11.2412   16.9721 -0.734242   9.15845 0 0 0   -0.011 -0.02329  0.04412    0.51435 -0.0856942   0.245486 -0.00290745 0.000704569 -0.00349881 -0.0817792  0.0386607 -0.0429031    4.54985 -0.0981973    -8.6894 
             63.3998 4.71937 1.23529 -11.242   17.0271 -0.736044   9.18428 0 0 0   -0.011 -0.02329  0.04412  0.549651 -0.132445  0.258463  -0.0028644 0.000745404 -0.00348077  -0.081495  0.0382989 -0.0427943    4.55015 -0.0981366   -8.68925 
             63.4996  3.94603  1.34425 -11.7077   17.0753 -0.753631   9.21183 0 0 0   -0.011 -0.02329  0.04412  0.517308 -0.136833  0.282306 -0.00281125 0.000710369 -0.00346494 -0.0811633  0.0386642 -0.0430006    4.55004 -0.0978745   -8.68931 
             63.5999  4.69188  1.50125 -11.1815   17.1309 -0.768376   9.23776 0 0 0   -0.011 -0.02329  0.04412   0.530811 -0.0844477   0.250942   -0.002865  0.00071392 -0.00352867 -0.0815498  0.0386173 -0.0429572    4.54994 -0.0980985   -8.68936 
             63.6998  4.78128  2.01621 -11.4024   17.1923 -0.776548   9.27062 0 0 0   -0.011 -0.02329  0.04412  0.579245 -0.270163  0.300146 -0.00284136 0.000643546 -0.00345768 -0.0814096   0.037781 -0.0431652   4.55043 -0.098379   -8.6891 
             63.7996 4.74031 2.44802 -11.312 17.2424 -0.7991 9.29878 0 0 0   -0.011 -0.02329  0.04412 0.491835  0.01727 0.276077 -0.00286761 0.000692474 -0.00350443 -0.0815481  0.0386507 -0.0435249    4.54988 -0.0982385   -8.68939 
             63.8999  5.13414  2.67687 -11.1906   17.2815 -0.812396   9.32114 0 0 0   -0.011 -0.02329  0.04412  0.370984 -0.198616  0.271154 -0.00281403 0.000706203 -0.00348599 -0.0815396  0.0393331 -0.0433843    4.54952 -0.0979432   -8.68958 
             63.9998   5.0181  2.00232 -11.3049   17.3257 -0.818439   9.34729 0 0 0   -0.011 -0.02329  0.04412   0.515253 -0.0694526   0.260143 -0.00285493 0.000753144 -0.00349491 -0.0813792  0.0389821 -0.0433779    4.54976 -0.0979834   -8.68945 
             64.0996   4.6358  1.67608 -11.8757   17.3873 -0.825836   9.37933 0 0 0   -0.011 -0.02329  0.04412  0.584136 -0.123225  0.314982 -0.00282758 0.000690683 -0.00344786 -0.0816115  0.0381573 -0.0434867    4.55013 -0.0984471   -8.68925 
             64.1999  4.59073  1.98308 -11.8449   17.4416 -0.850968   9.41116 0 0 0   -0.011 -0.02329  0.04412  0.526401 -0.161647  0.298141 -0.00285157 0.000697348 -0.00349386 -0.0820334  0.0385297 -0.0437271    4.54976 -0.0986102   -8.68944 
             64.2998  5.42062  2.16071 -11.2363   17.4831 -0.867209   9.43564 0 0 0   -0.011 -0.02329  0.04412    0.4239 -0.108969  0.239553 -0.00287984 0.000679425 -0.00352698  -0.081761  0.0391345 -0.0435937    4.54954 -0.0981953   -8.68957 
             64.3996  5.66898  1.83583 -11.1965   17.5189 -0.873302   9.45509 0 0 0   -0.011 -0.02329  0.04412  0.462043 -0.230678  0.258141 -0.00286128 0.000705508 -0.00354817  -0.080714  0.0399766 -0.0430938    4.54947 -0.0971617   -8.68961 
             64.4999   5.0085  1.80481 -11.6654   17.5731 -0.888725   9.47676 0 0 0   -0.011 -0.02329  0.04412   0.485121 -0.0776623   0.228759 -0.00280935  0.00071873 -0.00350473 -0.0812013  0.0393428  -0.042598     4.5497 -0.0975061   -8.68949 
             64.5998  5.91452  1.48748 -11.1575   17.6202 -0.901327   9.49925 0 0 0   -0.011 -0.02329  0.04412  0.455571 -0.118989    0.2317  -0.0028772 0.000722878 -0.00353867 -0.0812861  0.0395332  -0.042624    4.54957 -0.0974872   -8.68956 
             64.6996  5.86122  1.55172 -11.3508  17.6754 -0.91196  9.51921 0 0 0   -0.011 -0.02329  0.04412   0.548777 -0.0920815   0.210838  -0.0028656 0.000712319 -0.00350323 -0.0820107  0.0394368 -0.0425946    4.54939 -0.0978999   -8.68965 
             64.7999  5.22882  1.57456 -11.8291   17.7323 -0.929654   9.54804 0 0 0   -0.011 -0.02329  0.04412  0.584877 -0.156225  0.298431 -0.00281741 0.000696969  -0.0034857 -0.0821312  0.0396591 -0.0432347    4.54915 -0.0980799   -8.68977 
             64.8998    5.359  2.42839 -11.6794   17.7804 -0.946326   9.57821 0 0 0   -0.011 -0.02329  0.04412  0.429593 -0.104545  0.248884 -0.00287916 0.000654313 -0.00354098  -0.081982    0.03953 -0.0434077   4.54925 -0.098103  -8.68972 
             64.9996   6.0726  2.18165 -11.4248   17.8208 -0.954914    9.5981 0 0 0   -0.011 -0.02329  0.04412  0.440529 -0.165711  0.237233 -0.00291013 0.000694682  -0.0035332 -0.0816447  0.0398099  -0.043072    4.54924 -0.0977132   -8.68972 
             65.0999  5.58414  1.74213 -11.7426   17.8599 -0.971482    9.6171 0 0 0   -0.011 -0.02329  0.04412  0.488723 -0.136378  0.216911 -0.00285779 0.000702239 -0.00351824 -0.0814881  0.0406595 -0.0428681    4.54886 -0.0972404   -8.68993 
             65.1998  5.67419   1.8283 -11.8663   17.9196 -0.990885   9.65044 0 0 0   -0.011 -0.02329  0.04412  0.494333 -0.225331  0.273816 -0.00287533  0.00068858 -0.00351878 -0.0817462  0.0399582  -0.043539    4.54907 -0.0978595   -8.68981 
             65.2996 6.14067 2.50529 -11.617  17.9874 -1.00163  9.68034 0 0 0   -0.011 -0.02329  0.04412    0.491739 -0.00225744    0.260507 -0.00290018 0.000672178 -0.00353259  -0.082568  0.0385804 -0.0436446   4.54953 -0.098856  -8.68956 
             65.3999  6.07805  2.56839 -11.5655 18.0373 -1.0153 9.71097 0 0 0   -0.011 -0.02329  0.04412  0.534002 -0.221746  0.260825  -0.0028915 0.000668712 -0.00354735 -0.0827542  0.0385819 -0.0441182    4.54941 -0.0991062   -8.68962 
             65.4998 5.72553 2.33963  -11.82  18.0984 -1.02723  9.73275 0 0 0   -0.011 -0.02329  0.04412  0.590113 -0.105578  0.259735 -0.00284023  0.00071538 -0.00352611 -0.0828218  0.0381628 -0.0434327     4.5497 -0.0990749   -8.68947 
             65.5996   5.9362  2.54263 -11.7782  18.1461 -1.04245  9.75844 0 0 0   -0.011 -0.02329  0.04412  0.511334 -0.113451   0.23312 -0.00286045 0.000714816 -0.00351162 -0.0825603  0.0387024 -0.0437044    4.54947 -0.0988228    -8.6896 
             65.6999  6.08711  2.37065 -11.7729  18.1943 -1.05174  9.78437 0 0 0   -0.011 -0.02329  0.04412 0.530575 -0.16565 0.261452 -0.00290818  0.00070371 -0.00353933 -0.0819723  0.0387667 -0.0437998    4.54961 -0.0985337   -8.68952 
             65.7998  5.79723  2.46977 -12.1395   18.246 -1.07482   9.8131 0 0 0   -0.011 -0.02329  0.04412  0.55072 -0.25973 0.266728 -0.00282462 0.000702816 -0.00347623 -0.0822504   0.038853 -0.0440062    4.54945 -0.0987108   -8.68961 
             65.8996  6.60519  2.68031 -11.7629 18.2993 -1.0863  9.8356 0 0 0   -0.011 -0.02329  0.04412   0.581148 -0.0186349    0.25965 -0.00292505 0.000720633  -0.0035332  -0.082327  0.0393475 -0.0436849    4.5492 -0.098443  -8.68974 
             65.9999  5.75576  2.98975 -12.3057  18.3555 -1.10381  9.86303 0 0 0   -0.011 -0.02329  0.04412  0.535299 -0.157404  0.247631 -0.00282321 0.000731026 -0.00347229 -0.0824606  0.0391637 -0.0439675    4.54922 -0.0986811   -8.68973 
             66.0998  6.24995  3.12167 -11.8961  18.4025 -1.12306  9.88274 0 0 0   -0.011 -0.02329  0.04412  0.426999 -0.297492  0.254134  -0.0028571 0.000718295 -0.00349103 -0.0824497  0.0395968 -0.0435873    4.54904 -0.0983676   -8.68983 
             66.1996   6.2934  3.04314 -11.7548  18.4498 -1.12624  9.91055 0 0 0   -0.011 -0.02329  0.04412  0.440823 0.0117886  0.262578 -0.00289929 0.000689209 -0.00348437 -0.0818127  0.0386778 -0.0434882    4.54976 -0.0983899   -8.68945 
             66.2999  6.23515  2.66549 -12.2458  18.4925 -1.13226   9.9374 0 0 0   -0.011 -0.02329  0.04412   0.603115 -0.0504137    0.25903 -0.00292223 0.000681659 -0.00346688 -0.0811859  0.0387727 -0.0435481    4.54991 -0.0980685   -8.68937 
             66.3998  6.5162 2.46781  -12.32 18.5395  -1.151 9.96827 0 0 0   -0.011 -0.02329  0.04412  0.436052 -0.213887  0.289122 -0.00294481 0.000637236 -0.00348013  -0.081125  0.0396905 -0.0443673    4.54935 -0.0979692   -8.68967 
             66.4996 5.83285 2.61384 -12.593  18.5766 -1.17284  9.98169 0 0 0   -0.011 -0.02329  0.04412   0.433063 -0.0970713   0.210818 -0.00283352 0.000709723 -0.00346558 -0.0817818  0.0410364 -0.0438494    4.54847 -0.0975508   -8.69013 
             66.5999  6.03267  2.29516 -12.7177  18.6156 -1.19268  10.0055 0 0 0   -0.011 -0.02329  0.04412   0.40759 -0.255206  0.248476 -0.00289532  0.00066746 -0.00345777 -0.0823313  0.0413191 -0.0442814    4.54808 -0.0978548   -8.69033 
             66.6998  5.72572  2.00114 -12.9488  18.6615 -1.20753  10.0318 0 0 0   -0.011 -0.02329  0.04412  0.456332 -0.149715  0.236104 -0.00289538 0.000643897 -0.00347512 -0.0818873  0.0405403 -0.0440511    4.54867 -0.0978811   -8.69002 
             66.7996  6.41089  1.48964 -12.5924  18.7178 -1.21053  10.0631 0 0 0   -0.011 -0.02329  0.04412   0.463303 -0.0507562   0.249419  -0.0029114 0.000676546 -0.00347097 -0.0818415  0.0393745 -0.0441929    4.54928 -0.0983917    -8.6897 
             66.8999  5.75363  1.52813 -13.1759  18.7624 -1.22047  10.0876 0 0 0   -0.011 -0.02329  0.04412  0.444818 -0.101516   0.24863 -0.00288852 0.000666183 -0.00344503 -0.0816985  0.0388374 -0.0439467    4.54965 -0.0984681    -8.6895 
             66.9998   6.5721 0.800037 -12.8245  18.8163 -1.23302  10.1177 0 0 0   -0.011 -0.02329  0.04412  0.474599 -0.250351  0.302336 -0.00295412 0.000697348 -0.00348365  -0.082169  0.0383308 -0.0442997     4.5497 -0.0990281   -8.68947 
             67.0996  5.97239 0.710298  -13.217  18.8717 -1.26019  10.1459 0 0 0   -0.011 -0.02329  0.04412 0.584254 -0.19242 0.289082 -0.00287093 0.000680229 -0.00345549 -0.0828025  0.0382276 -0.0442062    4.54955 -0.0993761   -8.68955 
             67.1999  7.16868 0.935227 -12.6458 18.9226 -1.2742 10.1745 0 0 0   -0.011 -0.02329  0.04412    0.51186 -0.0516051   0.251492 -0.00298209  0.00068705 -0.00350496 -0.0826219  0.0386137 -0.0443983   4.54938 -0.099166  -8.68964 
             67.2998  6.98329 0.947038  -13.002  18.9744 -1.28655  10.1957 0 0 0   -0.011 -0.02329  0.04412  0.495062 -0.267116  0.247079  -0.0029474 0.000709031 -0.00346875 -0.0827472  0.0385547 -0.0438304    4.54947 -0.0991123   -8.68959 
             67.3996 6.66821 1.00872  -13.12  19.0197 -1.30933  10.2237 0 0 0   -0.011 -0.02329  0.04412   0.516248 -0.0305938   0.272512 -0.00288252 0.000678315 -0.00345975 -0.0829095   0.039135  -0.044294    4.54902 -0.0990676   -8.68983 
             67.4999   7.3498 0.826879 -13.1246   19.076 -1.31014  10.2507 0 0 0   -0.011 -0.02329  0.04412  0.489123 -0.183662  0.274003 -0.00296514   0.0007255 -0.00348445  -0.082071  0.0382081 -0.0437502    4.54989 -0.0988855   -8.68937 
             67.5998  6.96073  1.15246 -13.4058  19.1188 -1.32802  10.2741 0 0 0   -0.011 -0.02329  0.04412  0.478084 -0.134704  0.260694 -0.00289807 0.000695452 -0.00346553 -0.0821929   0.039541 -0.0439717    4.54911 -0.0984234   -8.68978 
             67.6996  6.46777  1.35019 -13.7546  19.1652 -1.34459  10.3035 0 0 0   -0.011 -0.02329  0.04412   0.485793 -0.0964096   0.257631 -0.00292639 0.000674172 -0.00347414 -0.0822284  0.0394786 -0.0443154    4.54906 -0.0985597   -8.68981 
             67.7999  7.04233  1.22128 -13.5775  19.2246 -1.36298  10.3317 0 0 0   -0.011 -0.02329  0.04412  0.593383 -0.141084  0.258821 -0.00299381 0.000669336  -0.0035006  -0.082854  0.0388987 -0.0444533    4.54912 -0.0991813   -8.68977 
             67.8998  7.22505  1.49326 -13.5004  19.2744 -1.37503  10.3573 0 0 0   -0.011 -0.02329  0.04412  0.496442 -0.207708  0.275668 -0.00292641 0.000661283 -0.00346028 -0.0829308  0.0393873  -0.044505    4.54883 -0.0990139   -8.68993 
             67.9996  6.03647  1.54711 -13.9325  19.3277 -1.39461  10.3938 0 0 0   -0.011 -0.02329  0.04412  0.473385 -0.200235  0.302818 -0.00286224 0.000729922 -0.00344252 -0.0827681  0.0381835 -0.0449384    4.54942 -0.0995939   -8.68961 
             68.0999  7.48805  1.39413 -13.3558  19.3777 -1.40835  10.4179 0 0 0   -0.011 -0.02329  0.04412  0.508171 -0.165523  0.274066  -0.0029969 0.000712179  -0.0034996 -0.0830836  0.0382535 -0.0446123   4.54933 -0.099637  -8.68966 
             68.1998  6.81504  1.26626 -13.8334  19.4126 -1.42506  10.4384 0 0 0   -0.011 -0.02329  0.04412   0.351659 -0.0850871   0.253718 -0.00287174 0.000730764 -0.00345902 -0.0825094  0.0390838 -0.0441319     4.5492 -0.0988328   -8.68973 
             68.2996  7.74208 0.744431 -13.5693  19.4656 -1.44542  10.4619 0 0 0   -0.011 -0.02329  0.04412  0.597245 -0.175302  0.219419 -0.00299121 0.000736038 -0.00351011 -0.0832434   0.039134 -0.0441242    4.54891 -0.0991824   -8.68988 
             68.3999  7.75459 0.747928 -13.6421  19.5224 -1.45876   10.489 0 0 0   -0.011 -0.02329  0.04412  0.450959 -0.137458  0.289842 -0.00294986 0.000710761 -0.00349065  -0.083145  0.0395501 -0.0445181    4.54866 -0.0990472   -8.69002 
             68.4998  6.70549   1.6017 -14.1877  19.5526 -1.46974  10.5154 0 0 0   -0.011 -0.02329  0.04412  0.350792 -0.150218  0.227826 -0.00291181 0.000644896 -0.00346748 -0.0823209  0.0401606 -0.0444883    4.54865 -0.0983363   -8.69003 
             68.5996   6.6927  1.05655 -14.3049  19.5869 -1.48945  10.5464 0 0 0   -0.011 -0.02329  0.04412  0.481087 -0.203431  0.263236 -0.00292149 0.000681831 -0.00348253 -0.0822538  0.0398024 -0.0450489    4.54873 -0.0986154   -8.68998 
             68.6999  7.57525 0.124707   -14.02 19.6511 -1.4962 10.5672 0 0 0   -0.011 -0.02329  0.04412   0.628238 -0.0332151   0.249962 -0.00291534 0.000777327 -0.00349657 -0.0826616   0.039505  -0.044503    4.54885 -0.0988247   -8.68992 
             68.7998  6.23691  1.06825 -14.9834  19.7005 -1.51604  10.5912 0 0 0   -0.011 -0.02329  0.04412  0.368725 -0.262703  0.248594 -0.00285732 0.000664067  -0.0034292 -0.0829575  0.0394461 -0.0442817    4.54882 -0.0989514   -8.68993 
             68.8996  7.00114    0.921 -14.5097  19.7386 -1.53756   10.614 0 0 0   -0.011 -0.02329  0.04412  0.424687 -0.144684  0.259317 -0.00293674 0.000697051 -0.00350697 -0.0832318  0.0399092 -0.0443316    4.54848 -0.0988882   -8.69011 
             68.9999  7.18156 0.474204 -14.6949  19.7709 -1.55578  10.6453 0 0 0   -0.011 -0.02329  0.04412  0.454168 -0.324913   0.24618 -0.00291503 0.000702971 -0.00346951 -0.0825159  0.0402911 -0.0447333    4.54847 -0.0984223   -8.69012 
             69.0998  7.39235 0.230212 -14.5181  19.8353 -1.58297  10.6771 0 0 0   -0.011 -0.02329  0.04412    0.61772 -0.0701377   0.302868 -0.00294589 0.000717223 -0.00348623 -0.0834072  0.0393231 -0.0450291    4.54856 -0.0994174   -8.69006 
             69.1996  8.22375 0.917806 -14.0949 19.8862 -1.5856 10.6996 0 0 0   -0.011 -0.02329  0.04412  0.452551 -0.107729  0.229576 -0.00295889 0.000673797 -0.00351181 -0.0824595  0.0395064   -0.04439    4.54896 -0.0986919   -8.68986 
             69.2999  7.42243 0.825494 -14.8063    19.95 -1.60109  10.7273 0 0 0   -0.011 -0.02329  0.04412  0.543036 -0.145457  0.268407 -0.00293112 0.000721695 -0.00346374 -0.0834523  0.0388544 -0.0447885    4.54883 -0.0996129   -8.68992 
             69.3998  6.86165  1.49835 -14.9729   20.004 -1.61096  10.7539 0 0 0   -0.011 -0.02329  0.04412  0.571108 -0.188615  0.261495 -0.00290757 0.000641226 -0.00349065 -0.0830479  0.0384726 -0.0444279    4.54925 -0.0995048    -8.6897 
             69.4996  6.80356  1.76678 -15.1537 20.0583 -1.6383 10.7884 0 0 0   -0.011 -0.02329  0.04412   0.510567 -0.0731739   0.307395 -0.00292637 0.000717902 -0.00346874 -0.0838978  0.0386511 -0.0453208   4.54865 -0.100064  -8.69001 
             69.5999  7.37672  1.83693 -14.9154  20.1189 -1.63995  10.8119 0 0 0   -0.011 -0.02329  0.04412  0.422679 -0.242651  0.222528  -0.0029748 0.000702579 -0.00349539 -0.0841975  0.0373171 -0.0443911   4.54939 -0.100644  -8.68962 
             69.6998  6.24991  1.30989 -15.3591  20.1605 -1.66911   10.837 0 0 0   -0.011 -0.02329  0.04412  0.524003 -0.276171   0.29858 -0.00288812 0.000757925 -0.00348842 -0.0838736  0.0381916 -0.0445072   4.54906 -0.100081   -8.6898 
             69.7996  7.56135  1.64426 -14.7974  20.2099 -1.69101  10.8692 0 0 0   -0.011 -0.02329  0.04412  0.560973 -0.134591  0.298617 -0.00302604 0.000679175 -0.00353593 -0.0835149  0.0382455  -0.044759    4.54913 -0.0999353   -8.68976 
             69.8999  8.23492  1.75594 -14.5783  20.2604 -1.70681  10.8982 0 0 0   -0.011 -0.02329  0.04412 0.448207 -0.18743 0.245964 -0.00301168 0.000737261 -0.00351605 -0.0836911  0.0381812 -0.0449393 4.54906 -0.1001 -8.6898 
             69.9998  7.85804  1.78496 -14.8132  20.3067 -1.72286  10.9232 0 0 0   -0.011 -0.02329  0.04412  0.471927 -0.183707  0.255433 -0.00295462 0.000717629  -0.0034976 -0.0834879  0.0383377  -0.044816    4.54908 -0.0998905   -8.68978 
             70.0996  8.0581 1.47056 -14.727  20.3499 -1.73585  10.9433 0 0 0   -0.011 -0.02329  0.04412  0.497121 -0.132197  0.249489 -0.00297203 0.000746037 -0.00352309 -0.0831703  0.0392607 -0.0446321    4.54879 -0.0992311   -8.68995 
             70.1999  7.34101  1.55767 -15.1768  20.3864 -1.75362  10.9744 0 0 0   -0.011 -0.02329  0.04412   0.507135 -0.0335072   0.287891 -0.00290091 0.000699499  -0.0034723 -0.0827877  0.0394717 -0.0453634    4.54868 -0.0991407      -8.69 
             70.2998   8.3431 0.720301  -14.805  20.4391 -1.77126  11.0009 0 0 0   -0.011 -0.02329  0.04412  0.471677 -0.272584  0.242296 -0.00304778 0.000752172 -0.00352245 -0.0838646  0.0391847 -0.0457812    4.54832 -0.0999194   -8.69018 
             70.3996  7.49565 0.737352 -15.3785  20.4982 -1.78496  11.0134 0 0 0   -0.011 -0.02329  0.04412  0.593717 -0.124362  0.260457 -0.00294095 0.000718807 -0.00350159  -0.083924   0.039676 -0.0443983    4.54836 -0.0993371   -8.69017 
             70.4999  6.91967  1.60641 -15.9655  20.5429 -1.80604  11.0437 0 0 0   -0.011 -0.02329  0.04412  0.462713 -0.250244  0.244775 -0.00295672 0.000738107 -0.00350471 -0.0836668  0.0399583 -0.0448347    4.54822 -0.0991822   -8.69024 
             70.5998   7.0402  1.83926 -15.6442  20.5859 -1.83494  11.0649 0 0 0   -0.011 -0.02329  0.04412  0.360345 -0.219873  0.247589  -0.0029534 0.000701769 -0.00351266 -0.0839201  0.0399469 -0.0444796    4.54821 -0.0992261   -8.69025 
             70.6996  8.20138  1.64447 -14.8386   20.627 -1.85734  11.0918 0 0 0   -0.011 -0.02329  0.04412  0.417486 -0.245646  0.215207 -0.00298004 0.000691824  -0.0035439 -0.0838805  0.0393904 -0.0446227    4.54847 -0.0995183   -8.69011 
             70.7999  8.83706    1.163 -14.8311  20.6842 -1.86689  11.1233 0 0 0   -0.011 -0.02329  0.04412  0.607851 -0.200214  0.279335  -0.0029846 0.000687811 -0.00351663 -0.0835393  0.0386065 -0.0448814    4.54893 -0.0998043   -8.68986 
             70.8998  7.77044  1.66267 -15.4217  20.7336 -1.88395   11.144 0 0 0   -0.011 -0.02329  0.04412   0.597788 -0.0796801    0.26099 -0.00293225 0.000710414 -0.00348845 -0.0826775  0.0389951  -0.044199    4.54922 -0.0990148   -8.68972 
             70.9996 8.88041 2.01588 -14.708 20.7885 -1.8978 11.1725 0 0 0   -0.011 -0.02329  0.04412  0.484627 -0.299303  0.233344 -0.00301701   0.0006928 -0.00353479 -0.0828234  0.0383616  -0.044472    4.54941 -0.0994729   -8.68962 
             71.0999  8.62917  2.24894 -14.9377   20.833 -1.91507  11.2001 0 0 0   -0.011 -0.02329  0.04412   0.413268 -0.0710759   0.287334 -0.00302527 0.000670724 -0.00354883 -0.0830001  0.0386048 -0.0446723    4.54918 -0.0994909   -8.68974 
             71.1998 8.33467 2.30669 -15.423 20.8747 -1.9369  11.232 0 0 0   -0.011 -0.02329  0.04412  0.488229 -0.123168  0.279246 -0.00296227 0.000673294 -0.00350501 -0.0837433  0.0388943  -0.045364     4.5486 -0.0998941   -8.69004 
             71.2996  8.36886  1.68754 -15.3523  20.9343 -1.94608  11.2618 0 0 0   -0.011 -0.02329  0.04412  0.405293 -0.169914  0.293853 -0.00294949 0.000743394 -0.00354254 -0.0839674  0.0374129 -0.0449681   4.54932 -0.100623  -8.68965 
             71.3999  8.21154  1.45088 -15.7177  20.9722 -1.96467  11.2822 0 0 0   -0.011 -0.02329  0.04412  0.405633 -0.235466  0.288124 -0.00295122 0.000723139 -0.00351211 -0.0841493   0.038631 -0.0444816    4.54878 -0.0999507   -8.68994 
             71.4998   7.6931  1.24445 -16.1395 21.0191 -1.9864 11.3075 0 0 0   -0.011 -0.02329  0.04412  0.495647 -0.165617  0.282958 -0.00293821  0.00072384 -0.00350993 -0.0842814    0.03863 -0.0440724    4.54882 -0.0998957   -8.68992 
             71.5996  8.23098    1.323 -15.8496  21.0685 -2.01048  11.3375 0 0 0   -0.011 -0.02329  0.04412  0.518267 -0.205657  0.248287 -0.00295625 0.000684291 -0.00352227 -0.0841584  0.0383616 -0.0440792    4.54899 -0.0999751   -8.68983 
             71.6999  9.19263  1.40317 -15.4537  21.1336 -2.01921   11.364 0 0 0   -0.011 -0.02329  0.04412  0.521433 -0.217527     0.243 -0.00297849 0.000705505 -0.00350873 -0.0844664   0.037277 -0.0439195   4.54943 -0.100632  -8.68959 
             71.7998  7.91454  1.59243 -16.1322  21.1734 -2.03883  11.3808 0 0 0   -0.011 -0.02329  0.04412    0.52235 -0.0234325    0.23524 -0.00288515 0.000674884 -0.00349599 -0.0839913  0.0385527 -0.0435391    4.54909 -0.0996581   -8.68978 
             71.8996 8.67977 1.32548 -15.911  21.2171 -2.05804  11.4048 0 0 0   -0.011 -0.02329  0.04412  0.358457 -0.320315  0.228939 -0.00298925   0.0007482  -0.0035296 -0.0843368  0.0385313 -0.0437134    4.54893 -0.0998783   -8.68987 
             71.9999   8.5221 0.813802 -15.7357  21.2548 -2.08006  11.4316 0 0 0   -0.011 -0.02329  0.04412  0.506516 -0.113688  0.244449  -0.0029544 0.000727815 -0.00353768 -0.0844678  0.0392027 -0.0443479    4.54841 -0.0997547   -8.69014 
             72.0998   8.3719 0.720121 -16.2451  21.3201 -2.08649  11.4557 0 0 0   -0.011 -0.02329  0.04412   0.628327 -0.0878854   0.251019 -0.00299359 0.000723021 -0.00350561 -0.0841986  0.0380654 -0.0436593  4.54922 -0.10004 -8.68971 
             72.1996  7.98966  1.38065 -16.2611  21.3768 -2.10336   11.486 0 0 0   -0.011 -0.02329  0.04412  0.539821 -0.238439   0.26472 -0.00294258 0.000686619 -0.00351554 -0.0840389  0.0379776 -0.0440081   4.54924 -0.100091   -8.6897 
             72.2999  7.74816  2.12292 -16.2289   21.424 -2.12543  11.5135 0 0 0   -0.011 -0.02329  0.04412  0.489123 -0.188516  0.284208 -0.00294997 0.000651176 -0.00351886 -0.0842093  0.0386977 -0.0445131    4.54871 -0.0999226   -8.68998 
             72.3998  7.38194  2.51277 -16.4911  21.4761 -2.14605  11.5458 0 0 0   -0.011 -0.02329  0.04412  0.522246 -0.243211  0.284589 -0.00293561 0.000651921 -0.00352057 -0.0840082  0.0378664 -0.0445322   4.54918 -0.100256  -8.68973 
             72.4996  8.27612  2.67947 -15.9972 21.5229 -2.1691 11.5696 0 0 0   -0.011 -0.02329  0.04412  0.468473 -0.248984  0.267851 -0.00298913 0.000686183 -0.00355585 -0.0839842  0.0385457 -0.0443419    4.54891 -0.0998494   -8.68988 
             72.5999  8.21813  2.97279 -16.0304 21.5661 -2.1938 11.5883 0 0 0   -0.011 -0.02329  0.04412  0.447985 -0.137863  0.254922 -0.00299255 0.000680337 -0.00355413 -0.0839417  0.0388347 -0.0437517     4.5489 -0.0995277   -8.68988 
             72.6998  9.23606  2.64821 -15.5532  21.6133 -2.20502   11.613 0 0 0   -0.011 -0.02329  0.04412  0.441564 -0.130621  0.204709 -0.00297865 0.000730116 -0.00355036 -0.0841234  0.0383959  -0.043867    4.54901 -0.0998683   -8.68982 
             72.7996    8.625  2.39624 -16.2673  21.6684 -2.21567   11.641 0 0 0   -0.011 -0.02329  0.04412  0.527649 -0.192967  0.276145 -0.00294172 0.000750948 -0.00350406 -0.0839852  0.0374914 -0.0437868   4.54951 -0.100244  -8.68956 
             72.8999  8.43941  2.53462 -16.5145  21.7172 -2.23437  11.6678 0 0 0   -0.011 -0.02329  0.04412  0.413623 -0.110162   0.23708 -0.00293452 0.000698373 -0.00351378  -0.084343  0.0377797 -0.0441277   4.54916 -0.100359  -8.68974 
             72.9998 8.16233 2.54929 -16.812  21.7676 -2.25226  11.6946 0 0 0   -0.011 -0.02329  0.04412  0.506226 -0.176819  0.251391  -0.0029126 0.000659518 -0.00350832 -0.0846429  0.0373257 -0.0443698    4.5492 -0.100799  -8.68971 
             73.0996 8.50021 2.26929 -16.958  21.8224 -2.27217  11.7225 0 0 0   -0.011 -0.02329  0.04412  0.514583 -0.172555  0.245905 -0.00298832  0.00073316 -0.00351845 -0.0856205  0.0369825 -0.0448958   4.54885 -0.101566  -8.68989 
             73.1999  7.94133   2.0674 -17.3272   21.871 -2.29392  11.7436 0 0 0   -0.011 -0.02329  0.04412   0.50192 -0.247978  0.277683 -0.00293787 0.000713238 -0.00351318 -0.0854239  0.0372334 -0.0443774  4.54892  -0.1012 -8.68985 
             73.2998  8.55114   2.0929 -17.0623  21.9295 -2.32111  11.7682 0 0 0   -0.011 -0.02329  0.04412  0.507305 -0.235138  0.226834 -0.00300571 0.000750366 -0.00355636 -0.0858706  0.0368309 -0.0442541   4.54894 -0.101581  -8.68984 
             73.3996  9.06764  2.32034 -16.8981  21.9679 -2.33909  11.7879 0 0 0   -0.011 -0.02329  0.04412  0.350411 -0.213679  0.127908 -0.00300151 0.000706149 -0.00355195 -0.0854528  0.0374926 -0.0444476   4.54878 -0.101089  -8.68993 
             73.4999  8.55799  2.91894 -16.7418  21.9665 -2.35151  11.7915 0 0 0   -0.011 -0.02329  0.04412  -0.119583   0.157379 -0.0759614 -0.00291539 0.000697252 -0.00353965  -0.085139  0.0382775 -0.0447953   4.54848 -0.100615  -8.69009 
             73.5998  9.75658    2.965 -16.1122  21.9437 -2.33378  11.7833 0 0 0   -0.011 -0.02329  0.04412  -0.160318 0.00509678  -0.062381 -0.00303586  0.00067749 -0.00357446 -0.0839097  0.0390043 -0.0444575    4.54874 -0.0995812   -8.68997 
             73.6996 8.55386 2.29727 -16.995  21.9342 -2.33752  11.7806 0 0 0   -0.011 -0.02329  0.04412  -0.0133596 0.000358024 -0.00231273 -0.00289678 0.000755264 -0.00348564 -0.0842386  0.0393112 -0.0447644    4.54839 -0.0996491   -8.69015 
             73.7999  8.92168  2.14939 -16.6935   21.926 -2.33973  11.7764 0 0 0   -0.011 -0.02329  0.04412   -0.0524067 -0.000789796   -0.0255633 -0.00298652 0.000740259 -0.00355481 -0.0840782  0.0399854 -0.0446117    4.54818 -0.0991748   -8.69026 
             73.8998  8.87843  2.43536 -16.4721  21.9199 -2.32743  11.7711 0 0 0   -0.011 -0.02329  0.04412 -0.266791  0.153021 -0.116769 -0.00292576 0.000691148 -0.00354209 -0.0841978  0.0389735 -0.0443394   4.54866 -0.099688  -8.69001 
             73.9996  8.35847  2.32095 -14.9001  21.8949 -2.28494  11.7612 0 0 0   -0.011 -0.02329  0.04412 -0.237018  0.597061  -0.12817  -0.0028769   0.0007165 -0.00359622 -0.0844729  0.0382311 -0.0444899   4.54885 -0.100244   -8.6899 
             74.0999  5.19861 0.839679 -9.60486  21.8956 -2.24834  11.7564 0 0 0   -0.011 -0.02329  0.04412   0.0102837    0.138167 -0.00938121 -0.00276205 0.000755393 -0.00381889 -0.0849595   0.037148 -0.0443441    4.5492 -0.100972  -8.68971 
             74.1998  3.07082 0.567267 -6.83602  21.8973 -2.26443  11.7537 0 0 0   -0.011 -0.02329  0.04412  0.0383369  -0.130357 0.00329292 -0.00291178 0.000735572 -0.00369408 -0.0852868  0.0374505  -0.044424   4.54893 -0.101018  -8.68985 
             74.2996  5.33526 0.834127  -6.5097  21.9066 -2.26001  11.7594 0 0 0   -0.011 -0.02329  0.04412 -0.00998813  -0.0042197  -0.0102187 -0.00316322 0.000680103  -0.0036084 -0.0856532  0.0371145 -0.0449891   4.54897 -0.101481  -8.68983 
             74.3999   3.6573  1.03515 -7.42535  21.8946 -2.25699  11.7562 0 0 0   -0.011 -0.02329  0.04412  -0.205037   0.270039 -0.0978376 -0.00291204 0.000717161 -0.00351585 -0.0856917  0.0373872  -0.045187   4.54885 -0.101516  -8.68989 
             74.4998  3.59748 0.564994 -4.80394  21.8649 -2.22955  11.7447 0 0 0   -0.011 -0.02329  0.04412 -0.325556  0.263111 -0.132217 -0.00296163 0.000743054 -0.00369397 -0.0855286  0.0377543 -0.0454741   4.54872 -0.101517  -8.68995 
             74.5996 -0.539392  0.093671   1.07752  21.8353 -2.20043  11.7327 0 0 0   -0.011 -0.02329  0.04412 -0.231792  0.339327  -0.11309 -0.00278841  0.00075487 -0.00392252 -0.0851737  0.0376781 -0.0453944   4.54867 -0.101395  -8.68998 
             74.6999 -2.98914 0.414215  6.95281  21.8172 -2.17274  11.7168 0 0 0   -0.011 -0.02329  0.04412 -0.284608  0.146038 -0.137931 -0.00290547 0.000725376 -0.00392796 -0.0854172  0.0379132 -0.0452594   4.54872 -0.101448  -8.68995 
             74.7998 -6.88839  1.48246  12.1593  21.7967 -2.16879  11.7077 0 0 0   -0.011 -0.02329  0.04412    -0.15305 -0.00702249  -0.0756583 -0.00287212  0.00071593 -0.00393615 -0.0852211  0.0374742 -0.0451532   4.54851 -0.101456  -8.69007 
             74.8996 -6.74827  1.80783  15.4097  21.7934 -2.16343  11.7001 0 0 0   -0.011 -0.02329  0.04412 0.0922463 0.0689146 0.0482513 -0.00311133 0.000754116 -0.00382739 -0.0855996  0.0377913 -0.0446882  4.54871 -0.10134 -8.68996 
             74.9999 -8.1074 1.15786 15.8589  21.8097 -2.14758  11.7153 0 0 0   -0.011 -0.02329  0.04412 0.351246 0.162462 0.237017 -0.00297465  0.00068958 -0.00361729 -0.0850991  0.0373251 -0.0450409   4.54848 -0.101699  -8.69008 
             75.0997 -8.33477  1.01553  15.9041  21.8612 -2.13406  11.7541 0 0 0   -0.011 -0.02329  0.04412 0.513387 0.278242  0.26948 -0.00305639 0.000700949 -0.00358184 -0.0846554  0.0384788 -0.0456047   4.54919 -0.101112  -8.68971 
             75.1996 -7.76412 0.760509  16.0291  21.9146 -2.12618  11.7821 0 0 0   -0.011 -0.02329  0.04412   0.204002 -0.0100136   0.118252 -0.00311557 0.000733278 -0.00358305 -0.0850783  0.0407357 -0.0457809    4.5501 -0.099433  -8.68925 
             75.2999 -7.5635 1.63668 16.5888  21.9328 -2.12635  11.7861 0 0 0   -0.011 -0.02329  0.04412 -0.0878222 -0.0745343  -0.045969 -0.00309542 0.000621967 -0.00360876 -0.0857893  0.0429693 -0.0456346    4.55085 -0.0976468   -8.68889 
             75.3997 -8.11061  1.13871  16.1161  21.9161 -2.12301  11.7839 0 0 0   -0.011 -0.02329  0.04412 0.0106793   0.10885  0.114683 -0.00307305 0.000715108 -0.00354518 -0.0858591  0.0411089 -0.0458684     4.5499 -0.0988374   -8.68937 
             75.4996   -8.2843 -0.498397   16.4188  21.9473 -2.11106  11.8116 0 0 0   -0.011 -0.02329  0.04412 0.760278 0.190835 0.277416 -0.00311434 0.000791128 -0.00358581 -0.0855069  0.0401141 -0.0459508    4.54962 -0.0996626   -8.68951 
             75.5999  -7.80726 -0.741588   16.1439  22.0311 -2.08454  11.8376 0 0 0   -0.011 -0.02329  0.04412 0.539094 0.120633 0.348082 -0.00315064 0.000753274 -0.00359219 -0.0864465  0.0405112 -0.0457935   4.54933 -0.098992  -8.68966 
             75.6997 -8.00062  1.42817  15.6637  22.0853 -2.07064  11.8689 0 0 0   -0.011 -0.02329  0.04412  0.411777 0.0967831  0.237548 -0.00309239 0.000558715 -0.00356782 -0.0871771  0.0407154 -0.0463325    4.54887 -0.0984063   -8.68991 
             75.7996 -7.0733 1.08581 16.3972  22.1226 -2.05288  11.8966 0 0 0   -0.011 -0.02329  0.04412 0.327992 0.111046 0.211981 -0.00311809 0.000700461 -0.00359705 -0.0873249   0.041204 -0.0469042    4.54885 -0.0978944   -8.68993 
             75.8999 -7.53414 0.672738  15.9036  22.1706 -2.04354  11.9231 0 0 0   -0.011 -0.02329  0.04412 0.576657 0.195027 0.295018 -0.00308222 0.000737124 -0.00353961 -0.0865953  0.0419584 -0.0463716    4.54972 -0.0978373   -8.68947 
             75.9997  -7.3077 0.387554  16.0387 22.2166 -2.0262 11.9513 0 0 0   -0.011 -0.02329  0.04412 0.390013 0.221449 0.223729 -0.00310734  0.00076771 -0.00356087 -0.0860397  0.0413963 -0.0463421    4.54977 -0.0984867   -8.68944 
             76.0996 -7.34988 0.425938  16.0789   22.259 -2.00341   11.972 0 0 0   -0.011 -0.02329  0.04412 0.466011 0.137953  0.24569 -0.00308833 0.000729134 -0.00356727 -0.0862964  0.0406435 -0.0463246     4.5493 -0.0988693   -8.68968 
             76.1999 -7.87416 0.480716  15.7083  22.3144 -1.98963  11.9949 0 0 0   -0.011 -0.02329  0.04412 0.603554 0.186519 0.283887 -0.00305473 0.000693112 -0.00355269 -0.0858955  0.0407188 -0.0457905    4.54968 -0.0991171   -8.68948 
             76.2997 -7.60496  1.34707  15.8332  22.3703 -1.95847  12.0208 0 0 0   -0.011 -0.02329  0.04412 0.493293 0.311388 0.219104 -0.00310897 0.000643565 -0.00357899 -0.0872815  0.0401187 -0.0464723    4.54851 -0.0987104    -8.6901 
             76.3996 -7.55495  1.82272  15.7253  22.4245 -1.93205  12.0455 0 0 0   -0.011 -0.02329  0.04412 0.460403 0.178665 0.265151 -0.00311407 0.000712364 -0.00358146   -0.08761  0.0413937 -0.0464909   4.54892 -0.097706   -8.6899 
             76.4999 -8.45668  1.89162  15.1759  22.4753 -1.91856  12.0737 0 0 0   -0.011 -0.02329  0.04412 0.412099 0.123334 0.287686 -0.00306619 0.000701383 -0.00356445 -0.087323 0.0425038 -0.046227    4.54965 -0.0971662   -8.68952 
             76.5997 -8.34016  1.38847  15.2159  22.5171 -1.91161  12.1028 0 0 0   -0.011 -0.02329  0.04412  0.424415 0.0788731  0.293564 -0.00312076 0.000767006 -0.00357695 -0.0871788  0.0422498 -0.0461771    4.54962 -0.0974123   -8.68953 
             76.6996 -7.37134  1.14477  15.7441  22.5504 -1.90591  12.1329 0 0 0   -0.011 -0.02329  0.04412 0.435864 0.117156 0.269885 -0.00316835 0.000696977 -0.00358701 -0.0862035  0.0415182 -0.0460631    4.54981 -0.0983731   -8.68942 
             76.7999 -6.96524 0.509279  15.9887  22.6073 -1.88569  12.1599 0 0 0   -0.011 -0.02329  0.04412 0.624844  0.25833 0.247884 -0.00313924 0.000738358 -0.00358606 -0.0866275  0.0422601 -0.0462577    4.54989 -0.0976447   -8.68939 
             76.8997 -7.09899 0.831584  15.8027  22.6738 -1.85353  12.1861 0 0 0   -0.011 -0.02329  0.04412 0.574163  0.29522 0.254358 -0.00312142 0.000764909 -0.00357756  -0.087499  0.0427025 -0.0465762    4.54956 -0.0968744   -8.68957 
             76.9996 -7.62027  1.87286  15.2004  22.7271 -1.83336  12.2047 0 0 0   -0.011 -0.02329  0.04412 0.552984 0.163243 0.220503 -0.00309473 0.000712529 -0.00356985 -0.0869593  0.0424426 -0.0459497    4.54988 -0.0974375    -8.6894 
             77.0999 -8.03779  2.10372  15.1217  22.7731 -1.82381  12.2307 0 0 0   -0.011 -0.02329  0.04412  0.374383 0.0702551  0.250478 -0.00306521 0.000688027 -0.00356266 -0.0867572  0.0423163 -0.0460602     4.5499 -0.0975908   -8.68938 
             77.1997 -7.17265  1.60676  15.5171  22.8087 -1.80947  12.2522 0 0 0   -0.011 -0.02329  0.04412 0.371909 0.264422 0.178293 -0.00312089 0.000752653 -0.00358942 -0.0859035  0.0423237 -0.0458544    4.55038 -0.0980369   -8.68912 
             77.2996 -7.69134  1.14721  14.9181 22.8549 -1.7797 12.2743 0 0 0   -0.011 -0.02329  0.04412 0.527904  0.23255 0.248949 -0.00308377 0.000714254 -0.00355078 -0.0866367  0.0424595 -0.0461241    4.55001 -0.0975412   -8.68933 
             77.3999  -8.6015 0.890642  14.3853  22.9182 -1.75176  12.3098 0 0 0   -0.011 -0.02329  0.04412 0.651054 0.216563 0.288798 -0.00304287 0.000693481 -0.00354211 -0.0877163  0.0423322 -0.0474118    4.54908 -0.0968079   -8.68982 
             77.4997 -7.88814  2.12661  14.5894 22.9908 -1.7181 12.3346 0 0 0   -0.011 -0.02329  0.04412 0.536799 0.336143 0.259752 -0.00310615 0.000712132 -0.00360344 -0.0884104  0.0445242 -0.0471649    4.54983 -0.0951478   -8.68945 
             77.5996 -9.62846  2.49712  13.7406  23.0299 -1.70145  12.3568 0 0 0   -0.011 -0.02329  0.04412 0.471074  0.13496 0.260436 -0.00303252 0.000707226 -0.00358965 -0.0881772  0.0428433 -0.0468618    4.54923 -0.0963935   -8.68975 
             77.6999 -8.64627  2.34836  14.0782  23.0771 -1.69239   12.384 0 0 0   -0.011 -0.02329  0.04412 0.501828 0.130835 0.263651 -0.00311803 0.000767687 -0.00357764 -0.0869332  0.0433302 -0.0464162    4.55018 -0.0967804   -8.68924 
             77.7997 -8.83228  2.24306  13.9303  23.1226 -1.68184  12.4154 0 0 0   -0.011 -0.02329  0.04412 0.433674 0.120675 0.271247 -0.00311059  0.00076188 -0.00358496 -0.0864623  0.0435733  -0.046588    4.55047 -0.0967954   -8.68909 
             77.8996 -8.4256 2.05254 14.0266  23.1699 -1.66961  12.4392 0 0 0   -0.011 -0.02329  0.04412 0.477217 0.113119 0.260396 -0.00313629 0.000770146 -0.00358523 -0.0865432  0.0438135 -0.0463139    4.55063 -0.0966878   -8.68901 
             77.9999 -8.37806  1.84566  14.1126  23.2265 -1.65861  12.4697 0 0 0   -0.011 -0.02329  0.04412 0.553507 0.144343 0.287021 -0.00311644 0.000728332 -0.00358662 -0.0870483  0.0444843 -0.0465541    4.55064 -0.0959739   -8.68901 
             78.0997 -7.6273 2.11593 14.5869  23.2804 -1.64036  12.4933 0 0 0   -0.011 -0.02329  0.04412 0.503752 0.230571 0.257501 -0.00313485  0.00070037 -0.00360592 -0.0868358  0.0442526 -0.0462674    4.55071 -0.0962965   -8.68897 
             78.1996 -7.92626  2.52504  14.2239  23.3246 -1.62547  12.5152 0 0 0   -0.011 -0.02329  0.04412 0.456359 0.127723 0.222195 -0.00310157 0.000729583 -0.00357176  -0.086437  0.0436961 -0.0458046    4.55076 -0.0969528   -8.68894 
             78.2999 -8.01348  2.33746  14.1223  23.3682 -1.60256  12.5384 0 0 0   -0.011 -0.02329  0.04412 0.438447 0.209467 0.202367 -0.00306638 0.000730377 -0.00356795 -0.0867652  0.0436433   -0.04625    4.55046 -0.0967083    -8.6891 
             78.3997 -8.48984   1.6591  13.7156  23.4219 -1.57931  12.5588 0 0 0   -0.011 -0.02329  0.04412 0.499517 0.162194 0.256913   -0.003081 0.000800072 -0.00354451 -0.0873227  0.0439566 -0.0463421    4.55032 -0.0962367   -8.68918 
             78.4996 -8.82052  1.82223  13.3939  23.4648 -1.56772  12.5815 0 0 0   -0.011 -0.02329  0.04412 0.515909 0.196715 0.235905 -0.00308981 0.000734449 -0.00357728 -0.0868083  0.0427816 -0.0460441    4.55008 -0.0972708   -8.68929 
             78.5999 -8.00707  2.16993  13.8058  23.5194 -1.54956   12.609 0 0 0   -0.011 -0.02329  0.04412 0.507902 0.129112 0.260056 -0.00315192    0.000729 -0.00360553  -0.086788  0.0436142 -0.0461305    4.55046 -0.0967528    -8.6891 
             78.6997 -8.59696  2.33105  13.4272  23.5628 -1.53567  12.6393 0 0 0   -0.011 -0.02329  0.04412 0.441347 0.132835 0.272555 -0.00308363 0.000732222 -0.00357618 -0.0867644  0.0437286 -0.0465027    4.55043 -0.0965883   -8.68912 
             78.7996 -8.39459  2.09848  13.4497  23.6163 -1.52002  12.6693 0 0 0   -0.011 -0.02329  0.04412 0.543627 0.173256 0.251034 -0.00311808 0.000757231 -0.00359093  -0.087267  0.0444642 -0.0468589    4.55046 -0.0958148   -8.68911 
             78.8999 -8.18707  2.02789  13.5648   23.674 -1.50085  12.6901 0 0 0   -0.011 -0.02329  0.04412 0.503939 0.261938 0.185096 -0.00307369 0.000751566 -0.00357151 -0.0872774   0.044967  -0.046441    4.55081 -0.0956338   -8.68893 
             78.9997 -8.48579  2.11534  13.2095  23.7221 -1.47759  12.7074 0 0 0   -0.011 -0.02329  0.04412 0.495377 0.109252 0.273417  -0.0030905 0.000773483 -0.00356494 -0.0873234  0.0445924 -0.0461469    4.55069 -0.0959205   -8.68899 
             79.0996 -9.35355  2.34555  12.9204  23.7711 -1.47081  12.7376 0 0 0   -0.011 -0.02329  0.04412  0.45328 0.211308 0.228622 -0.00305353 0.000704865 -0.00357704 -0.0867315  0.0450636 -0.0462026    4.55116 -0.0958989   -8.68874 
             79.1999 -8.45145  2.27625  13.2132  23.8263 -1.45142  12.7633 0 0 0   -0.011 -0.02329  0.04412 0.489674 0.152473  0.24659 -0.00311814 0.000759666 -0.00360513 -0.0870688  0.0458762 -0.0462635    4.55139 -0.0952506   -8.68863 
             79.2997 -9.15392  2.08161  12.8365    23.87 -1.44822   12.789 0 0 0   -0.011 -0.02329  0.04412   0.470363 -0.0988036   0.318218 -0.00303818  0.00074801 -0.00357845 -0.0864911  0.0456173 -0.0459517   4.5516 -0.09576 -8.68851 
             79.3996 -8.56512  1.76276  13.4353  23.9192 -1.43861  12.8197 0 0 0   -0.011 -0.02329  0.04412 0.481279  0.28579 0.212348 -0.00312083 0.000784997 -0.00362239 -0.0869758  0.0453817 -0.0465602    4.55111 -0.0954878   -8.68877 
             79.4999 -7.38274  1.79887  13.5712  23.9615 -1.40797   12.842 0 0 0   -0.011 -0.02329  0.04412 0.503557 0.142576 0.255056 -0.00316806 0.000796023 -0.00356998 -0.0874395  0.0446408 -0.0469612    4.55044 -0.0955822   -8.68912 
             79.5997 -8.71515   1.4458  12.9664 24.0162  -1.384 12.8708 0 0 0   -0.011 -0.02329  0.04412 0.341071 0.238471 0.245179 -0.00304565 0.000799335 -0.00356605 -0.0883239  0.0453324 -0.0474201    4.55027 -0.0946397   -8.68922 
             79.6996 -8.78411  1.52169   12.798  24.0563 -1.36572   12.897 0 0 0   -0.011 -0.02329  0.04412 0.434078 0.151839 0.234822 -0.00303544 0.000774995 -0.00357015 -0.0886515  0.0456387 -0.0475669    4.55024 -0.0942693   -8.68924 
             79.7999 -8.82998 0.525749  13.0051  24.0858 -1.34847  12.9175 0 0 0   -0.011 -0.02329  0.04412  0.44276  0.16237 0.257384  -0.0031031 0.000807968 -0.00361781 -0.0877825  0.0439544 -0.0473931   4.54984 -0.095684  -8.68944 
             79.8997 -9.09122 0.323865   12.737  24.1329 -1.34805   12.941 0 0 0   -0.011 -0.02329  0.04412  0.394853 0.0608862   0.28147 -0.00301714 0.000779342 -0.00357186 -0.0868161  0.0449943 -0.0463509    4.55104 -0.0958474   -8.68881 
             79.9996  -8.53308 0.0461948   12.9194  24.1854 -1.33342  12.9788 0 0 0   -0.011 -0.02329  0.04412 0.433489 0.149696 0.281999 -0.00312277 0.000745666 -0.00360656 -0.0878222  0.0465939 -0.0471957    4.55116 -0.0942342   -8.68876 
             80.0999  -8.36878 -0.600659   12.9889  24.2326 -1.31573   13.003 0 0 0   -0.011 -0.02329  0.04412 0.604989    0.188 0.268618 -0.00309961 0.000847679 -0.00360435 -0.0879518  0.0458948 -0.0471159    4.55079 -0.0945836   -8.68895 
             80.1997  -8.33242 -0.392201   12.7683  24.2982 -1.30434  13.0323 0 0 0   -0.011 -0.02329  0.04412  0.680572 0.0468465  0.314802 -0.00309031 0.000765759 -0.00360316  -0.087857  0.0461837 -0.0470762    4.55098 -0.0944799   -8.68885 
             80.2996 -7.90879 0.898302  13.0296  24.3608 -1.29376  13.0633 0 0 0   -0.011 -0.02329  0.04412 0.485415 0.254764 0.250944 -0.00309301 0.000661282 -0.00363771 -0.0877644  0.0462075 -0.0472033    4.55099 -0.0944825   -8.68885 
             80.3999 -7.0498 1.70806 13.3367  24.4094 -1.27258  13.0883 0 0 0   -0.011 -0.02329  0.04412   0.47238 0.0757587  0.228898 -0.00309965 0.000703609 -0.00359562 -0.0878292  0.0461787 -0.0473408   4.55091 -0.094433  -8.68889 
             80.4997 -7.74081  1.66877  12.9732   24.458 -1.26691  13.1065 0 0 0   -0.011 -0.02329  0.04412  0.483232 0.0998211  0.280431  -0.0030791 0.000727988 -0.00363013 -0.0879416   0.046322 -0.0463938     4.5512 -0.0945289   -8.68873 
             80.5996 -7.2575 1.47333 12.8908 24.5023 -1.2474 13.1354 0 0 0   -0.011 -0.02329  0.04412 0.484715 0.223417 0.260372 -0.00308676 0.000770311 -0.00360145 -0.0883739  0.0460249 -0.0469161    4.55074 -0.0943441   -8.68898 
             80.6999 -7.2603 1.21214 12.6944  24.5539 -1.23254  13.1637 0 0 0   -0.011 -0.02329  0.04412  0.542649 0.0634169  0.284722  -0.0030764 0.000796937 -0.00358437 -0.0884012  0.0461259 -0.0470201    4.55076 -0.0942489   -8.68897 
             80.7997 -7.34623  1.53266  12.8343   24.612 -1.23472  13.1977 0 0 0   -0.011 -0.02329  0.04412  0.547312 -0.039081  0.329034 -0.00302386 0.000717028 -0.00361261 -0.0878539  0.0467555 -0.0471609    4.55126 -0.0941424   -8.68871 
             80.8996 -5.99133  2.04526  13.3802  24.6622 -1.22667  13.2272 0 0 0   -0.011 -0.02329  0.04412 0.379945 0.157614 0.237825 -0.00313771 0.000774153 -0.00363017 -0.0881682  0.0471778 -0.0472119    4.55133 -0.0937506   -8.68868 
             80.9999 -5.61093  1.92283  13.5233  24.6968 -1.20638  13.2546 0 0 0   -0.011 -0.02329  0.04412 0.352586  0.22081 0.204641 -0.00309395 0.000737913 -0.00359907 -0.0884731  0.0470634 -0.0478462    4.55101 -0.0934883   -8.68885 
             81.0997 -6.08763 0.717485  13.3044   24.736 -1.18816  13.2835 0 0 0   -0.011 -0.02329  0.04412 0.511238 0.125347 0.258846 -0.00302447 0.000776653   -0.003578 -0.0883467  0.0467677 -0.0485198    4.55078 -0.0935238   -8.68897 
             81.1996 -6.07012 0.341475  13.2993  24.7898 -1.16963  13.3065 0 0 0   -0.011 -0.02329  0.04412 0.505122 0.187539 0.259932 -0.00308709 0.000731563 -0.00363733 -0.0884913  0.0468378 -0.0483775    4.55078 -0.0934522   -8.68897 
             81.2999 -6.45281 0.291222  12.9392  24.8372 -1.15692  13.3245 0 0 0   -0.011 -0.02329  0.04412 0.502428 0.107717 0.215247 -0.00303973 0.000778216   -0.003618 -0.0882419  0.0466504 -0.0477611    4.55091 -0.0938256    -8.6889 
             81.3997  -6.5425 0.278465  13.0141  24.8971 -1.15005  13.3505 0 0 0   -0.011 -0.02329  0.04412  0.600601 0.0203761  0.289739 -0.00303162 0.000756345 -0.00363619 -0.0884053  0.0469136  -0.047696    4.55098 -0.0936224   -8.68886 
             81.4996 -5.60035 0.793493  13.2364  24.9589 -1.14734  13.3743 0 0 0   -0.011 -0.02329  0.04412 0.478161 0.147987 0.259403 -0.00310651 0.000868709 -0.00365112 -0.0885204  0.0478758 -0.0470067    4.55155 -0.0932292   -8.68857 
             81.5999 -5.14908  1.04449   13.648  25.0094 -1.13905  13.4023 0 0 0   -0.011 -0.02329  0.04412 0.476061 0.015024 0.268505 -0.0030592 0.00077884 -0.0036278 -0.0884903  0.0479154 -0.0473164   4.55152 -0.093157  -8.68858 
             81.6997 -4.79273  1.34455  13.5273  25.0498 -1.13104  13.4344 0 0 0   -0.011 -0.02329  0.04412 0.501887 0.074578 0.283717  -0.0030319 0.000718838 -0.00359177 -0.0880995  0.0479289 -0.0478075    4.55159 -0.0932488   -8.68854 
             81.7996 -4.95897 0.866933  13.5416  25.1078 -1.11925  13.4636 0 0 0   -0.011 -0.02329  0.04412     0.63 0.213189 0.274637 -0.00303994 0.000733286 -0.00360898 -0.0884098  0.0475316 -0.0480049    4.55123 -0.0932427   -8.68873 
             81.8999 -3.9646 1.96471 13.9064  25.1624 -1.09482  13.4947 0 0 0   -0.011 -0.02329  0.04412   0.58287 0.0925511  0.297607 -0.00303143  0.00066518 -0.00361516 -0.0886062  0.0465379  -0.048764    4.55053 -0.0934746    -8.6891 
             81.9997 -4.20059  2.83917  13.9318  25.2235 -1.07514  13.5248 0 0 0   -0.011 -0.02329  0.04412 0.450984 0.177202 0.250319 -0.00304734 0.000706444 -0.00361811 -0.0895026  0.0472465  -0.048975    4.55048 -0.0926076   -8.68913 
             82.0996 -3.93243  2.88001  13.7512  25.2665 -1.05996  13.5459 0 0 0   -0.011 -0.02329  0.04412 0.376625 0.120685 0.239146 -0.00309435 0.000814059 -0.00362853 -0.0894078  0.0474519 -0.0485109    4.55068 -0.0926566   -8.68903 
             82.1999 -4.56399  2.16304  13.3954  25.3096 -1.05012  13.5595 0 0 0   -0.011 -0.02329  0.04412 0.495772 0.256055 0.196016 -0.00302591 0.000801429 -0.00362488 -0.0889928  0.0471958 -0.0477048    4.55082 -0.0931808   -8.68895 
             82.2997 -4.07948  1.89705  13.5128  25.3593 -1.03155  13.5852 0 0 0   -0.011 -0.02329  0.04412   0.44971 0.0615957  0.264407 -0.00308507 0.000815653 -0.00364099 -0.088902 0.0476272 -0.047858    4.55106 -0.0929806   -8.68882 
             82.3996 -4.99138  1.89635  12.8919  25.4063 -1.01673   13.619 0 0 0   -0.011 -0.02329  0.04412  0.58096 0.178596 0.256858 -0.00301043 0.000710329 -0.00358779 -0.0887814  0.0475068 -0.0485774    4.55099 -0.0929303   -8.68886 
             82.4999 -4.69081  1.98101   13.128  25.4706 -1.00405   13.643 0 0 0   -0.011 -0.02329  0.04412 0.459695 0.191564 0.276932 -0.00309986 0.000773676 -0.00365624 -0.0888216  0.0480744 -0.0481933    4.55129 -0.0927299   -8.68871 
             82.5997 -4.46738  2.82078  12.9749    25.52 -0.99855  13.6712 0 0 0   -0.011 -0.02329  0.04412   0.469426 -0.0392093   0.240495 -0.00310102 0.000732283 -0.00363371 -0.0888759   0.048698 -0.0481512    4.55158 -0.0924168   -8.68856 
             82.6996 -4.4402  2.3515 13.2993  25.5635 -0.99106  13.6982 0 0 0   -0.011 -0.02329  0.04412 0.469749 0.151518 0.221768 -0.00305477 0.000780332 -0.00362695  -0.088495  0.0488176 -0.0483766    4.55178 -0.0924995   -8.68846 
             82.7999 -4.46404  1.86135  12.9816   25.6145 -0.973505   13.7189 0 0 0   -0.011 -0.02329  0.04412  0.506839 0.0863941  0.256351 -0.00307007 0.000760214 -0.00361116 -0.0892294  0.0481654 -0.0484253    4.55114 -0.0924176   -8.68879 
             82.8997 -4.20078  1.90091  13.2095  25.6648 -0.96808  13.7479 0 0 0   -0.011 -0.02329  0.04412  0.435441 0.0554662  0.269873 -0.00307977 0.000765754 -0.00363534 -0.0890198  0.0487762 -0.0483803   4.55154 -0.092253  -8.68858 
             82.9996 -3.97948  1.69116  13.3043   25.7137 -0.957253    13.772 0 0 0   -0.011 -0.02329  0.04412 0.476756 0.151023 0.273654 -0.00308576 0.000819542 -0.00364499 -0.0892332  0.0487753 -0.0482061    4.55147 -0.0921864   -8.68862 
             83.0999 -3.80321  1.74963  13.1729   25.7667 -0.934574   13.7924 0 0 0   -0.011 -0.02329  0.04412 0.591063 0.351105 0.142284 -0.00310616 0.000782853 -0.00362948 -0.0893521  0.0483295 -0.0482927   4.55119 -0.092308  -8.68876 
             83.1997 -4.09254  1.76296    12.84     25.82 -0.902783   13.8159 0 0 0   -0.011 -0.02329  0.04412   0.56326 -0.042312  0.323247 -0.00310852 0.000871198 -0.00365076 -0.0898915  0.0477272 -0.0487025    4.55063 -0.0922062   -8.68906 
             83.2996 -5.60398  2.72146  12.0845   25.8666 -0.899305     13.85 0 0 0   -0.011 -0.02329  0.04412 0.339175 0.262289 0.220858 -0.00295668 0.000728073 -0.00357821 -0.0893727  0.0479482 -0.0490516    4.55092 -0.0923016   -8.68891 
             83.3999 -4.15661    2.445  12.9266   25.9057 -0.878879   13.8725 0 0 0   -0.011 -0.02329  0.04412  0.406241 0.0541615   0.30153 -0.00317856 0.000775011 -0.00369319 -0.0899471  0.0476307 -0.0491305    4.55053 -0.0921257   -8.68911 
             83.4997 -4.91105  1.76078  12.4547   25.9516 -0.876671   13.9017 0 0 0   -0.011 -0.02329  0.04412   0.48368 0.0279681   0.28607 -0.00299228 0.000794958 -0.00360538 -0.0898471  0.0479548 -0.0488552    4.55076 -0.0921012   -8.68899 
             83.5996 -3.98629  1.57175  12.8705   26.0073 -0.867481   13.9343 0 0 0   -0.011 -0.02329  0.04412 0.498164 0.208968 0.241243 -0.00310331 0.000822063 -0.00365028 -0.0897045  0.0489532 -0.0491654    4.55128 -0.0916609   -8.68872 
             83.6999 -3.88972   1.5146  12.8777  26.0593 -0.84735  13.9573 0 0 0   -0.011 -0.02329  0.04412 0.484722  0.09289 0.266841 -0.00309386 0.000828485 -0.00365573 -0.0904366  0.0487915 -0.0491845    4.55092 -0.0913509   -8.68892 
             83.7997 -3.94004  1.33904  12.7889   26.1098 -0.840014   13.9858 0 0 0   -0.011 -0.02329  0.04412  0.536914 0.0225351  0.310483 -0.00317039 0.000853488  -0.0036957  -0.090723  0.0486167 -0.0491703    4.55072 -0.0912812   -8.68902 
             83.8996 -3.19624  1.57724  13.2065   26.1561 -0.833215   14.0094 0 0 0   -0.011 -0.02329  0.04412 0.457216 0.286804 0.207502 -0.00313894 0.000808255 -0.00369048 -0.0900663  0.0489414 -0.0486587    4.55118 -0.0916024   -8.68878 
             83.9999 -3.38745   1.4282  12.7506   26.2158 -0.813753   14.0357 0 0 0   -0.011 -0.02329  0.04412  0.443532 0.0709687  0.239113 -0.00306547 0.000814805 -0.00359885 -0.0906309   0.050179 -0.0490048    4.55156 -0.0907082   -8.68859 
             84.0997 -4.22825  1.22414  12.2762   26.2404 -0.807515   14.0603 0 0 0   -0.011 -0.02329  0.04412  0.353592 0.0755463  0.241991 -0.00305832 0.000731461 -0.00361877 -0.0896683  0.0491234  -0.049038    4.55139 -0.0916553   -8.68867 
             84.1996 -3.96788 0.098482  12.5991   26.2775 -0.790099   14.0878 0 0 0   -0.011 -0.02329  0.04412 0.479279 0.178782 0.287081 -0.00311896  0.00081087 -0.00366946 -0.0893382  0.0484494 -0.0493432    4.55115 -0.0920493   -8.68879 
             84.2999  -4.5215 0.141039  11.9834    26.329 -0.786173   14.1149 0 0 0   -0.011 -0.02329  0.04412  0.540726 0.0725744  0.289313 -0.00310309  0.00079349  -0.0036344 -0.0893909  0.0483914 -0.0489946    4.55113 -0.0921109    -8.6888 
             84.3997 -3.28249 0.481443  12.7179   26.3828 -0.777367   14.1355 0 0 0   -0.011 -0.02329  0.04412  0.470412 0.0972334   0.25564 -0.00313813 0.000713005 -0.00369662 -0.0892777  0.0489668 -0.0482766    4.55153 -0.0920723   -8.68859 
             84.4996 -4.07015 0.829044  12.0124   26.4352 -0.763779   14.1631 0 0 0   -0.011 -0.02329  0.04412 0.503684 0.113151 0.234173 -0.00304464  0.00067121 -0.00360385 -0.0898268  0.0491348 -0.0486135   4.55139 -0.091645  -8.68867 
             84.5999 -3.92405 0.688549  12.1118   26.4783 -0.751627   14.1859 0 0 0   -0.011 -0.02329  0.04412  0.247848 0.0676728  0.102947  -0.0030475 0.000747786  -0.0036368 -0.0903922    0.04936 -0.0490934    4.55126 -0.0911627   -8.68874 
             84.6997 -3.83413  1.06327  12.4902   26.4946 -0.751568   14.1859 0 0 0   -0.011 -0.02329  0.04412 -0.0856971 -0.0386166 -0.0637197 -0.00309638 0.000815483 -0.00369561 -0.0911624  0.0499491 -0.0488774    4.55133 -0.0905492   -8.68871 
             84.7996  -3.3508 0.976609  12.7319   26.4811 -0.747086   14.1833 0 0 0   -0.011 -0.02329  0.04412 -0.0810655  -0.102503 -0.0407214 -0.00314444 0.000761254 -0.00367224 -0.0909861  0.0493674 -0.0492782    4.55105 -0.0907975   -8.68885 
             84.8999  -4.2934 0.590015  12.2051   26.4784 -0.749466   14.1795 0 0 0   -0.011 -0.02329  0.04412 0.00674239   0.060032 -0.0207562 -0.00304353 0.000806084  -0.0036436 -0.0908202  0.0492609 -0.0490588    4.55107 -0.0909686   -8.68884 
             84.9997 -4.11798 0.686415   12.241   26.4811 -0.757252   14.1783 0 0 0   -0.011 -0.02329  0.04412 -0.0123263 -0.0128394 -0.0230414 -0.00305097   0.0008222 -0.00360339 -0.0905758  0.0498193 -0.0488476    4.55145 -0.0909254   -8.68864 
             85.0996  -3.4819 0.668459  12.6623   26.4758 -0.753688   14.1699 0 0 0   -0.011 -0.02329  0.04412 -0.0267961 -0.0408399 -0.0385554 -0.00314469 0.000833529 -0.00370839 -0.0907618   0.049179 -0.0486107     4.5511 -0.0911139   -8.68883 
             85.1999 -3.97629  0.79806  12.3561   26.4828 -0.755762    14.177 0 0 0   -0.011 -0.02329  0.04412   0.0690977 -0.00460988  0.00645753 -0.00304487 0.000761076 -0.00365364 -0.0910989  0.0501423 -0.0493009     4.5514 -0.0904375   -8.68867 
             85.2997 -3.98432 0.607685  12.1394   26.4868 -0.759314   14.1825 0 0 0   -0.011 -0.02329  0.04412 0.0648651 -0.141398  0.036669   -0.003049 0.000787642  -0.0036077 -0.0913477  0.0498224 -0.0498364    4.55111 -0.0903276   -8.68883 
             85.3996 -3.08177  0.77749  10.2022   26.5125 -0.780326   14.1968 0 0 0   -0.011 -0.02329  0.04412  0.309385 -0.499089  0.164207 -0.00311231  0.00074911 -0.00350862  -0.092266  0.0495265 -0.0504016    4.55061 -0.0898403   -8.68909 
             85.4999 0.101745 0.626105  4.36954   26.5326 -0.817972   14.1989 0 0 0   -0.011 -0.02329  0.04412  0.141806 -0.106004 0.0397302 -0.00328946 0.000850962 -0.00332202 -0.0921064   0.049623 -0.0497166    4.55077 -0.0900171   -8.68901 
             85.5997  2.6605 1.18338 2.22257   26.5312 -0.831404   14.2049 0 0 0   -0.011 -0.02329  0.04412 -0.00740552    0.208391  -0.0154237 -0.00315339 0.000808982 -0.00346846 -0.0909464  0.0513186 -0.0499463    4.55187 -0.0901597   -8.68843 
             85.6996  1.06549 0.817949  2.60967   26.5284 -0.832749   14.2097 0 0 0   -0.011 -0.02329  0.04412 -0.0235159 -0.0206447 -0.0255083 -0.00296061  0.00084668 -0.00359154 -0.0912628  0.0508425 -0.0505079    4.55161 -0.0899602   -8.68857 
             85.7999  2.49009 0.799469  3.58139   26.5258 -0.828217   14.1983 0 0 0   -0.011 -0.02329  0.04412 -0.0183313  -0.104464 -0.0111895 -0.00313842 0.000837578  -0.0036877 -0.0912676  0.0507137 -0.0497414    4.55153 -0.0900085   -8.68861 
             85.8997  1.12249 0.963307  2.84133   26.5203 -0.820333   14.1958 0 0 0   -0.011 -0.02329  0.04412 -0.0301464  0.0586362 -0.0303691 -0.00313586 0.000775733 -0.00361619 -0.0912533  0.0498642 -0.0497729    4.55132 -0.0898897   -8.68872 
             85.9996  1.50882 0.870759   3.1003   26.5186 -0.816807   14.1925 0 0 0   -0.011 -0.02329  0.04412 -0.0270807  0.0199128 -0.0260784 -0.00318483 0.000802326 -0.00364267  -0.091382  0.0496412 -0.0496851    4.55129 -0.0897975   -8.68874 
             86.0999 1.68973 0.95089 3.22554   26.5087 -0.818809   14.1951 0 0 0   -0.011 -0.02329  0.04412 -0.0460002 -0.0172905 -0.0112941 -0.00318208 0.000760412 -0.00362652 -0.0908322  0.0497393 -0.0501439    4.55129 -0.0900121   -8.68874 
             86.1997 1.44112 1.05439 3.10099    26.506 -0.821443   14.1917 0 0 0   -0.011 -0.02329  0.04412  -0.0406178 -0.00620785  -0.0165597 -0.00314109 0.000703948 -0.00360784 -0.0909458  0.0500133 -0.0499714    4.55131 -0.0900188   -8.68873 
             86.2996  1.42327 0.946447  3.09704   26.5033 -0.824529   14.1952 0 0 0   -0.011 -0.02329  0.04412  -0.0377582 -0.00155191 -0.00472629  -0.0031481 0.000761666 -0.00361201 -0.0909573  0.0501724 -0.0503775    4.55137 -0.0900929   -8.68869 
             86.3999  1.43114 0.966176  3.10402   26.5075 -0.827058   14.1952 0 0 0   -0.011 -0.02329  0.04412  -0.0203916 -0.00370554 -0.00449647 -0.00313918 0.000752263 -0.00359895 -0.0914639  0.0504003 -0.0503712    4.55146 -0.0900342   -8.68865 
             86.4997  1.46031 0.977215  3.13771   26.5147 -0.823114    14.197 0 0 0   -0.011 -0.02329  0.04412  0.00177476 -0.00139104  0.00049797 -0.00313027  0.00074512 -0.00359959 -0.0920805  0.0501681 -0.0504853    4.55153 -0.0898873   -8.68861 
             86.5996  1.50898 0.924014  3.13873   26.5148 -0.824028   14.1966 0 0 0   -0.011 -0.02329  0.04412  0.000852572   -0.0143484 -0.000869359  -0.0031453 0.000775879 -0.00359366 -0.0920738  0.0502724 -0.0504599    4.55154 -0.0899037   -8.68861 
             86.6999  1.50477 0.914108  3.16292   26.5241 -0.814537   14.2024 0 0 0   -0.011 -0.02329  0.04412 0.0195777 0.0239973 0.0110114 -0.00317351 0.000781444 -0.00362767 -0.0927065  0.0497349 -0.0508644    4.55159 -0.0897227   -8.68858 
             86.7997  1.50206 0.824408  3.15968   26.5255 -0.817217   14.2053 0 0 0   -0.011 -0.02329  0.04412 0.0148763 0.0245926 0.0133984 -0.00319624 0.000829734 -0.00364186  -0.092624  0.0500231 -0.0510128    4.55164 -0.0898025   -8.68856 
             86.8996  1.57807 0.917836  3.18372  26.5256 -0.81345  14.2041 0 0 0   -0.011 -0.02329  0.04412  0.0109008  0.0158406 0.00703103 -0.00320637 0.000777339 -0.00362947  -0.092589  0.0497933 -0.0508156    4.55158 -0.0897537   -8.68859 
             86.9999  1.66647 0.805763  3.24431   26.5262 -0.811501   14.2039 0 0 0   -0.011 -0.02329  0.04412  0.0677986 -0.0497755  0.0440085  -0.0032277 0.000839558  -0.0036467 -0.0925324  0.0497446 -0.0507313    4.55156 -0.0897507    -8.6886 
             87.0997  1.39415 0.880646  2.69216     26.54 -0.837032   14.2118 0 0 0   -0.011 -0.02329  0.04412  0.130881 -0.229066 0.0966141 -0.00316269 0.000781553 -0.00359988 -0.0924683  0.0505813 -0.0507438    4.55167 -0.0899066   -8.68854 
             87.1996    3.12793    1.07252 -0.0681882   26.5542 -0.885769   14.2206 0 0 0   -0.011 -0.02329  0.04412  0.236771 -0.547483  0.102567 -0.00327851 0.000784897 -0.00353549 -0.0920395  0.0512704 -0.0507417    4.55171 -0.0901213   -8.68852 
             87.2999  6.18371  1.46319 -6.53925    26.569 -0.938979   14.2176 0 0 0   -0.011 -0.02329  0.04412 0.0653719 -0.383094 0.0381945 -0.00327814 0.000839369 -0.00332635 -0.0919188  0.0517849 -0.0499197    4.55165 -0.0901418   -8.68855 
             87.3997  9.45309  2.40142 -11.7158   26.5749 -0.942789   14.2176 0 0 0   -0.011 -0.02329  0.04412  0.0154848  -0.133569 -0.0151814 -0.00323628 0.000814728 -0.00332037  -0.091879  0.0505645 -0.0497781    4.55176 -0.0898402   -8.68849 
             87.4996  9.97411  2.81343 -14.2522   26.5721 -0.923033   14.2155 0 0 0   -0.011 -0.02329  0.04412   0.0681357    0.220491 -0.00542273  -0.0031316 0.000747397 -0.00343443 -0.0913975  0.0491954 -0.0494945    4.55224 -0.0894582   -8.68824 
             87.5999  9.85695  2.45169 -13.2662   26.5624 -0.913411   14.2127 0 0 0   -0.011 -0.02329  0.04412  0.0160578 -0.0252119 -0.0117829 -0.00304084 0.000750757 -0.00360212 -0.0905319  0.0490969 -0.0493187    4.55241 -0.0890943   -8.68816 
             87.6997  10.1967  2.17671 -13.4725   26.5719 -0.940403   14.2171 0 0 0   -0.011 -0.02329  0.04412  0.0286179  -0.324221 0.00926356 -0.00307283 0.000833362 -0.00356699 -0.0915517  0.0494095 -0.0500969     4.5518 -0.0897164   -8.68847 
             87.7996  11.5081  3.38548 -16.8305   26.5881 -0.988436    14.219 0 0 0   -0.011 -0.02329  0.04412   0.112257  -0.494877 -0.0263875 -0.00312404  0.00079235 -0.00341869 -0.0934633  0.0495093 -0.0510355    4.55085 -0.0907996   -8.68896 
             87.8999  13.5814  4.94847 -21.8031  26.5951 -1.03159  14.2204 0 0 0   -0.011 -0.02329  0.04412  0.155095 -0.315149 0.0292447 -0.00317092 0.000758124 -0.00332019 -0.0936014  0.0490336 -0.0513838    4.55092 -0.0912131   -8.68892 
             87.9997  16.3887  6.72512 -26.5508  26.5947 -1.06256  14.2192 0 0 0   -0.011 -0.02329  0.04412    0.02852  -0.334268 -0.0265413 -0.00314498 0.000744999 -0.00328573 -0.0928615  0.0488458 -0.0510047    4.55146 -0.0909185   -8.68864 
             88.0996  19.1245   7.9172 -31.5164  26.5938 -1.09721  14.2174 0 0 0   -0.011 -0.02329  0.04412  -0.0174796   -0.346727 0.000176422 -0.00321523 0.000811888 -0.00330537 -0.0928339  0.0495598 -0.0511313    4.55114 -0.0904747   -8.68881 
             88.1999  20.0595  10.2539 -37.0254  26.5859 -1.14433  14.2116 0 0 0   -0.011 -0.02329  0.04412  -0.152996  -0.426598 -0.0769823 -0.00305389 0.000822654 -0.00323271 -0.0926853  0.0502687 -0.0510533    4.55099 -0.0898964    -8.6889 
             88.2997  23.0349  12.6858 -41.7235  26.5826 -1.17555   14.213 0 0 0   -0.011 -0.02329  0.04412 -0.273914 -0.378733 -0.141651 -0.00309355 0.000792996 -0.00322197 -0.0922573    0.04924 -0.0512084    4.55151 -0.0906077   -8.68861 
             88.3996 23.2662 15.1647 -47.316  26.5513 -1.21927   14.189 0 0 0   -0.011 -0.02329  0.04412 -0.131027 -0.408533 -0.076799 -0.00292783 0.000844776 -0.00315144 -0.0940895  0.0531528 -0.0514549    4.54919 -0.0879268   -8.68986 
             88.4999  25.2165  17.3719 -52.3842  26.5251 -1.26393  14.1715 0 0 0   -0.011 -0.02329  0.04412 -0.197076 -0.503934 -0.159708 -0.00295384 0.000833443 -0.00315231 -0.0941686  0.0542127 -0.0513806   4.54891 -0.087041  -8.69001 
             88.5997  27.0911   19.868 -58.0094  26.5274 -1.31443  14.1501 0 0 0   -0.011 -0.02329  0.04412 -0.134996 -0.452621  -0.20608 -0.00304824 0.000913567 -0.00317879 -0.0960038  0.0485179 -0.0508849    4.54907 -0.0921733   -8.68988 
             88.6996  27.9152   23.171 -63.7689  26.5246 -1.33845   14.145 0 0 0   -0.011 -0.02329  0.04412 -0.0353844  -0.202008 -0.0888026 -0.00298324 0.000875131 -0.00313484 -0.0943264   0.043584  -0.050106   4.55139 -0.096079  -8.68862 
             88.7999   29.037  25.3495 -69.0356  26.4997 -1.36355  14.1368 0 0 0   -0.011 -0.02329  0.04412 -0.349264  -0.27901 -0.233895  -0.0029705 0.000938646 -0.00318962 -0.0907461  0.0411286 -0.0489928    4.55464 -0.0975889    -8.6869 
             88.8997   31.925  28.6826 -73.2213  26.4786 -1.38439  14.1274 0 0 0   -0.011 -0.02329  0.04412 -0.245133 -0.162399 -0.128279  -0.0030112 0.000841982 -0.00317265 -0.0902431  0.0419438 -0.0491695     4.5548 -0.0968266   -8.68682 
             88.9996 30.2402 31.6314 -80.018  26.4531 -1.40277  14.1159 0 0 0   -0.011 -0.02329  0.04412 -0.204997  -0.23893 -0.132947 -0.00280203 0.000981361 -0.00300547 -0.0908812  0.0436574 -0.0499958    4.55383 -0.0954558   -8.68735 
             89.0999  29.9102  34.3364 -85.9467  26.4294 -1.42243  14.1054 0 0 0   -0.011 -0.02329  0.04412  0.0265959 -0.0849553  0.0044548 -0.00283859 0.000963478 -0.00307653 -0.0915421  0.0432622 -0.0507428    4.55312 -0.0959403   -8.68771 
             89.1997  31.8301  36.0041 -87.2164  26.4458 -1.42183  14.1107 0 0 0   -0.011 -0.02329  0.04412 0.00957192  0.0233522  0.0123784 -0.00281987 0.000886476 -0.00329065  -0.090861  0.0416604 -0.0500236    4.55403 -0.0972618   -8.68722 
             89.2996  29.4844  35.7232 -87.6858  26.4385 -1.42253   14.108 0 0 0   -0.011 -0.02329  0.04412   0.113637 -0.0266272  0.0442993 -0.00255493 0.000946379 -0.00336785 -0.0928806  0.0438086  -0.051186    4.55199 -0.0955601   -8.68831 
             89.3999  30.7463  35.5453 -86.9601  26.4352 -1.42762  14.1054 0 0 0   -0.011 -0.02329  0.04412   -0.048723 -0.00811058  -0.0102517 -0.00266662 0.000936689 -0.00339966 -0.0954891  0.0437122 -0.0525104    4.54967 -0.0959026   -8.68952 
             89.4997  30.9193  35.4435 -86.8045  26.4332 -1.42823  14.1027 0 0 0   -0.011 -0.02329  0.04412   -0.041556 -0.00507494  -0.0227178  -0.0026832  0.00092105 -0.00340798 -0.0963784  0.0453642 -0.0528772    4.54879 -0.0944895      -8.69 
             89.5996   29.882  35.6903 -87.2376  26.4285 -1.42768  14.1078 0 0 0   -0.011 -0.02329  0.04412   0.0173513 -0.00244635   0.0179916 -0.00258879  0.00091342  -0.0033394 -0.0953815   0.045421 -0.0530037    4.54943 -0.0943982   -8.68966 
             89.6999  30.4642  35.5074 -86.8523 26.4372 -1.4111 14.1118 0 0 0   -0.011 -0.02329  0.04412 0.142505 0.265447 0.142427 -0.00263819 0.000915519 -0.00338715  -0.092328  0.0477731 -0.0511066    4.55214 -0.0919853   -8.68827 
             89.7997  30.8913  34.9982 -84.7534  26.4685 -1.38566  14.1347 0 0 0   -0.011 -0.02329  0.04412 0.489788 0.238131 0.253775 -0.00259763 0.000877683 -0.00349942 -0.0917964  0.0465109 -0.0511406  4.55258  -0.0931 -8.68803 
             89.8996 30.9653 31.2442 -78.673 26.5085 -1.3541 14.1496 0 0 0   -0.011 -0.02329  0.04412 0.124057 0.302733 0.148266 -0.00242411 0.000972341 -0.00375108 -0.0902784  0.0476413 -0.0496978    4.55412 -0.0918925   -8.68723 
             89.9999  29.1261  28.6115 -73.7424 26.5236 -1.3587  14.157 0 0 0   -0.011 -0.02329  0.04412  0.149528 0.0464274 0.0568627  -0.0024372 0.000953252 -0.00375097 -0.0932426  0.0381501 -0.0509433   4.55226 -0.100693  -8.68811 
             90.0997  30.5372  27.0268 -71.5082  26.5289 -1.36714  14.1555 0 0 0   -0.011 -0.02329  0.04412 -0.0379228  0.0351538 -0.0228601 -0.00271967  0.00098466 -0.00360057 -0.0938175  0.0368884 -0.0510696   4.55192 -0.101872  -8.68828 
             90.1996  31.3352  27.7164 -71.5292  26.5424 -1.34955  14.1625 0 0 0   -0.011 -0.02329  0.04412 0.194683 0.218017 0.101625 -0.00285577 0.000943802 -0.00350443 -0.0946193  0.0394919 -0.0515025    4.55096 -0.0996346   -8.68881 
             90.2999  29.1341  26.0942 -69.0998  26.5541 -1.30193  14.1828 0 0 0   -0.011 -0.02329  0.04412 0.199721 0.333887 0.161447 -0.00256428 0.000892823 -0.00353391 -0.0917304   0.045284 -0.0510562    4.55255 -0.0941899   -8.68803 
             90.3997  27.4483  23.1265 -64.4918   26.551 -1.27513  14.1918 0 0 0   -0.011 -0.02329  0.04412 0.0699272 0.0538234   0.03786 -0.00247309 0.000968905 -0.00367523 -0.091228 0.0487635 -0.051417    4.55239 -0.0910863   -8.68815 
             90.4996  27.7259   21.771 -62.1643  26.5564 -1.27597  14.1859 0 0 0   -0.011 -0.02329  0.04412 -0.0814298 -0.0419225 -0.0311263 -0.00267079   0.0009262 -0.00360051 -0.0911455  0.0463995 -0.0503358   4.55313 -0.093054  -8.68774 
             90.5999  28.3409  22.2658 -62.6884    26.56 -1.28487  14.1788 0 0 0   -0.011 -0.02329  0.04412  0.0173721  0.0144404 -0.0140687 -0.00282378 0.000955537 -0.00343877 -0.0939789  0.0444556 -0.0511699    4.55113 -0.0951704   -8.68876 
             90.6997   27.585  22.6755 -63.1591  26.5539 -1.28717  14.1846 0 0 0   -0.011 -0.02329  0.04412 -0.0205531  0.0428754  0.0451431 -0.00273997 0.000886859 -0.00338794 -0.0940843  0.0438499 -0.0520639    4.55081 -0.0958257   -8.68892 
             90.7996  28.2834  22.3308 -63.0316  26.5534 -1.31037  14.1889 0 0 0   -0.011 -0.02329  0.04412 0.0293391 -0.408587 0.0819628 -0.00281356 0.000933737 -0.00341701 -0.0952803  0.0430886 -0.0525726    4.54993 -0.0967042   -8.68938 
             90.8999  28.4343  21.2142 -62.8237  26.5748 -1.38393  14.1922 0 0 0   -0.011 -0.02329  0.04412   0.301341  -0.923697 -0.0970519 -0.00279578 0.000997596 -0.00346409 -0.0961019  0.0415424 -0.0528882    4.54949 -0.0981986   -8.68959 
             90.9997  28.6873  22.0919 -61.9525  26.6095 -1.45332  14.1971 0 0 0   -0.011 -0.02329  0.04412  0.221606  -0.41412 0.0505553 -0.00283313 0.000908803 -0.00347867 -0.0971783  0.0397648   -0.05356    4.54878 -0.0999738   -8.68994 
             91.0996  27.0407  24.0839 -61.7467  26.6025 -1.45848  14.1941 0 0 0   -0.011 -0.02329  0.04412   -0.19593    0.13743 -0.0129282 -0.00274265 0.000821882 -0.00342232 -0.0965326  0.0409679 -0.0526978    4.54935 -0.0987325   -8.68966 
             91.1999   27.892  23.2632 -62.0187  26.5864 -1.44201  14.1899 0 0 0   -0.011 -0.02329  0.04412 -0.0945483 -0.0135341  0.0110114 -0.00293128 0.000917084 -0.00348312 -0.0940874  0.0439268 -0.0508512   4.55123 -0.095593  -8.68871 
             91.2997  28.0705  22.3902 -62.3766   26.598 -1.45635  14.1917 0 0 0   -0.011 -0.02329  0.04412 -0.0703981  -0.301938  0.0653657 -0.00289515 0.000989485 -0.00346537 -0.0932204   0.041825 -0.0494481    4.55266 -0.0971091   -8.68794 
             91.3996  27.4028  22.3992 -63.2737  26.6047 -1.49671  14.1989 0 0 0   -0.011 -0.02329  0.04412    0.251523   -0.728712 -0.00524855 -0.00288387 0.000957709  -0.0033849 -0.0897107  0.0428122 -0.0475427    4.55558 -0.0955286   -8.68643 
             91.4999  28.4048  21.6282 -62.9424   26.631 -1.56574  14.2014 0 0 0   -0.011 -0.02329  0.04412    0.207483   -0.684122 -0.00648746 -0.00291793  0.00094585 -0.00345387 -0.0899249  0.0429828 -0.0478556    4.55529 -0.0954519   -8.68658 
             91.5997  27.3486  22.3643 -63.0554  26.6421 -1.62811  14.2045 0 0 0   -0.011 -0.02329  0.04412  0.115785 -0.583648 0.0305221 -0.00284659  0.00088133 -0.00343734 -0.0901381    0.04283 -0.0481941    4.55505 -0.0956577   -8.68671 
             91.6996  28.0738   22.389 -62.6395  26.6492 -1.67901  14.2034 0 0 0   -0.011 -0.02329  0.04412  0.151419  -0.45032 0.0847274 -0.00291197 0.000903371 -0.00346489 -0.0901922  0.0441503 -0.0480522    4.55486 -0.0945038   -8.68682 
             91.7999 28.5048 22.4241 -62.638  26.6677 -1.73226  14.2124 0 0 0   -0.011 -0.02329  0.04412 0.0362075 -0.566214  0.022264 -0.00289614 0.000919489 -0.00344383 -0.0903022  0.0423216 -0.0480135    4.55508 -0.0960952   -8.68668 
             91.8997  27.8118   22.218 -62.9757 26.6811 -1.7804 14.2173 0 0 0   -0.011 -0.02329  0.04412  0.272638   -0.4706 0.0939923 -0.00286371 0.000889294 -0.00344265 -0.0891094  0.0435409 -0.0473888    4.55592 -0.0947997   -8.68626 
             91.9996    27.81  22.2358 -63.2325  26.7018 -1.83967  14.2186 0 0 0   -0.011 -0.02329  0.04412  0.115656 -0.595272 0.0145677 -0.00286478 0.000938926 -0.00343543 -0.0903507  0.0425323 -0.0476514    4.55515 -0.0958727   -8.68665 
             92.0999  27.2873  22.2519 -63.4132 26.7128 -1.8997 14.2223 0 0 0   -0.011 -0.02329  0.04412  0.164496 -0.496903 0.0451087 -0.00283134 0.000923605 -0.00342136 -0.0912614  0.0427233 -0.0483813    4.55424 -0.0959253   -8.68713 
             92.1997  27.3757  22.2133 -63.5477  26.7342 -1.95059  14.2313 0 0 0   -0.011 -0.02329  0.04412  0.142285 -0.532472 0.0562583 -0.00286669 0.000914679 -0.00343575 -0.0910345  0.0422058 -0.0483826    4.55447 -0.0963407     -8.687 
             92.2996  26.2437  22.0641 -64.0781  26.7408 -2.00885  14.2346 0 0 0   -0.011 -0.02329  0.04412  0.0810533  -0.668265 -0.0242202 -0.00287011    0.000911 -0.00345548 -0.0898139  0.0425831 -0.0480261   4.55536 -0.095803  -8.68654 
             92.3999  27.4735    22.24 -63.4206  26.7452 -2.07228  14.2287 0 0 0   -0.011 -0.02329  0.04412  0.130166  -0.57991 0.0136548 -0.00287481 0.000890749 -0.00344751 -0.0912286  0.0443099 -0.0485907    4.55394 -0.0945841    -8.6873 
             92.4997  27.5268  22.1898 -63.5909  26.7599 -2.12673   14.231 0 0 0   -0.011 -0.02329  0.04412  0.133507 -0.460872   0.04791 -0.00285828 0.000922831 -0.00343023 -0.0914761  0.0438975 -0.0485961    4.55383 -0.0949733   -8.68735 
             92.5996 27.0632 22.2556 -63.908  26.7755 -2.18021  14.2324 0 0 0   -0.011 -0.02329  0.04412  0.131252 -0.534858  0.024719 -0.00282679 0.000909116 -0.00341244 -0.0919614  0.0427131  -0.048612    4.55369 -0.0960591   -8.68741 
             92.6999  26.9722  21.9927 -64.0674  26.7954 -2.24224  14.2426 0 0 0   -0.011 -0.02329  0.04412  0.164945 -0.682561 0.0103836 -0.00287037 0.000938036 -0.00344424 -0.0908554  0.0403873 -0.0484563    4.55486 -0.0978814   -8.68678 
             92.7997  27.6358  22.1862 -63.4685  26.8271 -2.30891   14.249 0 0 0   -0.011 -0.02329  0.04412  0.281728 -0.682949 0.0128086 -0.00290678 0.000911726 -0.00348433 -0.0901359  0.0387461  -0.048154    4.55571 -0.0991493   -8.68632 
             92.8996  26.9084  23.0124 -63.5496  26.8395 -2.37683  14.2448 0 0 0   -0.011 -0.02329  0.04412   0.10585 -0.480206  0.101744 -0.00283291  0.00091444 -0.00344051 -0.0921887  0.0395927 -0.0488194    4.55396 -0.0987955   -8.68724 
             92.9999   27.284  23.1588 -63.4147  26.8511 -2.42046  14.2533 0 0 0   -0.011 -0.02329  0.04412  0.181206 -0.434321 0.0934803 -0.00290222 0.000895103 -0.00346527 -0.0913882   0.040623   -0.04864  4.55439 -0.09778 -8.68703 
             93.0997  26.6818  22.7974 -64.0685  26.8665 -2.46666  14.2571 0 0 0   -0.011 -0.02329  0.04412    0.175842   -0.603789 -0.00266266  -0.0028357  0.00095545 -0.00343322 -0.0908582  0.0416072 -0.0482355    4.55474 -0.0968124   -8.68686 
             93.1996  26.1826  22.9382 -64.6537    26.88 -2.53351  14.2574 0 0 0   -0.011 -0.02329  0.04412 -0.0267312  -0.675074 -0.0431248 -0.00288947 0.000941117 -0.00343338 -0.0908955  0.0407289 -0.0483867     4.5548 -0.0975877   -8.68682 
             93.2999  26.9591  23.0879 -63.7285  26.8874 -2.59262  14.2597 0 0 0   -0.011 -0.02329  0.04412  0.259002 -0.462606 0.0640093 -0.00288279 0.000903787 -0.00347201 -0.0911777  0.0413596 -0.0485114    4.55446 -0.0971051     -8.687 
             93.3997  27.5149  22.7464 -63.8238  26.9245 -2.64112  14.2637 0 0 0   -0.011 -0.02329  0.04412   0.251619  -0.533381 0.00307347 -0.00295511  0.00095148 -0.00345535 -0.0901884  0.0391848  -0.047525   4.55582 -0.098688  -8.68627 
             93.4996    26.18  23.2739 -64.4008  26.9384 -2.69215  14.2705 0 0 0   -0.011 -0.02329  0.04412    0.100942   -0.617811 -0.00575908 -0.00284037 0.000879239 -0.00341866 -0.0895319  0.0402932 -0.0478062    4.55598 -0.0976947   -8.68619 
             93.5999  25.9049  23.2776 -64.5309  26.9347 -2.75644  14.2685 0 0 0   -0.011 -0.02329  0.04412  0.0521019  -0.610338 0.00568887 -0.00285761 0.000931721 -0.00344282 -0.0910462  0.0415954 -0.0486534    4.55447 -0.0969096     -8.687 
             93.6997  27.2714  23.1532 -63.8464  26.9395 -2.81093  14.2743 0 0 0   -0.011 -0.02329  0.04412  0.149012  -0.44716 0.0639144 -0.00294913 0.000905397 -0.00349628 -0.0914511  0.0423994 -0.0495448    4.55376 -0.0964064   -8.68738 
             93.7996  26.8065   22.919 -64.5129  26.9653 -2.86629   14.277 0 0 0   -0.011 -0.02329  0.04412  0.113526 -0.568897 0.0323885 -0.00289201 0.000955555 -0.00343807 -0.0916913  0.0404972 -0.0490217    4.55408 -0.0979786   -8.68719 
             93.8999   26.127  23.2294 -64.5253  26.9737 -2.92469  14.2842 0 0 0   -0.011 -0.02329  0.04412  0.187589 -0.624361 0.0535811 -0.00287982 0.000906924  -0.0034548 -0.0906644  0.0404668 -0.0490491    4.55476 -0.0978696   -8.68683 
             93.9997  27.3641  23.6575 -64.0318  26.9953 -2.98803  14.2857 0 0 0   -0.011 -0.02329  0.04412  0.124079 -0.568723  0.017954 -0.00297679 0.000873967 -0.00350368 -0.0914646  0.0394608 -0.0490035    4.55441 -0.0988235   -8.68701 
             94.0996  26.4165  23.6047 -64.4436  27.0009 -3.05034  14.2876 0 0 0   -0.011 -0.02329  0.04412  0.077744 -0.557493 0.0379063 -0.00286033 0.000918311 -0.00344634 -0.0913322  0.0400238 -0.0492643    4.55431 -0.0983661   -8.68706 
             94.1999  27.7064  23.6431 -63.7533 27.0187 -3.1002 14.2943 0 0 0   -0.011 -0.02329  0.04412 0.0904927 -0.494282 0.0384199 -0.00295522 0.000870148 -0.00349367 -0.0905247  0.0399971 -0.0488145    4.55501 -0.0982159    -8.6867 
             94.2997  26.5708  24.1328 -64.1867  27.0282 -3.15353  14.2939 0 0 0   -0.011 -0.02329  0.04412   0.23013 -0.529502 0.0555945 -0.00284802 0.000870219 -0.00342398 -0.0915194  0.0404784 -0.0491326    4.55416 -0.0979886   -8.68714 
             94.3996  26.8354  23.4376 -64.6014  27.0522 -3.21503  14.2939 0 0 0   -0.011 -0.02329  0.04412   0.162614  -0.608771 -0.0304621 -0.00296247 0.000960753 -0.00348464 -0.0919068  0.0382335 -0.0487032    4.55442 -0.0998705   -8.68699 
             94.4999  27.2382  23.4797 -64.2892  27.0737 -3.26974  14.3013 0 0 0   -0.011 -0.02329  0.04412  0.121099 -0.549008  0.023929 -0.00297196 0.000867816  -0.0035059 -0.0906777  0.0374832 -0.0483255   4.55548 -0.100284  -8.68643 
             94.5997  26.6433  23.5472 -64.5843  27.0828 -3.33402  14.2949 0 0 0   -0.011 -0.02329  0.04412  0.176957 -0.562437 0.0124366  -0.0029085 0.000960472 -0.00345778 -0.0931395  0.0389022   -0.04937    4.55327 -0.0995707    -8.6876 
             94.6996  26.2014  23.9958 -64.7843  27.0984 -3.39055  14.3004 0 0 0   -0.011 -0.02329  0.04412 0.0959377 -0.531906 0.0342192 -0.00290671  0.00091783  -0.0034048 -0.0928909  0.0381215 -0.0494615   4.55353 -0.100207  -8.68745 
             94.7999  26.3358  23.6329 -64.7035  27.0996 -3.44473  14.3033 0 0 0   -0.011 -0.02329  0.04412 0.0942324 -0.561793 0.0344344 -0.00293654  0.00093493 -0.00348748 -0.0925077  0.0391311 -0.0496365    4.55355 -0.0993336   -8.68745 
             94.8997  27.3447   23.286 -64.3264 27.1199 -3.4954 14.3094 0 0 0   -0.011 -0.02329  0.04412 0.0717571 -0.506944 0.0238006 -0.00297207 0.000958752  -0.0034861 -0.0918763  0.0379587 -0.0490549   4.55436 -0.100147  -8.68702 
             94.9996  26.4518  23.1002 -64.8857   27.126 -3.54472  14.3133 0 0 0   -0.011 -0.02329  0.04412  0.160325 -0.525804 0.0547111 -0.00287931 0.000935913 -0.00344266 -0.0912797  0.0390778 -0.0491702    4.55453 -0.0991452   -8.68694 
             95.0999  26.6163  23.0621 -65.0734  27.1304 -3.60794  14.3071 0 0 0   -0.011 -0.02329  0.04412   0.113369  -0.657678 -0.0318646 -0.00284856 0.000924915 -0.00340335 -0.0927675  0.0401349 -0.0496448    4.55322 -0.0985338   -8.68763 
             95.1997  27.1566  23.1123 -64.7135  27.1406 -3.66999  14.3118 0 0 0   -0.011 -0.02329  0.04412 0.0945524 -0.575931 0.0285012 -0.00293321 0.000879624  -0.0034876 -0.0923544  0.0401853 -0.0500466    4.55334 -0.0984904   -8.68757 
             95.2996   26.975  23.6523 -64.6763  27.1638 -3.71853  14.3158 0 0 0   -0.011 -0.02329  0.04412   0.14049 -0.480883 0.0133478 -0.00290859 0.000888391 -0.00345353 -0.0912532  0.0381727 -0.0487767    4.55483 -0.0998387   -8.68677 
             95.3999  26.9067  23.2014 -65.0946  27.1788 -3.77377  14.3224 0 0 0   -0.011 -0.02329  0.04412  0.111109 -0.559193 0.0128314 -0.00290256  0.00094651  -0.0034474 -0.0917678  0.0372311 -0.0492524   4.55448 -0.100762  -8.68694 
             95.4997   26.452  23.1708 -65.6429  27.1947 -3.82885   14.321 0 0 0   -0.011 -0.02329  0.04412  0.168011 -0.605471 0.0097917  -0.0028799 0.000906432 -0.00343974 -0.0915428  0.0375629 -0.0488294   4.55472 -0.100395  -8.68682 
             95.5996 26.2305 23.2868 -65.865   27.204 -3.89206  14.3249 0 0 0   -0.011 -0.02329  0.04412  0.139382 -0.612191 0.0191167 -0.00283425 0.000919054 -0.00341732 -0.0919105  0.0376229 -0.0494055   4.55428 -0.100477  -8.68706 
             95.6999  26.6742  23.4261 -65.5652  27.2108 -3.95684  14.3317 0 0 0   -0.011 -0.02329  0.04412 0.0245592 -0.645219 0.0191779 -0.00288797 0.000912067 -0.00346048 -0.0919529  0.0371327 -0.0500482   4.55411 -0.100978  -8.68714 
             95.7997  27.5335  23.6298 -65.1499  27.2271 -4.01584   14.338 0 0 0   -0.011 -0.02329  0.04412  0.141402 -0.614259 0.0114424 -0.00297131 0.000887718 -0.00349423 -0.0906347  0.0359446 -0.0493854   4.55539 -0.101687  -8.68646 
             95.8996 28.2766 23.8947 -64.831  27.2429 -4.07921  14.3392 0 0 0   -0.011 -0.02329  0.04412  0.133183 -0.568236 0.0665585 -0.00299765 0.000896793 -0.00349173 -0.0919987  0.0365227 -0.0498324   4.55425 -0.101461  -8.68706 
             95.9999  27.0114  24.1191 -65.3855 27.2531 -4.1245 14.3415 0 0 0   -0.011 -0.02329  0.04412  0.180222 -0.510805 0.0734982 -0.00289694 0.000903884 -0.00345636 -0.0916098  0.0371361 -0.0490718   4.55467 -0.100795  -8.68685 
             96.0997  26.9827  23.3551 -66.0224  27.2582 -4.17581  14.3467 0 0 0   -0.011 -0.02329  0.04412 0.0250096 -0.586008 0.0279943 -0.00284983 0.000938128 -0.00342774 -0.0919182  0.0378045 -0.0494214   4.55424 -0.100332  -8.68708 
             96.1996  26.6099  23.1547 -66.4351   27.275 -4.22797  14.3493 0 0 0   -0.011 -0.02329  0.04412   0.19383 -0.608152 0.0116382 -0.00284941 0.000886814 -0.00344567 -0.0908668  0.0381479 -0.0486908    4.55512 -0.0998014   -8.68662 
             96.2999  26.0343  23.4454 -66.7679  27.2867 -4.29373  14.3497 0 0 0   -0.011 -0.02329  0.04412 0.0846541 -0.544271 0.0598208 -0.00284559 0.000900709 -0.00344372 -0.0919384  0.0372751 -0.0488944   4.55449 -0.100701  -8.68694 
             96.3997 26.6118 23.1849 -66.402  27.2988 -4.34711  14.3504 0 0 0   -0.011 -0.02329  0.04412  0.107181 -0.516297   0.01257 -0.00284707 0.000935514 -0.00345479  -0.092546  0.0367666 -0.0487266   4.55424 -0.101184  -8.68707 
             96.4996 26.2231 22.6569 -67.023  27.3163 -4.39168  14.3609 0 0 0   -0.011 -0.02329  0.04412 0.0837818  -0.58784  0.021921 -0.00283913   0.0009456 -0.00346421 -0.0910548  0.0366651 -0.0484223   4.55533 -0.101016   -8.6865 
             96.5999  25.2427  22.6978 -67.6223  27.3161 -4.44593  14.3712 0 0 0   -0.011 -0.02329  0.04412 -0.0390095  -0.542568  0.0477226 -0.00282326 0.000910746 -0.00346971 -0.0899943  0.0369781 -0.0486359    4.5559 -0.100634  -8.68621 
             96.6997  26.3369  22.4208 -66.9423  27.3258 -4.50941   14.371 0 0 0   -0.011 -0.02329  0.04412    0.245471   -0.686247 -0.00248405 -0.00291102 0.000896226 -0.00353156 -0.0902864  0.0358055 -0.0485315   4.55593 -0.101628  -8.68618 
             96.7996  27.3272  22.1383 -66.8439   27.344 -4.57465  14.3706 0 0 0   -0.011 -0.02329  0.04412  0.112384 -0.545495 0.0591859 -0.00287725 0.000893801 -0.00346896 -0.0918768  0.0361909 -0.0490598   4.55466 -0.101611  -8.68684 
             96.8999  25.7896  22.8269 -67.4668  27.3588 -4.61461  14.3847 0 0 0   -0.011 -0.02329  0.04412  0.101029 -0.517822 0.0756246 -0.00282561 0.000857966 -0.00347183 -0.0898218  0.0362332 -0.0482782   4.55624 -0.101174  -8.68602 
             96.9997  25.5088  22.5215 -68.0167  27.3711 -4.67601  14.3926 0 0 0   -0.011 -0.02329  0.04412  0.152791 -0.642291 0.0591625   -0.002906 0.000889243  -0.0035008 -0.0901044  0.0356164 -0.0485878   4.55606 -0.101759  -8.68611 
             97.0996  25.3942  22.7586 -68.0616  27.3769 -4.73079  14.3934 0 0 0   -0.011 -0.02329  0.04412  0.12841 -0.56179  0.04723  -0.0028561 0.000848389 -0.00347803 -0.0897508  0.0372738 -0.0483294    4.5561 -0.100318   -8.6861 
             97.1999  25.3172  22.7376 -68.1668 27.3896  -4.793 14.3865 0 0 0   -0.011 -0.02329  0.04412   0.163111   -0.69602 -0.0515734  -0.0028387 0.000881271 -0.00348839 -0.0902706  0.0376666 -0.0478962   4.55584 -0.100024  -8.68624 
             97.2997  25.5542  23.3073 -67.4585  27.4138 -4.86626  14.3784 0 0 0   -0.011 -0.02329  0.04412  0.193886 -0.563389 0.0384443 -0.00280862 0.000854242 -0.00346709 -0.090788 0.0372327 -0.047685  4.55563 -0.10043 -8.68635 
             97.3996  25.1631  24.8021 -67.6582  27.4283 -4.92416  14.3843 0 0 0   -0.011 -0.02329  0.04412   0.102524  -0.587633 -0.0136037 -0.00283246 0.000840141 -0.00347511 -0.0910721  0.0368272 -0.0480712   4.55539 -0.100851  -8.68647 
             97.4999  24.4566  24.4445 -67.9781  27.4333 -4.98016   14.385 0 0 0   -0.011 -0.02329  0.04412  0.00532336    -0.61522 -0.00540499 -0.00278616 0.000908392 -0.00347902 -0.0910498  0.0368517 -0.0480891   4.5554 -0.10083 -8.68646 
             97.5997  25.0759   24.356 -67.7659  27.4317 -5.04229  14.3814 0 0 0   -0.011 -0.02329  0.04412  0.0941311  -0.595184 -0.0248678 -0.00285845 0.000881631 -0.00350842 -0.0914528   0.037494 -0.0484248  4.55493 -0.10041 -8.68672 
             97.6996  26.1166  24.2006 -67.2689  27.4547 -5.10778  14.3817 0 0 0   -0.011 -0.02329  0.04412  0.260674 -0.628337 0.0237161 -0.00290346 0.000874804 -0.00353751 -0.0913372  0.0362339 -0.0484409   4.5552 -0.10142 -8.68656 
             97.7999  25.5028  24.9636 -67.6832  27.4692 -5.16443  14.3811 0 0 0   -0.011 -0.02329  0.04412    0.119915   -0.611669 -0.00650066 -0.00282765 0.000858516 -0.00348767  -0.091488  0.0369161 -0.0481655   4.55508 -0.100848  -8.68663 
             97.8997   24.784  25.1965 -68.2297  27.4883 -5.22129  14.3865 0 0 0   -0.011 -0.02329  0.04412  0.215279  -0.58009 0.0207435 -0.00281011 0.000900497 -0.00347477 -0.0905563  0.0367915 -0.0482673   4.55567 -0.100837  -8.68632 
             97.9996   24.179  25.6771 -68.4646  27.5145 -5.27432  14.4028 0 0 0   -0.011 -0.02329  0.04412  0.137989 -0.573764  0.022936 -0.00284277 0.000852932 -0.00351095 -0.0889041  0.0347753 -0.0479156   4.55718 -0.102197  -8.68551 
             98.0999  23.8469  25.4989 -68.6448   27.522 -5.32988  14.4005 0 0 0   -0.011 -0.02329  0.04412   0.0527367   -0.569963 -0.00585579 -0.00282596 0.000899507 -0.00349568 -0.0893295  0.0358791 -0.0483093   4.5566 -0.10142 -8.68583 
             98.1997  23.9197  25.1855 -68.3953  27.5292 -5.39586  14.3959 0 0 0   -0.011 -0.02329  0.04412 0.0777353 -0.611198 0.0175123 -0.00284758 0.000911338 -0.00353283 -0.0899167  0.0354737 -0.0480525   4.55637 -0.101782  -8.68595 
             98.2996  25.2106  25.5997 -67.5619  27.5364 -5.45507  14.3995 0 0 0   -0.011 -0.02329  0.04412  0.178493 -0.516395 0.0439158 -0.00291237 0.000842948 -0.00356674 -0.0903392  0.0361632  -0.048657    4.5558 -0.101376  -8.68625 
             98.3999  24.7886  25.7884 -67.9777  27.5441 -5.50614  14.4005 0 0 0   -0.011 -0.02329  0.04412 0.0246159  -0.49595 0.0314624 -0.00283049 0.000852776 -0.00348493 -0.0908332  0.0367718 -0.0486445   4.55538 -0.100947  -8.68647 
             98.4997  24.4217  25.1023 -68.3152  27.5532 -5.55864  14.3991 0 0 0   -0.011 -0.02329  0.04412  0.0966349  -0.614569 -0.0198374 -0.00284415 0.000927103 -0.00350927 -0.0908767  0.0363994 -0.0482687   4.55553 -0.101191  -8.68639 
             98.5996  24.6196  24.6704 -68.4315  27.5615 -5.62295  14.3922 0 0 0   -0.011 -0.02329  0.04412   0.125173  -0.669406 -0.0348305 -0.00285154 0.000929707 -0.00352299 -0.0909695  0.0364952 -0.0481143    4.5555 -0.101101  -8.68641 
             98.6999  25.5988  25.2091 -67.7939  27.5766 -5.68588  14.3968 0 0 0   -0.011 -0.02329  0.04412  0.119306  -0.57669 0.0113054 -0.00289199 0.000854987 -0.00352763 -0.0905518  0.0359191 -0.0482863   4.55581 -0.101535  -8.68624 
             98.7997  25.3822   25.629 -67.6944   27.591 -5.74188  14.4026 0 0 0   -0.011 -0.02329  0.04412  0.138851  -0.51715 0.0536076 -0.00284019 0.000882519 -0.00350602 -0.0906783  0.0350939  -0.048506    4.5558 -0.102246  -8.68624 
             98.8996  25.0511  25.3635 -68.2676  27.6041 -5.79402  14.4062 0 0 0   -0.011 -0.02329  0.04412 0.0854694 -0.536578 0.0115021 -0.00283262 0.000909484 -0.00349029 -0.0903534  0.0351542 -0.0484094  4.55603 -0.10214 -8.68612 
             98.9999  24.8274  25.4468 -68.6183 27.6057 -5.8469 14.4126 0 0 0   -0.011 -0.02329  0.04412 0.0343022 -0.541448 0.0554452 -0.00285653 0.000887475 -0.00349735 -0.0902642  0.0355385 -0.0488363   4.55589 -0.101887   -8.6862 
             99.0997    25.18  24.6321 -68.4512  27.6059 -5.90307   14.409 0 0 0   -0.011 -0.02329  0.04412   0.0693652   -0.577301 -0.00621196 -0.00286334 0.000928352 -0.00354847 -0.0910554  0.0359924 -0.0487889   4.55532 -0.101624  -8.68649 
             99.1996 25.7963 24.1583   -68.5  27.6158 -5.96343  14.4072 0 0 0   -0.011 -0.02329  0.04412  0.0634428  -0.623162 -0.0183365 -0.00291093 0.000930956 -0.00353804 -0.0908111  0.0356828 -0.0486924   4.55556 -0.101823  -8.68637 
             99.2999    26.21  24.4892 -68.1685  27.6183 -6.02373   14.411 0 0 0   -0.011 -0.02329  0.04412 0.0709217 -0.613671  0.012099 -0.00290036 0.000866958 -0.00355512 -0.0904174  0.0364291 -0.0488389   4.55564 -0.101197  -8.68633 
             99.3997  26.4198  24.8317 -68.0427  27.6405 -6.08263  14.4155 0 0 0   -0.011 -0.02329  0.04412   0.16453 -0.561566 0.0105018 -0.00288541 0.000849936 -0.00351364 -0.090079 0.0347566 -0.048419   4.55626 -0.102418  -8.68599 
             99.4996  26.1413  24.7121 -68.2989  27.6477 -6.13997  14.4139 0 0 0   -0.011 -0.02329  0.04412 0.0705696 -0.563324 0.0167936  -0.0028724 0.000900581 -0.00352602 -0.0901133  0.0349869 -0.0484386    4.5562 -0.102243  -8.68603 
             99.5999  26.7956  24.7121 -68.0805  27.6553 -6.19931  14.4158 0 0 0   -0.011 -0.02329  0.04412  0.105069 -0.577857  0.025847 -0.00289493 0.000853317 -0.00352427 -0.0905106  0.0353611 -0.0490273    4.5557 -0.102084  -8.68629 
             99.6997 26.1988 24.9447 -68.735  27.6549 -6.24916  14.4175 0 0 0   -0.011 -0.02329  0.04412  -0.142323  -0.463885 -0.0850609 -0.00285258 0.000872873 -0.00347184 -0.0900824  0.0352304 -0.0487694   4.55607 -0.102091   -8.6861 
             99.7996  26.9476  25.4268 -69.8617  27.6483 -6.29232   14.406 0 0 0   -0.011 -0.02329  0.04412  -0.126257  -0.216632 -0.0663979 -0.00293841 0.000885107 -0.00345833 -0.0903668  0.0344845 -0.0485879   4.55607 -0.102697  -8.68609 
             99.8999   27.798  27.6774 -73.0546  27.6434 -6.30125  14.4002 0 0 0   -0.011 -0.02329  0.04412 0.00885068  0.0556097  0.0114674 -0.00296077 0.000857197 -0.00329961 -0.0912814  0.0345364 -0.0488721    4.5554 -0.102821  -8.68644 
             99.9997 27.1937 28.1171 -75.711  27.6307 -6.28756  14.3938 0 0 0   -0.011 -0.02329  0.04412  0.0289731  0.0344397 -0.0073959 -0.00285084   0.0009673 -0.00335115 -0.0907804  0.0368721 -0.0486056   4.55545 -0.100866  -8.68644 
               100.1  28.1157  27.5537 -74.3287  27.6263 -6.28395  14.3945 0 0 0   -0.011 -0.02329  0.04412  -0.142693 -0.0548868 -0.0691435 -0.00285952 0.000917793 -0.00356893 -0.0905654  0.0373194 -0.0489007   4.55543 -0.100517  -8.68645 
               100.2  27.1465  27.8216 -75.1155  27.6247 -6.30698  14.3913 0 0 0   -0.011 -0.02329  0.04412 -0.238256 -0.267331 -0.103548 -0.00285461 0.000912884   -0.003498 -0.0906239  0.0338813 -0.0486398   4.5559 -0.10326 -8.68617 
               100.3  27.3253  29.5253 -78.5613  27.5929 -6.33775  14.3858 0 0 0   -0.011 -0.02329  0.04412  -0.249119  -0.153711 -0.0982956 -0.00290989 0.000895363 -0.00330716 -0.0896619  0.0328117  -0.049234   4.55644 -0.104089  -8.68588 
               100.4  29.2503  33.0404 -84.0545    27.56 -6.36843  14.3702 0 0 0   -0.011 -0.02329  0.04412 -0.368961 -0.289102 -0.165979 -0.00309871  0.00084008 -0.00316935 -0.0917013  0.0336195 -0.0502287   4.55473 -0.103714  -8.68678 
               100.5  27.2936  35.1247 -90.6166   27.525 -6.40109  14.3473 0 0 0   -0.011 -0.02329  0.04412  -0.43517 -0.359561  -0.26198 -0.00294194 0.000994529 -0.00315532 -0.0921099  0.0334826  -0.050006   4.55455 -0.103835  -8.68687 
               100.6  26.3327   37.843 -96.4238  27.4706 -6.42341  14.3134 0 0 0   -0.011 -0.02329  0.04412 -0.264767 -0.163723 -0.127859 -0.00288095 0.000938122 -0.00312804 -0.0927877  0.0351727 -0.0498179   4.55408 -0.102461  -8.68714 
               100.7  27.8774  40.8473 -100.914  27.4435 -6.43216  14.2959 0 0 0   -0.011 -0.02329  0.04412 -0.441025  -0.12373 -0.200708 -0.00296008 0.000899668 -0.00315974 -0.0924282  0.0357307 -0.0491804   4.55451 -0.101954  -8.68692 
               100.8  24.3091  42.8962 -108.729  27.3989 -6.44517  14.2734 0 0 0   -0.011 -0.02329  0.04412  -0.470572 -0.0284841  -0.172388 -0.00284959  0.00102405 -0.00310172 -0.0910437  0.0341144 -0.0486646    4.5556 -0.103298  -8.68633 
               100.9   24.705  45.7886 -114.187 27.3589 -6.4471 14.2621 0 0 0   -0.011 -0.02329  0.04412  -0.161252  0.0530681 -0.0147584  -0.0029297 0.000908626 -0.00313714 -0.0907795  0.0351417 -0.0492929   4.55558 -0.102456  -8.68635 
                 101 22.4926 48.1049 -120.73  27.3526 -6.44128  14.2697 0 0 0   -0.011 -0.02329  0.04412   -0.176179   0.0730176 -0.00186927  -0.0028699 0.000903666 -0.00312267 -0.0891021  0.0360018 -0.0488636  4.55688 -0.10184 -8.68567 
               101.1  19.5805  48.2369 -124.264  27.3583 -6.44434  14.2766 0 0 0   -0.011 -0.02329  0.04412  0.163989 -0.135066 0.0406227 -0.00279762   0.0010789 -0.00324342 -0.0884063  0.0342584  -0.048502   4.55731 -0.103373  -8.68543 
               101.2  20.9277  47.6528 -122.797  27.3668 -6.44308   14.273 0 0 0   -0.011 -0.02329  0.04412  0.0452665  -0.019068 -0.0292623 -0.00289727 0.000992797 -0.00339895 -0.0875741   0.034093 -0.0472632   4.55827 -0.103639  -8.68492 
               101.3  22.0224  47.9172 -122.015  27.3749 -6.44169  14.2749 0 0 0   -0.011 -0.02329  0.04412  0.0134519  0.0311414 -0.0197278 -0.00285804 0.000871645  -0.0033908 -0.0866675  0.0346553 -0.0469695   4.55903 -0.103295  -8.68453 
               101.4  20.9788  47.7605 -122.491  27.3779 -6.44911  14.2663 0 0 0   -0.011 -0.02329  0.04412  0.0501927 -0.0192896 -0.0262594 -0.00289484  0.00100259  -0.0034152  -0.088245  0.0337174 -0.0473116   4.55777 -0.103849  -8.68518 
               101.5  20.9538  47.8294 -122.465  27.3714 -6.44835    14.26 0 0 0   -0.011 -0.02329  0.04412  0.0277977  -0.029497 -0.0350219 -0.00292984 0.000970107 -0.00341919 -0.0898138  0.0349079 -0.0483746   4.55654 -0.102602  -8.68584 
               101.6  21.1491  47.8211 -122.344  27.3697 -6.45126  14.2597 0 0 0   -0.011 -0.02329  0.04412  0.0121974  -0.024032 -0.0269543 -0.00295265 0.000963564 -0.00342406 -0.0899097  0.0346889 -0.0488848   4.55628 -0.102752  -8.68598 
               101.7  21.1659  47.7251 -122.361  27.3628 -6.45333  14.2597 0 0 0   -0.011 -0.02329  0.04412  -0.0252331 -0.00819828  -0.0237309 -0.00293235  0.00101141 -0.00340055 -0.0905475  0.0351091 -0.0498537  4.55558 -0.10228 -8.68635 
               101.8 21.2936 47.6959 -122.25  27.3658 -6.45476  14.2578 0 0 0   -0.011 -0.02329  0.04412  -0.0116905 -0.00469384  -0.0229773 -0.00298218  0.00101539 -0.00344627  -0.090023  0.0349836 -0.0493743   4.55607 -0.102473  -8.68609 
               101.9  21.0926  47.7114 -122.327 27.3619 -6.4543 14.2545 0 0 0   -0.011 -0.02329  0.04412 -0.00162548  -0.0197647  -0.0213788 -0.00296179  0.00101725 -0.00344294 -0.0904802  0.0355229 -0.0496748   4.55574 -0.101954  -8.68627 
                 102  21.1052  47.7196 -122.312  27.3671 -6.45201   14.258 0 0 0   -0.011 -0.02329  0.04412   0.0176956  -0.0111265 -0.00557139 -0.00295866  0.00100649 -0.00343708 -0.0889425  0.0354416 -0.0490004   4.55696 -0.102252  -8.68563 
               102.1  21.2993  47.7021 -122.199   27.373 -6.44909  14.2624 0 0 0   -0.011 -0.02329  0.04412  0.0124755  0.0187568 0.00325715 -0.00296438  0.00100025 -0.00344061 -0.0876928  0.0355087  -0.048491   4.55794 -0.102381  -8.68511 
               102.2  21.2495  47.7935 -122.216  27.3726 -6.44806   14.271 0 0 0   -0.011 -0.02329  0.04412 -0.0007025  0.0222952  0.0234061 -0.00294263 0.000955544 -0.00341331 -0.0871915  0.0356209 -0.0490395   4.55809 -0.102338  -8.68503 
               102.3  21.2018  47.8131 -122.209   27.377 -6.44911  14.2727 0 0 0   -0.011 -0.02329  0.04412     0.024084 -0.000598259    0.0243342 -0.00296979 0.000944053 -0.00344285 -0.0870034  0.0351116 -0.0487201   4.55826 -0.102793  -8.68494 
               102.4  21.0129  47.7221 -122.361  27.3697 -6.44957   14.267 0 0 0   -0.011 -0.02329  0.04412  0.00814082 -0.00925887  0.00572881 -0.00294392   0.0010113 -0.00341591 -0.0888271   0.035563 -0.0494781   4.55688 -0.102158  -8.68567 
               102.5  21.1694  47.7132 -122.273  27.3688 -6.45204  14.2621 0 0 0   -0.011 -0.02329  0.04412 -0.00677399 -0.00214012  -0.0122829 -0.00294724  0.00100412 -0.00342152 -0.0895106  0.0352058 -0.0494325   4.55642 -0.102364  -8.68591 
               102.6  21.2404  47.7009 -122.211  27.3653 -6.45414  14.2617 0 0 0   -0.011 -0.02329  0.04412 -0.0255212 0.00402903 -0.0128132 -0.00293964  0.00100297 -0.00342977 -0.0898841  0.0351703 -0.0498722   4.55603 -0.102331  -8.68612 
               102.7  21.0617  47.7103 -122.341  27.3638 -6.45636   14.256 0 0 0   -0.011 -0.02329  0.04412 -0.0135223 -0.0100725 -0.0224744 -0.00293265  0.00101414 -0.00340284 -0.0904474   0.035076 -0.0497897   4.55568 -0.102338   -8.6863 
               102.8  21.1563   47.642 -122.245  27.3627 -6.45951  14.2507 0 0 0   -0.011 -0.02329  0.04412 -0.00141274  -0.0250949   -0.028055 -0.00297772  0.00103558 -0.00346598   -0.09082  0.0346922 -0.0497226   4.55542 -0.102606  -8.68643 
               102.9  21.1915  47.7123 -122.212  27.3681 -6.45092  14.2555 0 0 0   -0.011 -0.02329  0.04412   0.0102153   0.0101151 -0.00899236 -0.00295774 0.000992491 -0.00344866 -0.0888732  0.0357041 -0.0489534   4.55704 -0.102051  -8.68559 
                 103 21.2654 47.6591 -122.21   27.368 -6.45134  14.2558 0 0 0   -0.011 -0.02329  0.04412 -0.00431285   0.0195139 -0.00816736 -0.00296333  0.00101914 -0.00344149 -0.0889408  0.0354771  -0.049155   4.55691 -0.102222  -8.68566 
               103.1   21.152  47.6744 -122.257  27.3732 -6.44764  14.2577 0 0 0   -0.011 -0.02329  0.04412    0.0123086     0.025086 -0.000836668 -0.00293778   0.0010167 -0.00343401 -0.0881326   0.035618 -0.0486946   4.55759 -0.102223   -8.6853 
               103.2  21.0991  47.7448 -122.267  27.3732 -6.44921  14.2622 0 0 0   -0.011 -0.02329  0.04412  0.0186604 0.00308222  0.0145486 -0.00294384 0.000980322 -0.00343586 -0.0880269  0.0350798 -0.0491375   4.55745 -0.102663  -8.68537 
               103.3  21.1502  47.7554 -122.221  27.3679 -6.44636  14.2649 0 0 0   -0.011 -0.02329  0.04412 0.000513074  0.00703396   0.0181723 -0.00295322 0.000968191   -0.003448 -0.0884437  0.0356733 -0.0497973   4.55703 -0.102108  -8.68559 
               103.4  21.2569   47.679 -122.164   27.366 -6.44866  14.2638 0 0 0   -0.011 -0.02329  0.04412 -0.0127803 0.00884692  0.0083465 -0.00295635 0.000999984 -0.00346311 -0.0889895  0.0352138 -0.0499391   4.55658 -0.102409  -8.68582 
               103.5  21.2357  47.6734 -122.187   27.367 -6.45216  14.2608 0 0 0   -0.011 -0.02329  0.04412  -0.0113956  0.00366373 -0.00327666 -0.00294637  0.00100344 -0.00345318 -0.0893683  0.0346118 -0.0497487   4.55634 -0.102856  -8.68595 
               103.6  21.1684  47.6886 -122.228  27.3674 -6.44658  14.2589 0 0 0   -0.011 -0.02329  0.04412 -0.000308846    0.0130748  -0.00673604 -0.00295537  0.00100154 -0.00345344 -0.0892015  0.0355036 -0.0494268   4.55665 -0.102163  -8.68579 
               103.7  21.1527  47.7005 -122.221  27.3663 -6.44561  14.2579 0 0 0   -0.011 -0.02329  0.04412  0.00489962  0.00510703 -0.00544129 -0.00295851 0.000992549 -0.00346287 -0.0893333  0.0354516 -0.0495178   4.55653 -0.102186  -8.68585 
               103.8  21.1505  47.6077 -122.265  27.3654 -6.45427  14.2524 0 0 0   -0.011 -0.02329  0.04412 -0.000975471   -0.0139152   -0.0178294 -0.00295349  0.00104602 -0.00345521 -0.0902816  0.0340669  -0.049713   4.55572 -0.103184  -8.68627 
               103.9  21.2637  47.6862 -122.177  27.3612 -6.45129  14.2546 0 0 0   -0.011 -0.02329  0.04412  -0.0217157  0.00672608 -0.00947636  -0.0029576 0.000994836 -0.00345796 -0.0901182  0.0348578 -0.0501377   4.55576 -0.102554  -8.68625 
                 104  21.1508  47.6323 -122.252  27.3621 -6.44877  14.2538 0 0 0   -0.011 -0.02329  0.04412   -0.010708   0.0124694 -0.00832343 -0.00294135  0.00103167 -0.00345285 -0.0898145  0.0351184 -0.0498423   4.55608 -0.102388  -8.68609 
               104.1  21.0918  47.6862 -122.266 27.3611 -6.4511 14.2551 0 0 0   -0.011 -0.02329  0.04412  -0.00254618  -0.00491929 -0.000265142 -0.00293926  0.00100393 -0.00345297 -0.0897723  0.0346079 -0.0500351   4.55599 -0.102799  -8.68613 
               104.2     21.1  47.6542 -122.257  27.3625 -6.44788  14.2537 0 0 0   -0.011 -0.02329  0.04412  0.00366541   0.0058503 -0.00389179 -0.00293312  0.00101852 -0.00345895 -0.0895423  0.0349344 -0.0496763   4.55629 -0.102574  -8.68598 
               104.3   21.309  47.6557 -122.145   27.366 -6.45354  14.2574 0 0 0   -0.011 -0.02329  0.04412   0.0045321 -0.00300274  0.00487748 -0.00297649  0.00100282 -0.00348313 -0.0891205  0.0336977 -0.0496801   4.55642 -0.103617   -8.6859 
               104.4   21.262  47.6921 -122.181  27.3693 -6.45714  14.2611 0 0 0   -0.011 -0.02329  0.04412  0.00864175 -0.00793466   0.0125869 -0.00296235 0.000987533  -0.0034635 -0.0887644  0.0331461 -0.0496619   4.55659 -0.104102   -8.6858 
               104.5   21.189  47.6447 -122.229  27.3711 -6.45954  14.2556 0 0 0   -0.011 -0.02329  0.04412   0.0176412  -0.0151666 -0.00421475 -0.00295884   0.0010175  -0.0034694 -0.0894092  0.0331026 -0.0494015   4.55627 -0.104067  -8.68597 
               104.6  21.0897  47.6561 -122.283  27.3709 -6.45008   14.255 0 0 0   -0.011 -0.02329  0.04412   0.0192522   0.0103211 -0.00392229 -0.00293708  0.00101894 -0.00345556 -0.0891388  0.0346892 -0.0492493   4.55665 -0.102835  -8.68578 
               104.7  21.2469  47.6858 -122.171  27.3688 -6.44998  14.2561 0 0 0   -0.011 -0.02329  0.04412  -0.084895   0.018556 -0.0311159 -0.00296069 0.000988125 -0.00347862 -0.0891578  0.0345285 -0.0495493   4.55653 -0.102953  -8.68585 
               104.8  20.6067  47.8504 -123.063  27.3476 -6.44792  14.2488 0 0 0   -0.011 -0.02329  0.04412 -0.264631 0.0516858 -0.178527 -0.00294633 0.000996613 -0.00340477 -0.0893825  0.0341438 -0.0498161   4.55626 -0.103227  -8.68599 
               104.9  18.8389  49.1078 -128.326  27.3284 -6.44275  14.2458 0 0 0   -0.011 -0.02329  0.04412  -0.200249 -0.0614598 -0.0601565 -0.00304286 0.000987739 -0.00322273  -0.088844  0.0334475 -0.0498508   4.55651 -0.103843  -8.68585 
                 105  15.8148  50.2867 -136.834  27.2928 -6.42052  14.2338 0 0 0   -0.011 -0.02329  0.04412  -0.308951   0.305666 -0.0799738 -0.00311376 0.000959408 -0.00311914 -0.0880251  0.0351381 -0.0495695   4.55729 -0.102606  -8.68545 
               105.1  13.8305  52.3865 -144.034  27.2809 -6.42571  14.2291 0 0 0   -0.011 -0.02329  0.04412  -0.085321  0.0969419 -0.0159232 -0.00318895 0.000889761 -0.00324293 -0.0887097  0.0340398 -0.0499954   4.55659 -0.103371  -8.68581 
               105.2  9.36007  52.8874 -148.503   27.279 -6.42945  14.2346 0 0 0   -0.011 -0.02329  0.04412   0.10511 -0.155155  0.046335   -0.002797 0.000894085 -0.00320274 -0.0891595  0.0334835 -0.0506961  4.55601 -0.10371 -8.68611 
               105.3  10.9442  52.3637 -146.241  27.2838 -6.41809  14.2201 0 0 0   -0.011 -0.02329  0.04412 0.00609926   0.015969 -0.0201011 -0.00275348 0.000986077 -0.00340119 -0.0899808  0.0351232 -0.0494018   4.55619 -0.102364  -8.68603 
               105.4  12.4887  52.1466 -145.216  27.2867 -6.41714  14.2257 0 0 0   -0.011 -0.02329  0.04412   -0.146974   0.0728192 -0.00427662 -0.00290091 0.000983727 -0.00346342 -0.0890538  0.0350665 -0.0493113   4.55678 -0.102583  -8.68572 
               105.5  11.0678  51.9788 -146.275  27.2611 -6.42395  14.2282 0 0 0   -0.011 -0.02329  0.04412  -0.328984  -0.183593 -0.0914569 -0.00286651 0.000944143 -0.00341894 -0.0881718  0.0342087 -0.0495578   4.55707 -0.103403  -8.68556 
               105.6  12.1602  51.1744 -146.142   27.213 -6.45771  14.1979 0 0 0   -0.011 -0.02329  0.04412 -0.521203 -0.471012 -0.406875 -0.00290968  0.00101237  -0.0034216 -0.0886894  0.0336602 -0.0494879   4.55668 -0.103731  -8.68576 
               105.7  11.2642   51.983 -146.877 27.1537 -6.5174 14.1479 0 0 0   -0.011 -0.02329  0.04412 -0.577437 -0.362104 -0.431533 -0.00284529 0.000970561 -0.00336226 -0.0906733  0.0318087 -0.0501269   4.55491 -0.104714  -8.68667 
               105.8 9.79267 53.5494 -146.96  27.1053 -6.54178  14.1146 0 0 0   -0.011 -0.02329  0.04412  -0.177056 -0.0888164  -0.113817 -0.00281875 0.000934212  -0.0034197 -0.0919768  0.0320118 -0.0506002   4.55402 -0.104256  -8.68715 
               105.9  9.82376  54.9562 -147.593  27.112 -6.5342 14.1218 0 0 0   -0.011 -0.02329  0.04412 -0.00096092    0.202261    0.061219  -0.0028985 0.000921589 -0.00339981 -0.0912493  0.0334436 -0.0505716   4.55474 -0.103302  -8.68678 
                 106    8.506  53.6145 -148.322  27.1128 -6.51132  14.1402 0 0 0   -0.011 -0.02329  0.04412  -0.224451 -0.0526767  0.0137905 -0.00283028  0.00105317  -0.0034174 -0.0889129  0.0341938 -0.0496784   4.55658 -0.103267  -8.68582 
               106.1  10.491 51.6582 -148.56  27.067 -6.5251 14.1155 0 0 0   -0.011 -0.02329  0.04412 -0.675203 -0.334191 -0.503353 -0.00293176  0.00109761 -0.00337648 -0.0885585  0.0344119 -0.0491926   4.55699 -0.103205   -8.6856 
               106.2 9.42706 51.6565 -150.19  27.0082 -6.56204  14.0706 0 0 0   -0.011 -0.02329  0.04412  -0.51145 -0.223416 -0.223112 -0.00289261  0.00112918 -0.00336129  -0.089164  0.0343213 -0.0491486   4.55662 -0.103153  -8.68579 
               106.3  8.28889  53.2739 -150.272 26.9559  -6.583 14.0445 0 0 0   -0.011 -0.02329  0.04412 -0.405082 -0.222983   -0.2321 -0.00282552 0.000971391 -0.00342046 -0.0897671  0.0343196 -0.0496659    4.5561 -0.102993  -8.68607 
               106.4  8.63335  53.2289 -150.089  26.9213 -6.60712  14.0353 0 0 0   -0.011 -0.02329  0.04412  -0.45687 -0.236177 -0.226113  -0.0028704 0.000998083  -0.0034262 -0.088149 0.0332207 -0.049373  4.55694 -0.10419 -8.68562 
               106.5  8.76952  52.5416 -150.159  26.8707 -6.63662  14.0089 0 0 0   -0.011 -0.02329  0.04412 -0.538141 -0.259273 -0.310268  -0.0028557  0.00103417 -0.00342327 -0.0880307  0.0329069 -0.0496566   4.55686 -0.104434  -8.68565 
               106.6  8.60288  52.8786 -150.144  26.8185 -6.66359  13.9735 0 0 0   -0.011 -0.02329  0.04412 -0.418901 -0.337551 -0.254173   -0.002843  0.00103446 -0.00341824 -0.0890936  0.0333675 -0.0496069   4.55633 -0.103865  -8.68594 
               106.7  7.98085  53.1975 -150.598  26.7793 -6.69553  13.9558 0 0 0   -0.011 -0.02329  0.04412 -0.502057 -0.235822 -0.234497 -0.00283942  0.00100005 -0.00339874 -0.0878245  0.0329038 -0.0493068   4.55709 -0.104504  -8.68553 
               106.8  7.30676  53.2737 -150.888  26.7292 -6.71088  13.9365 0 0 0   -0.011 -0.02329  0.04412 -0.532213 -0.139248 -0.247353 -0.00280801  0.00099765 -0.00340136 -0.0872053  0.0335715 -0.0493787   4.55757 -0.104122  -8.68529 
               106.9  8.40425  53.2787 -150.127  26.6769 -6.72121  13.9102 0 0 0   -0.011 -0.02329  0.04412 -0.462196 -0.233965 -0.197102 -0.00284497  0.00102358 -0.00345276  -0.087636  0.0343398 -0.0491559   4.55753 -0.103464  -8.68531 
                 107  9.66884  53.3655 -149.804  26.6398 -6.75282  13.8885 0 0 0   -0.011 -0.02329  0.04412 -0.500485 -0.213989 -0.276928  -0.0028891  0.00100455 -0.00341259 -0.0871397  0.0338617 -0.0487341   4.55786 -0.103958  -8.68513 
               107.1  7.92271  53.4709 -150.452  26.5872 -6.77288   13.866 0 0 0   -0.011 -0.02329  0.04412 -0.496071 -0.169247 -0.192193 -0.00281392 0.000961847 -0.00342149 -0.0867328  0.0327769 -0.0486604   4.55792 -0.104867   -8.6851 
               107.2  10.8587  53.7321 -148.846  26.5419 -6.78731  13.8441 0 0 0   -0.011 -0.02329  0.04412 -0.420404  -0.26909 -0.216367 -0.00290321 0.000955318 -0.00345551 -0.0869269  0.0337761 -0.0486422     4.558 -0.104074  -8.68506 
               107.3   10.441  53.4746 -149.178 26.4956 -6.8071 13.8237 0 0 0   -0.011 -0.02329  0.04412 -0.467906  -0.18266 -0.247375 -0.00280311 0.000959931 -0.00340359 -0.0872824  0.0344602 -0.0489623   4.55782 -0.103464  -8.68516 
               107.4  9.59369  53.1809 -149.754  26.4481 -6.83088  13.7893 0 0 0   -0.011 -0.02329  0.04412 -0.538722  -0.19802 -0.298943 -0.00282544  0.00099244 -0.00340754 -0.0872673  0.0340428 -0.0484622   4.55791 -0.103816  -8.68511 
               107.5  10.2776  53.8983 -149.302  26.4003 -6.85272  13.7591 0 0 0   -0.011 -0.02329  0.04412 -0.372994 -0.303472 -0.242577  -0.0028582 0.000942628 -0.00345521 -0.0875418  0.0345935 -0.0484538   4.55786 -0.103348  -8.68514 
               107.6  9.64218  53.9426 -149.694  26.3537 -6.87299  13.7361 0 0 0   -0.011 -0.02329  0.04412 -0.472106 -0.120862 -0.233796 -0.00281195  0.00102737 -0.00339733 -0.0881567  0.0341584 -0.0487588   4.55732 -0.103528  -8.68542 
               107.7  9.94979  53.4347 -149.663  26.3087 -6.89543  13.7092 0 0 0   -0.011 -0.02329  0.04412 -0.454787 -0.258751 -0.273232 -0.00284343  0.00101104 -0.00341507 -0.0879774  0.0337195  -0.048609   4.55739 -0.103904  -8.68538 
               107.8  9.97873  53.4988 -149.797  26.2662 -6.92411  13.6851 0 0 0   -0.011 -0.02329  0.04412  -0.46025 -0.214176 -0.255564 -0.00284514   0.0010034 -0.00342788 -0.0877754  0.0337195 -0.0485206  4.55753 -0.10395 -8.68531 
               107.9 8.83349 53.6376  -150.3  26.2126 -6.94652  13.6583 0 0 0   -0.011 -0.02329  0.04412 -0.496983 -0.240629 -0.270343 -0.00280227 0.000987837 -0.00341849 -0.0880849  0.0333999 -0.0490823   4.55712 -0.104086  -8.68552 
                 108  9.74806  53.8755 -149.885  26.1623 -6.97492  13.6299 0 0 0   -0.011 -0.02329  0.04412 -0.504116 -0.243622 -0.286299 -0.00285842 0.000986715 -0.00345296 -0.0884115  0.0330553 -0.0492696   4.55681 -0.104264  -8.68569 
               108.1  9.22643  54.0301 -150.106  26.1086 -6.99655  13.6024 0 0 0   -0.011 -0.02329  0.04412 -0.474341 -0.221916 -0.240698 -0.00280475  0.00104366 -0.00340728 -0.0887005  0.0327536 -0.0493724   4.55655 -0.104423  -8.68582 
               108.2  10.7073  54.0667 -149.314  26.0607 -7.01796  13.5772 0 0 0   -0.011 -0.02329  0.04412 -0.489407 -0.160803 -0.238447 -0.00287718  0.00102773 -0.00345832 -0.0891481  0.0329223 -0.0493879   4.55632 -0.104208  -8.68594 
               108.3  10.1062  53.8069 -149.648  26.0221 -7.03761  13.5636 0 0 0   -0.011 -0.02329  0.04412  -0.39553 -0.283414  -0.15128 -0.00282356   0.0010172  -0.0034288 -0.0879433  0.0328671 -0.0491971  4.55706  -0.1045 -8.68555 
               108.4  10.4486  53.1908 -149.785  25.9894 -7.06421  13.5454 0 0 0   -0.011 -0.02329  0.04412 -0.434491 -0.291474 -0.279647 -0.00286747  0.00105498  -0.0034188 -0.0870309  0.0330955 -0.0486406    4.5578 -0.104551  -8.68516 
               108.5  8.98329  53.1788 -150.592  25.9389 -7.08328  13.5208 0 0 0   -0.011 -0.02329  0.04412 -0.527465  -0.10939 -0.219906 -0.00281502  0.00101171 -0.00340669 -0.0867982  0.0332405 -0.0485457   4.55799 -0.104497  -8.68506 
               108.6  10.2373  53.5758 -149.692 25.8914 -7.0964 13.5009 0 0 0   -0.011 -0.02329  0.04412 -0.371019 -0.230549  -0.14628 -0.00284506  0.00100853 -0.00344091 -0.0870929   0.033783 -0.0487926   4.55784 -0.104022  -8.68514 
               108.7 10.6893 53.2404 -149.75  25.8497 -7.12904  13.4826 0 0 0   -0.011 -0.02329  0.04412 -0.394607 -0.356821 -0.253833 -0.00287755  0.00102249 -0.00343061 -0.0876068  0.0333157 -0.0493505   4.55729 -0.104225  -8.68543 
               108.8  8.67569  52.8943 -151.048   25.807 -7.15072  13.4539 0 0 0   -0.011 -0.02329  0.04412 -0.541669 -0.129296 -0.261163 -0.00279337  0.00101553 -0.00340981 -0.0879006  0.0335862 -0.0492043   4.55722 -0.103981  -8.68547 
               108.9  9.05074  53.3989 -150.377  25.7578 -7.17095  13.4342 0 0 0   -0.011 -0.02329  0.04412 -0.408448 -0.243105 -0.208103 -0.00283251 0.000933335 -0.00347415 -0.0874925  0.0333397 -0.0492094   4.55741 -0.104239  -8.68537 
                 109  9.74058  53.0044 -150.088   25.722 -7.19482  13.4107 0 0 0   -0.011 -0.02329  0.04412 -0.446557 -0.175673 -0.217571 -0.00284224 0.000993982 -0.00344389 -0.0874016  0.0332909 -0.0485773   4.55764 -0.104338  -8.68525 
               109.1  8.70031  52.8021 -150.833  25.6713 -7.21209  13.3792 0 0 0   -0.011 -0.02329  0.04412 -0.482063 -0.268116  -0.29213 -0.00280215  0.00102424 -0.00341794 -0.0874621  0.0338334 -0.0483088   4.55779 -0.103949  -8.68517 
               109.2  9.84456  53.3025 -149.961  25.6171 -7.23649  13.3482 0 0 0   -0.011 -0.02329  0.04412    -0.452 -0.266185 -0.224293 -0.00284919 0.000965917 -0.00346681 -0.0881269  0.0339011 -0.0487949   4.55728 -0.103739  -8.68545 
               109.3  9.85159  53.8074 -150.077  25.5709 -7.27402  13.3257 0 0 0   -0.011 -0.02329  0.04412 -0.486964 -0.160113 -0.236531 -0.00284874 0.000950257 -0.00344205 -0.0883125  0.0327929 -0.0491652   4.55686 -0.104484  -8.68566 
               109.4   7.9047  53.4857 -151.208  25.5227 -7.28993  13.3006 0 0 0   -0.011 -0.02329  0.04412 -0.488734 -0.154662 -0.218293 -0.00276211  0.00102953 -0.00340617 -0.0883837  0.0326085  -0.048892   4.55687 -0.104623  -8.68565 
               109.5 9.59829 53.3767 -150.33  25.4687 -7.31539  13.2735 0 0 0   -0.011 -0.02329  0.04412 -0.475822 -0.327504 -0.271776 -0.00288266 0.000987131 -0.00346419 -0.0891738   0.032327 -0.0494409   4.5562 -0.10464   -8.686 
               109.6  9.72024  53.3083 -150.436   25.426 -7.33964  13.2454 0 0 0   -0.011 -0.02329  0.04412 -0.420332 -0.273574 -0.246714 -0.00285074  0.00100999 -0.00344893 -0.0888032  0.0327354 -0.0488307   4.55667 -0.104456  -8.68575 
               109.7   9.1921  53.4321 -150.859  25.3815 -7.36467  13.2249 0 0 0   -0.011 -0.02329  0.04412 -0.490659 -0.152497 -0.244239 -0.00284406  0.00100666 -0.00345401 -0.0886425  0.0329954 -0.0492195   4.55669 -0.104273  -8.68575 
               109.8   7.9981  53.3305 -151.406  25.3344 -7.38426  13.1952 0 0 0   -0.011 -0.02329  0.04412 -0.490083 -0.301298 -0.336222 -0.00281873  0.00101002 -0.00345641 -0.0884911  0.0330429 -0.0488865   4.55688 -0.104289  -8.68564 
               109.9  8.78285  53.6066 -151.039  25.2819 -7.42107  13.1609 0 0 0   -0.011 -0.02329  0.04412 -0.475406 -0.246446 -0.277952 -0.00284562  0.00100413 -0.00344656 -0.0891097   0.032201 -0.0492705   4.55627 -0.104752  -8.68596 
                 110  7.94937  54.1199 -151.321  25.2356 -7.43342  13.1474 0 0 0   -0.011 -0.02329  0.04412 -0.454282 -0.186531 -0.200061    -0.00281 0.000946246 -0.00345134  -0.087667  0.0330288 -0.0494765   4.55716 -0.104417   -8.6855 
               110.1  8.85744  54.0896 -150.946  25.1932 -7.45724  13.1241 0 0 0   -0.011 -0.02329  0.04412 -0.451003 -0.214397 -0.153675  -0.0028674  0.00100445 -0.00346396 -0.0879749   0.032839 -0.0491634   4.55705 -0.104515  -8.68555 
               110.2  8.20499  53.9663 -151.375 25.1503 -7.4791  13.113 0 0 0   -0.011 -0.02329  0.04412 -0.458432 -0.243345 -0.230744 -0.00282469 0.000953016 -0.00343899 -0.0872235  0.0330119 -0.0492884   4.55746 -0.104525  -8.68534 
               110.3  7.91767  53.6538 -151.492  25.0983 -7.50113  13.0779 0 0 0   -0.011 -0.02329  0.04412 -0.487916 -0.223544 -0.236884 -0.00281986  0.00101748 -0.00346247 -0.0883228  0.0327436 -0.0490301   4.55688 -0.104525  -8.68564 
               110.4   8.8834  53.8429 -150.895 25.0528 -7.5244 13.0538 0 0 0   -0.011 -0.02329  0.04412 -0.479312 -0.194065 -0.244278 -0.00286329 0.000990763 -0.00346806 -0.0883654  0.0327212 -0.0489573   4.55688 -0.104537  -8.68564 
               110.5  8.56242  53.7487 -151.067  25.0046 -7.54182  13.0248 0 0 0   -0.011 -0.02329  0.04412   -0.5274 -0.234285 -0.335883 -0.00286885 0.000983558 -0.00347109 -0.0880154  0.0327443 -0.0486649   4.55716 -0.104604  -8.68549 
               110.6 9.92765 54.2509 -150.37  24.9554 -7.57121  12.9964 0 0 0   -0.011 -0.02329  0.04412 -0.463039 -0.192956 -0.223029  -0.0029235 0.000966058 -0.00348371 -0.0883462  0.0324319 -0.0487512    4.5569 -0.104758  -8.68563 
               110.7  8.79547  54.4791 -150.909  24.9109 -7.58903  12.9758 0 0 0   -0.011 -0.02329  0.04412 -0.396577 -0.276576 -0.266403 -0.00283442 0.000960044   -0.003467  -0.088088  0.0328514 -0.0490518   4.55702 -0.104491  -8.68557 
               110.8  8.63567  54.1129 -151.323  24.8604 -7.61245  12.9447 0 0 0   -0.011 -0.02329  0.04412 -0.500581 -0.183125 -0.269692 -0.00283656 0.000985327 -0.00343082 -0.0888741  0.0328635 -0.0492779   4.55653 -0.104324  -8.68583 
               110.9  8.19857  54.0266 -151.607  24.8136 -7.64048  12.9143 0 0 0   -0.011 -0.02329  0.04412  -0.44635 -0.265428 -0.308819  -0.0028244  0.00103972 -0.00343262 -0.0890693  0.0318796 -0.0491088    4.5563 -0.104991  -8.68594 
                 111   8.9754  54.0982 -150.998  24.7752 -7.65669  12.8864 0 0 0   -0.011 -0.02329  0.04412  -0.235181 -0.0197161  -0.149097 -0.00286525  0.00101033 -0.00348236 -0.0895174  0.0322045 -0.0492166   4.55608 -0.104675  -8.68606 
               111.1  9.13759  55.3481 -150.514  24.7816 -7.65471  12.8935 0 0 0   -0.011 -0.02329  0.04412    0.08938 0.00397218  0.0375841 -0.00283731 0.000905629 -0.00347159 -0.0885745    0.03217 -0.0490786   4.55663 -0.104879  -8.68577 
               111.2  8.40291  54.6629 -151.433  24.7851 -7.63862  12.9017 0 0 0   -0.011 -0.02329  0.04412  -0.177439   0.138463 -0.0183002 -0.00285516 0.000998333 -0.00344764  -0.088345  0.0323714 -0.0490242   4.55681 -0.104784  -8.68568 
               111.3  5.20853  54.2406 -157.029  24.7408 -7.61094  12.8841 0 0 0   -0.011 -0.02329  0.04412 -0.353582  0.270705  -0.12879 -0.00288843 0.000987174 -0.00328485 -0.0891911  0.0322857 -0.0496525   4.55615 -0.104652  -8.68603 
               111.4  2.28362  55.6027 -166.334  24.7337 -7.59794  12.8864 0 0 0   -0.011 -0.02329  0.04412  -0.014222 -0.0319818  0.0341745 -0.00304539 0.000917164  -0.0031832 -0.0877496  0.0333604 -0.0487581   4.55738 -0.104228  -8.68539 
               111.5 -0.487442   55.7036  -169.048  24.7428 -7.59986  12.8962 0 0 0   -0.011 -0.02329  0.04412 0.0228859 0.0297398 0.0828022 -0.00276371 0.000952361 -0.00335194 -0.0869789  0.0328104 -0.0481534   4.55786 -0.104806  -8.68512 
               111.6 0.546571  55.3403 -167.467   24.749 -7.60381  12.8966 0 0 0   -0.011 -0.02329  0.04412 0.00738256 -0.0161025  0.0390995 -0.00269473  0.00098479 -0.00346467 -0.0869334  0.0322564  -0.047369   4.55801 -0.105263  -8.68504 
               111.7 0.318822  55.5636 -167.472  24.7489 -7.60117   12.896 0 0 0   -0.011 -0.02329  0.04412 -0.0996965   0.046548  0.0170081 -0.00266978 0.000931411 -0.00341715 -0.0873344  0.0323301 -0.0470605   4.5579 -0.10515  -8.6851 
               111.8 0.239869  54.9678 -167.689  24.7222 -7.59949  12.8858 0 0 0   -0.011 -0.02329  0.04412  -0.449782 -0.0760287  -0.199333 -0.00269789 0.000969064 -0.00342097 -0.0874065  0.0323837 -0.0468756   4.55793 -0.105115  -8.68508 
               111.9 0.518637  54.6585 -168.011  24.6645 -7.60702  12.8405 0 0 0   -0.011 -0.02329  0.04412 -0.575921 -0.135526 -0.376163 -0.00272337 0.000979599 -0.00339496 -0.0878469  0.0323735 -0.0463215  4.55786 -0.10507 -8.68512 
                 112  1.83233  56.7112 -167.219   24.618 -7.61667  12.8152 0 0 0   -0.011 -0.02329  0.04412 -0.135762  0.196068 0.0119848 -0.00272038 0.000831335 -0.00343045 -0.0884014    0.03204 -0.0466516    4.5574 -0.105123  -8.68536 
               112.1 0.477853  58.5051 -168.655 24.6399 -7.6194  12.832 0 0 0   -0.011 -0.02329  0.04412    0.128433 -0.00616386   0.0825395 -0.00269557 0.000866558 -0.00337696 -0.0873595  0.0319126 -0.0463996   4.55798 -0.105493  -8.68506 
               112.2   -0.824  55.9301 -168.889  24.6538 -7.61133  12.8406 0 0 0   -0.011 -0.02329  0.04412  0.0966578 -0.0820728  0.0691902 -0.00265603   0.0010958 -0.00342113 -0.0871014  0.0317135 -0.0459675   4.55819 -0.105734  -8.68494 
               112.3  1.7201  55.918 -167.55  24.6232 -7.61151  12.8287 0 0 0   -0.011 -0.02329  0.04412   -0.451242 -0.00985241    -0.15093 -0.00274646  0.00104145 -0.00344845 -0.0889981  0.0317813 -0.0470178  4.55693 -0.10511 -8.68561 
               112.4 0.157336   55.234 -169.039   24.562 -7.62214  12.7919 0 0 0   -0.011 -0.02329  0.04412 -0.670911 -0.157007 -0.449964 -0.00265845 0.000988807 -0.00335533 -0.0892852  0.0316668 -0.0468424   4.55681 -0.105133  -8.68567 
               112.5 -0.509412   56.3252  -169.991  24.4999 -7.65185  12.7557 0 0 0   -0.011 -0.02329  0.04412  -0.575928 -0.0771385  -0.310076 -0.00269231 0.000959076 -0.00339825 -0.0897858  0.0307467 -0.0470061   4.55629 -0.105601  -8.68594 
               112.6 -2.96198  56.6307 -171.239  24.4509 -7.65771  12.7379 0 0 0   -0.011 -0.02329  0.04412  -0.470002 -0.0848143  -0.201614 -0.00260386 0.000975152 -0.00337366 -0.0895118  0.0302564 -0.0471656   4.55627 -0.105976  -8.68595 
               112.7 -0.601334   55.7185  -169.918  24.4085 -7.66102   12.719 0 0 0   -0.011 -0.02329  0.04412  -0.537385 -0.0860987  -0.265961 -0.00275026  0.00103298  -0.0034373 -0.0890679  0.0309452 -0.0467942  4.55676 -0.10567 -8.68569 
               112.8 -1.09289   55.696 -170.355  24.3457 -7.66776  12.6939 0 0 0   -0.011 -0.02329  0.04412   -0.5804 -0.089167 -0.318409 -0.00266592  0.00101885  -0.0033803 -0.0890381   0.030677 -0.0472276  4.55659 -0.10581 -8.68578 
               112.9 0.854795   56.123 -169.273 24.2986 -7.6862 12.6662 0 0 0   -0.011 -0.02329  0.04412 -0.469588 -0.189771  -0.22274 -0.00274845 0.000933762 -0.00340631 -0.0890364  0.0305665 -0.0469355   4.55665 -0.105912  -8.68575 
                 113 -1.09686  55.6859 -170.608  24.2555 -7.70298  12.6334 0 0 0   -0.011 -0.02329  0.04412 -0.493593 -0.150907 -0.326941 -0.00267914  0.00102267  -0.0033849 -0.0895792  0.0307515 -0.0465491   4.55653 -0.105695  -8.68581 
               113.1 -2.34677  55.2606 -171.163  24.1989 -7.70405  12.5994 0 0 0   -0.011 -0.02329  0.04412  -0.556382 -0.0185938  -0.270908 -0.00267725  0.00102318  -0.0034176 -0.0899198  0.0309147  -0.046489   4.55641 -0.105511  -8.68588 
               113.2 -0.381779   55.5267  -169.985  24.1551 -7.71101  12.5701 0 0 0   -0.011 -0.02329  0.04412  -0.489098 -0.0854243   -0.28199 -0.00275375  0.00103153 -0.00344858 -0.0897556  0.0308834 -0.0457055  4.55671 -0.10565 -8.68572 
               113.3 -0.269909   55.2742  -170.062  24.108 -7.7221 12.5448 0 0 0   -0.011 -0.02329  0.04412  -0.50759 -0.155872 -0.301512 -0.00273539  0.00103941 -0.00342003 -0.0892924  0.0310007   -0.04574   4.55696 -0.105685  -8.68559 
               113.4 -0.872345   55.2692  -170.592  24.0571 -7.73162  12.5253 0 0 0   -0.011 -0.02329  0.04412  -0.515569 -0.0539914  -0.243041 -0.00272159 0.000980134 -0.00342631 -0.0887031  0.0314172 -0.0461262   4.55724 -0.105523  -8.68544 
               113.5 -1.49177  55.1899 -170.977 24.0063 -7.7348  12.499 0 0 0   -0.011 -0.02329  0.04412   -0.533987 -0.00961891     -0.2823 -0.00273307  0.00103158 -0.00342617 -0.0885232  0.0312843  -0.045977   4.55734 -0.105667  -8.68539 
               113.6 -0.288366   55.5021  -170.272   23.958 -7.74039  12.4814 0 0 0   -0.011 -0.02329  0.04412 -0.479011 -0.136354 -0.251117 -0.00275872 0.000980548 -0.00345733 -0.0880429  0.0313753 -0.0461845   4.55755 -0.105706  -8.68528 
               113.7 0.0188707   55.0915  -170.272  23.9059 -7.75401  12.4522 0 0 0   -0.011 -0.02329  0.04412 -0.481781 -0.101271 -0.245325 -0.00275263  0.00107552 -0.00342608 -0.0887267  0.0309671 -0.0463551   4.55706 -0.105784  -8.68553 
               113.8 -0.454043   55.0367  -170.483  23.8492 -7.76086  12.4233 0 0 0   -0.011 -0.02329  0.04412  -0.502048 -0.0639636  -0.236542 -0.00270328  0.00103416 -0.00343245 -0.0893926  0.0312139 -0.0468539   4.55665 -0.105414  -8.68575 
               113.9 -0.448928    55.125  -170.408   23.803 -7.77225  12.4036 0 0 0   -0.011 -0.02329  0.04412 -0.464403 -0.117358 -0.218912 -0.00271523 0.000994835 -0.00343065 -0.0888939  0.0310988  -0.046922   4.55686 -0.105601  -8.68564 
                 114 -0.934418   54.6893  -170.839  23.7588 -7.78269  12.3815 0 0 0   -0.011 -0.02329  0.04412  -0.498757 -0.0850385  -0.285136 -0.00270493  0.00103969 -0.00341445 -0.0886482  0.0310177 -0.0466551   4.55703 -0.105739  -8.68555 
               114.1 -0.996636   54.4056  -170.961   23.702 -7.78907  12.3513 0 0 0   -0.011 -0.02329  0.04412 -0.540754 0.0365498 -0.196375 -0.00274758   0.0010295 -0.00345962 -0.0888512  0.0308982 -0.0467356   4.55688 -0.105758  -8.68563 
               114.2 -0.647788   55.0391  -170.897 23.6544 -7.7997 12.3273 0 0 0   -0.011 -0.02329  0.04412 -0.448759 -0.225392 -0.283499 -0.00274732 0.000971849 -0.00345617 -0.0887971  0.0306601 -0.0465735    4.5569 -0.105939  -8.68562 
               114.3 -0.985563   54.6769   -171.37  23.6034 -7.81156  12.3032 0 0 0   -0.011 -0.02329  0.04412   -0.51252 -0.0199746  -0.198427  -0.0027164  0.00102491 -0.00341274 -0.0887419  0.0304441 -0.0465095   4.55689 -0.106095  -8.68562 
               114.4 -0.922128   54.6686  -171.221   23.552 -7.81637   12.285 0 0 0   -0.011 -0.02329  0.04412  -0.514221 -0.0845651  -0.273028 -0.00273643 0.000989701 -0.00344714 -0.0884638  0.0307875 -0.0468801   4.55701 -0.105907  -8.68556 
               114.5 -0.980294   54.5787   -171.26  23.5007 -7.81996   12.256 0 0 0   -0.011 -0.02329  0.04412  -0.522132 -0.0738863  -0.279481 -0.00271007 0.000990809 -0.00343245 -0.0885273  0.0311172  -0.046516   4.55715 -0.105721  -8.68549 
               114.6 -0.704063    54.923  -171.228  23.4474 -7.82825   12.222 0 0 0   -0.011 -0.02329  0.04412 -0.521189 -0.116241 -0.314882 -0.00272924 0.000952365 -0.00344301 -0.0887793  0.0314961 -0.0465284   4.55711 -0.105421  -8.68551 
               114.7 -1.62154  55.3452 -171.834  23.3865 -7.83727  12.1858 0 0 0   -0.011 -0.02329  0.04412  -0.541894 -0.0813393  -0.276561 -0.00270905 0.000971778 -0.00345174 -0.0897415  0.0311604 -0.0468023   4.55649 -0.105376  -8.68584 
               114.8 -1.31239  55.6284 -171.695  23.3378 -7.84365  12.1584 0 0 0   -0.011 -0.02329  0.04412  -0.50623 0.0237491  -0.17979 -0.00273648 0.000997282 -0.00346626  -0.089436  0.0306269 -0.0462873   4.55665 -0.105833  -8.68575 
               114.9 -0.278061   55.8241  -171.295  23.291 -7.8549  12.145 0 0 0   -0.011 -0.02329  0.04412  -0.466553 -0.0693664  -0.242147 -0.00277681 0.000945471 -0.00348039 -0.0889678  0.0303406 -0.0466867   4.55671 -0.106084  -8.68571 
                 115 -1.20979  55.0916 -171.852  23.2382 -7.85167  12.1216 0 0 0   -0.011 -0.02329  0.04412  -0.569817 -0.0693281  -0.317721 -0.00270394 0.000981036 -0.00344069 -0.0887954   0.030851 -0.0467819   4.55688 -0.105797  -8.68563 
               115.1 0.398245  55.4053 -171.095  23.1794 -7.86644  12.0841 0 0 0   -0.011 -0.02329  0.04412  -0.55345 -0.096873 -0.324317 -0.00275065 0.000940601 -0.00347289 -0.0889539  0.0305808 -0.0468322   4.55673 -0.105922   -8.6857 
               115.2 -0.708419   56.1217  -171.698  23.1285 -7.87821  12.0515 0 0 0   -0.011 -0.02329  0.04412 -0.475757 -0.116907 -0.237134 -0.00273332 0.000934508 -0.00347334 -0.0889602  0.0300803 -0.0463557  4.55674 -0.10628  -8.6857 
               115.3 -0.351109   56.4081  -171.715  23.0799 -7.88805  12.0255 0 0 0   -0.011 -0.02329  0.04412  -0.505762 -0.0634064  -0.281126 -0.00275319 0.000956844 -0.00346686 -0.0890874  0.0303251 -0.0464634   4.55671 -0.106088  -8.68572 
               115.4 -1.36237  56.0592 -172.387  23.0312 -7.89853  11.9985 0 0 0   -0.011 -0.02329  0.04412 -0.497148 -0.126596 -0.302254 -0.00271294  0.00102008 -0.00344175 -0.0887756  0.0303264 -0.0462685  4.55691 -0.10618 -8.68561 
               115.5 -1.81285  56.2884 -172.763  22.9745 -7.90665  11.9639 0 0 0   -0.011 -0.02329  0.04412   -0.50122 -0.0614188  -0.305655 -0.00270937 0.000973876 -0.00343273 -0.0895316  0.0301639 -0.0467016    4.5564 -0.106059  -8.68588 
               115.6 -1.13951  56.0761 -172.325   22.927 -7.91813  11.9424 0 0 0   -0.011 -0.02329  0.04412 -0.416422 -0.122835 -0.154632 -0.00275346  0.00101813 -0.00348557 -0.0896182  0.0301427 -0.0469156   4.55629 -0.106029  -8.68593 
               115.7 -2.10635  55.6411 -172.919  22.8818 -7.92156  11.9332 0 0 0   -0.011 -0.02329  0.04412 -0.560725 0.0067777  -0.23264 -0.00268852  0.00093824 -0.00343524 -0.0888694  0.0299339  -0.047054   4.55656 -0.106317  -8.68579 
               115.8 -0.481524   55.0284  -172.071  22.8189 -7.92501   11.908 0 0 0   -0.011 -0.02329  0.04412  -0.651285 -0.0931709  -0.390582 -0.00276223 0.000983534  -0.0034953 -0.0885892  0.0305322 -0.0477631   4.55664 -0.105945  -8.68575 
               115.9 -1.13734  56.0865 -172.567  22.7581 -7.93124  11.8687 0 0 0   -0.011 -0.02329  0.04412  -0.512122 -0.0900987   -0.23749 -0.00275274 0.000940191 -0.00345988 -0.0890223  0.0301322 -0.0473489  4.55646 -0.10613 -8.68585 
                 116 0.874973   56.673 -171.445  22.7189 -7.93863  11.8422 0 0 0   -0.011 -0.02329  0.04412 -0.435054 -0.054925 -0.210236 -0.00283443 0.000932896 -0.00351035 -0.0889456  0.0304719 -0.0465112   4.55679 -0.106027  -8.68567 
               116.1 -0.285959   55.7242  -171.938  22.6764 -7.94389   11.821 0 0 0   -0.011 -0.02329  0.04412  -0.448115 -0.0968703  -0.210544 -0.00273713  0.00107512 -0.00348997 -0.0892406  0.0306983 -0.0465416   4.55669 -0.105819  -8.68573 
               116.2 -0.95085    55.33 -172.633  22.6202 -7.95125  11.7974 0 0 0   -0.011 -0.02329  0.04412  -0.588954 -0.0766079  -0.351749 -0.00273196 0.000995016 -0.00346345 -0.0891506  0.0306708 -0.0470222    4.5566 -0.105805  -8.68577 
               116.3 -1.01674  55.4626 -172.824  22.5641 -7.96033  11.7597 0 0 0   -0.011 -0.02329  0.04412   -0.52147 -0.0651417  -0.292291 -0.00273438 0.000988747 -0.00345572 -0.0891629  0.0305805  -0.046727   4.55665 -0.105888  -8.68575 
               116.4 -1.08326  56.2574  -172.83  22.5145 -7.96346  11.7317 0 0 0   -0.011 -0.02329  0.04412 -0.493137 0.0118864 -0.247139 -0.00275397 0.000940374 -0.00349406 -0.0892177  0.0306032  -0.046562   4.55668 -0.105879  -8.68573 
               116.5 -0.453545   56.0621  -172.451  22.4687 -7.97623  11.7152 0 0 0   -0.011 -0.02329  0.04412  -0.495392 -0.0791752   -0.18661 -0.00276668 0.000957562 -0.00349707 -0.0886848  0.0298223 -0.0466579   4.55672 -0.106458   -8.6857 
               116.6 -0.603392   55.8581  -172.833  22.4158 -7.97419  11.6877 0 0 0   -0.011 -0.02329  0.04412   -0.56196 -0.0625894  -0.340645 -0.00276881  0.00100903 -0.00348809 -0.0888504  0.0305164 -0.0463872   4.55687 -0.106034  -8.68563 
               116.7  0.38307  56.1844 -172.145  22.3617 -7.98443  11.6551 0 0 0   -0.011 -0.02329  0.04412 -0.504966 -0.107853   -0.3035 -0.00278208 0.000967739 -0.00351236 -0.0889802  0.0305623 -0.0465928   4.55677 -0.105956  -8.68568 
               116.8 -0.27527   56.169 -172.365 22.3095  -7.995 11.6231 0 0 0   -0.011 -0.02329  0.04412 -0.457508 -0.043321 -0.176074 -0.00273293 0.000988513 -0.00346379 -0.0893824  0.0302442 -0.0465747   4.55652 -0.106056  -8.68581 
               116.9 -0.00679011      56.329     -172.07  22.2623 -7.99794  11.6105 0 0 0   -0.011 -0.02329  0.04412   -0.470257 -0.00018519    -0.17418 -0.00275556 0.000928558 -0.00348644 -0.0888703  0.0298256 -0.0466724   4.55663 -0.106409  -8.68575 
                 117  1.59412  55.6618 -171.535  22.2122 -7.99955  11.5857 0 0 0   -0.011 -0.02329  0.04412  -0.574904 -0.0766655  -0.355576  -0.0027968  0.00100106 -0.00348648  -0.088811  0.0305204 -0.0467476    4.5568 -0.106003  -8.68567 
               117.1 0.804203  55.7636 -171.992   22.151 -8.01348  11.5393 0 0 0   -0.011 -0.02329  0.04412 -0.559073 -0.130906 -0.384242 -0.00275832 0.000982422 -0.00348076 -0.0892833  0.0299832 -0.0465652   4.55651 -0.106235  -8.68582 
               117.2 0.959496  56.9168 -171.905  22.1018 -8.02395  11.5061 0 0 0   -0.011 -0.02329  0.04412  -0.459377 -0.0836863  -0.247219   -0.002766 0.000903154 -0.00350353 -0.0895101  0.0302677 -0.0463692  4.55652 -0.10604 -8.68581 
               117.3 -0.0725156    56.4292   -172.399  22.0612 -8.02424  11.4867 0 0 0   -0.011 -0.02329  0.04412 -0.442922 -0.053148 -0.241907 -0.00273617   0.0009956 -0.00349143 -0.0890746  0.0304955  -0.046286  4.55679 -0.10601 -8.68567 
               117.4 0.996453  56.0622 -171.808   22.015 -8.03001  11.4647 0 0 0   -0.011 -0.02329  0.04412  -0.552446 -0.0467983  -0.307085 -0.00278825  0.00094451 -0.00351309 -0.0888757  0.0304941 -0.0463844   4.55685 -0.106043  -8.68564 
               117.5 0.629025  55.9306 -172.208  21.9554 -8.03568  11.4383 0 0 0   -0.011 -0.02329  0.04412 -0.507475  -0.14499 -0.286663 -0.00277915  0.00093617 -0.00349273 -0.0887344  0.0304831 -0.0468587   4.55679 -0.106027  -8.68567 
               117.6  1.14896   56.355 -172.115  21.9053 -8.05157  11.4154 0 0 0   -0.011 -0.02329  0.04412   -0.46844 -0.0462342  -0.247134 -0.00277094 0.000927812 -0.00348521 -0.0886488  0.0303672 -0.0473386   4.55668 -0.106059  -8.68573 
               117.7 -0.780118   55.9635  -173.163  21.8575 -8.06492  11.3919 0 0 0   -0.011 -0.02329  0.04412  -0.53664 -0.143488 -0.270267 -0.00270964 0.000952434 -0.00346361 -0.0885427  0.0301095  -0.047432   4.55665 -0.106221  -8.68574 
               117.8  -1.1501  55.8615 -173.395  21.7997 -8.06442  11.3649 0 0 0   -0.011 -0.02329  0.04412 -0.581134 -0.022523 -0.242492 -0.00275454 0.000966259 -0.00350635 -0.0887275  0.0305361 -0.0474032   4.55667 -0.105938  -8.68574 
               117.9 0.152525  56.4394 -172.455  21.7528 -8.07016  11.3484 0 0 0   -0.011 -0.02329  0.04412  -0.478014 -0.0942818  -0.254107 -0.00278284  0.00090062 -0.00352251 -0.0880295  0.0306659  -0.047363   4.55702 -0.106017  -8.68555 
                 118 -0.0211957    56.0796   -172.588  21.7072 -8.07683  11.3159 0 0 0   -0.011 -0.02329  0.04412  -0.493535 -0.0197349  -0.249957 -0.00275359  0.00097432 -0.00349215 -0.0883853  0.0307837 -0.0469614   4.55698 -0.105915  -8.68557 
               118.1 -0.399528   56.0091  -172.691  21.6574 -8.07032  11.2887 0 0 0   -0.011 -0.02329  0.04412  -0.488961 0.00957797   -0.21795 -0.00275877 0.000968087 -0.00351506 -0.0888093  0.0311853  -0.046718   4.55694 -0.105619   -8.6856 
               118.2  0.76016  55.9166 -172.198  21.6085 -8.07902  11.2651 0 0 0   -0.011 -0.02329  0.04412  -0.530812 -0.0721698  -0.318126 -0.00279712 0.000915297 -0.00350813 -0.0885992  0.0307117 -0.0467209   4.55694 -0.105935   -8.6856 
               118.3 0.599513  55.8301 -172.485  21.5533 -8.09588  11.2306 0 0 0   -0.011 -0.02329  0.04412 -0.515887 -0.100852 -0.310307 -0.00278824  0.00095239 -0.00350847 -0.0888188   0.030462 -0.0467519   4.55678 -0.106029  -8.68568 
               118.4 -1.15342  56.2383 -173.498 21.5012 -8.1066    11.2 0 0 0   -0.011 -0.02329  0.04412  -0.49523 -0.108378 -0.298136 -0.00272194 0.000916542 -0.00346227 -0.0890014  0.0300482 -0.0466188  4.55664 -0.10624 -8.68575 
               118.5 -0.736527   56.1314  -173.354   21.447 -8.11677  11.1701 0 0 0   -0.011 -0.02329  0.04412 -0.520383 -0.131582  -0.32686 -0.00277992 0.000974716 -0.00353255 -0.0890652  0.0301435 -0.0470011   4.55654 -0.106132   -8.6858 
               118.6 -1.64466  56.4805 -173.968  21.3907 -8.12944  11.1394 0 0 0   -0.011 -0.02329  0.04412 -0.512901 -0.132639  -0.30309 -0.00274431 0.000893635 -0.00350811 -0.0891071   0.030118 -0.0474809    4.5564 -0.106088  -8.68588 
               118.7 -2.41106  56.6001 -174.545  21.3496 -8.14383  11.1038 0 0 0   -0.011 -0.02329  0.04412 -0.519904 -0.052338 -0.310781 -0.00280152 0.000934112 -0.00353504 -0.0890074  0.0298867 -0.0465636   4.55662 -0.106334  -8.68576 
               118.8 -3.47231   56.548 -175.153  21.2971 -8.15229  11.0781 0 0 0   -0.011 -0.02329  0.04412 -0.471888 -0.131025 -0.247483  -0.0027511 0.000938573 -0.00349885  -0.088785  0.0297411 -0.0467538   4.55664 -0.106445  -8.68575 
               118.9 -3.15996  56.6652 -175.152   21.246 -8.16141  11.0495 0 0 0   -0.011 -0.02329  0.04412  -0.487782 -0.0664501  -0.266368 -0.00280704 0.000947503  -0.0035259 -0.0891502  0.0296854 -0.0469039   4.55643 -0.106383  -8.68586 
                 119 -3.38021  56.3112 -175.283  21.1973 -8.16596  11.0225 0 0 0   -0.011 -0.02329  0.04412  -0.508213 -0.0952818   -0.30386 -0.00278221 0.000957052 -0.00350997 -0.0889384  0.0299121 -0.0469269  4.55657  -0.1063 -8.68579 
               119.1 -3.31381  56.3127 -175.333  21.1486 -8.17363  10.9931 0 0 0   -0.011 -0.02329  0.04412  -0.493936 -0.0951523  -0.272259 -0.00279199 0.000961122 -0.00352665 -0.0887177  0.0303348 -0.0468756   4.55676 -0.106116  -8.68569 
               119.2 -4.28945  56.5484 -175.905   21.103 -8.18119  10.9692 0 0 0   -0.011 -0.02329  0.04412  -0.480731 -0.0290796   -0.25222 -0.00276321 0.000951825 -0.00352674 -0.0886558  0.0303565 -0.0466521   4.55685 -0.106137  -8.68564 
               119.3 -4.61281  56.2069 -176.188   21.048 -8.19389  10.9395 0 0 0   -0.011 -0.02329  0.04412 -0.486789 -0.146601 -0.306037 -0.00278226 0.000989709 -0.00352274 -0.0890704  0.0298515 -0.0468984    4.5565 -0.106305  -8.68582 
               119.4 -5.07848  56.0782 -176.549       21 -8.19909  10.9134 0 0 0   -0.011 -0.02329  0.04412 -0.464475 -0.033816 -0.197649 -0.00275985 0.000941922 -0.00351818 -0.0890069   0.030402 -0.0469899   4.55662 -0.106007  -8.68576 
               119.5  -5.8586  55.9174 -177.003 20.9528 -8.2053 10.8991 0 0 0   -0.011 -0.02329  0.04412  -0.474617 -0.0776163  -0.216428 -0.00274497 0.000934039 -0.00350849 -0.0886916  0.0302244  -0.047401   4.55662 -0.106139  -8.68576 
               119.6 -5.44854   55.335 -176.732  20.9064 -8.20958  10.8781 0 0 0   -0.011 -0.02329  0.04412  -0.511668 -0.0319463  -0.246612 -0.00278507 0.000947955 -0.00354671 -0.0884727  0.0302896 -0.0472007   4.55677 -0.106168  -8.68568 
               119.7 -5.22911  55.0148  -176.56  20.8507 -8.21058  10.8509 0 0 0   -0.011 -0.02329  0.04412   -0.52555 -0.0517134  -0.251506 -0.00276939 0.000956585  -0.0035511 -0.0888367   0.030277 -0.0473375   4.55659 -0.106084  -8.68578 
               119.8 -4.36076  55.1353 -176.176  20.7995 -8.22535  10.8194 0 0 0   -0.011 -0.02329  0.04412 -0.505887 -0.121449 -0.262074 -0.00281064 0.000970639  -0.0035478 -0.0891057  0.0298778 -0.0472139   4.55642 -0.106252  -8.68586 
               119.9 -5.58664  55.1276 -176.862  20.7556 -8.22799  10.8023 0 0 0   -0.011 -0.02329  0.04412  -0.449052 -0.0204119  -0.187408 -0.00273648 0.000935849 -0.00352838 -0.0886502  0.0301223 -0.0471323   4.55668 -0.106226  -8.68573 
                 120  -4.9216  54.4188 -176.468   20.711 -8.22923  10.7866 0 0 0   -0.011 -0.02329  0.04412  -0.466475 -0.0744003   -0.20548  -0.0027876 0.000978157 -0.00356306 -0.0886637  0.0303693 -0.0472659   4.55669 -0.106078  -8.68572 
               120.1 -4.65472  53.6658 -176.446 20.6675 -8.2442 10.7671 0 0 0   -0.011 -0.02329  0.04412 -0.497847 -0.090141 -0.242867 -0.00281918 0.000936218 -0.00355555 -0.0881208  0.0301537 -0.0470819   4.55692 -0.106328   -8.6856 
               120.2 -6.03119  53.5486 -177.204  20.6149 -8.24651  10.7437 0 0 0   -0.011 -0.02329  0.04412  -0.488106 -0.0623324    -0.2182 -0.00274917 0.000913776  -0.0035614  -0.088011  0.0304192 -0.0470403   4.55703 -0.106212  -8.68554 
               120.3 -5.77956  53.7718 -177.192  20.5614 -8.25588  10.7223 0 0 0   -0.011 -0.02329  0.04412  -0.521781 -0.0134369  -0.204581 -0.00277937 0.000887097 -0.00354493 -0.0884076  0.0298582 -0.0473459   4.55668 -0.106405  -8.68573 
               120.4 -5.31145  53.3681 -176.837  20.5046 -8.25631  10.6934 0 0 0   -0.011 -0.02329  0.04412 -0.566457 -0.077135 -0.303165  -0.0027835 0.000937969 -0.00353599 -0.088847 0.0301994 -0.047417  4.55655 -0.10612  -8.6858 
               120.5 -5.23636   53.666 -176.941  20.4478 -8.25839  10.6607 0 0 0   -0.011 -0.02329  0.04412   -0.569891 -0.00998496   -0.261173 -0.00279435 0.000903309 -0.00356081 -0.0889464   0.030206 -0.0470767  4.55658 -0.10612 -8.68578 
               120.6 -4.80003  54.2154 -176.884  20.3979 -8.26991  10.6363 0 0 0   -0.011 -0.02329  0.04412 -0.470565 -0.085491 -0.245174 -0.00282011 0.000863329 -0.00356343 -0.0890253  0.0297473 -0.0470486  4.55646 -0.10635 -8.68584 
               120.7 -5.26722  53.5646 -177.134  20.3491 -8.27296  10.6071 0 0 0   -0.011 -0.02329  0.04412 -0.504513 -0.102655 -0.251561 -0.00278826 0.000957161 -0.00355274 -0.0895169  0.0300017 -0.0469366   4.55633 -0.106116  -8.68591 
               120.8 -5.31454  53.1431 -177.324  20.2904 -8.27816  10.5815 0 0 0   -0.011 -0.02329  0.04412 -0.611353 0.0142159 -0.318318 -0.00280903 0.000964097 -0.00356824 -0.0896326  0.0300436 -0.0473775    4.5562 -0.106036  -8.68598 
               120.9 -5.37054  53.4236 -177.357  20.2251 -8.27686  10.5467 0 0 0   -0.011 -0.02329  0.04412    -0.584207 -0.000429781    -0.267774 -0.00280165 0.000956933 -0.00356079 -0.0898649  0.0300237 -0.0474298   4.55609 -0.105993  -8.68604 
                 121 -4.44825   54.403 -177.045  20.1803 -8.28796  10.5252 0 0 0   -0.011 -0.02329  0.04412  -0.476513 -0.0558543  -0.206277 -0.00285426 0.000878531  -0.0035934 -0.0890928   0.029684 -0.0470326   4.55642 -0.106368  -8.68586 
               121.1 -5.22357  54.2171 -177.431  20.1246 -8.29369  10.5044 0 0 0   -0.011 -0.02329  0.04412  -0.561819 -0.0880314  -0.269279 -0.00277582 0.000941181 -0.00354083 -0.0891872  0.0294335 -0.0474282  4.55625 -0.10645 -8.68595 
               121.2 -4.32001  53.8953 -176.993   20.071 -8.29381  10.4803 0 0 0   -0.011 -0.02329  0.04412  -0.553071 -0.0364847  -0.270947 -0.00283846 0.000993901  -0.0035772 -0.0889835  0.0300403 -0.0473376   4.55647 -0.106181  -8.68584 
               121.3 -4.79461  54.2862 -177.312  20.0257 -8.29343  10.4573 0 0 0   -0.011 -0.02329  0.04412  -0.464782 -0.0149772   -0.20543 -0.00278824 0.000933379 -0.00353928 -0.0885931  0.0299916 -0.0468069   4.55674 -0.106332   -8.6857 
               121.4 -3.43994  54.0102 -176.666  19.9769 -8.30151  10.4268 0 0 0   -0.011 -0.02329  0.04412 -0.520186 -0.010911 -0.279712 -0.00284162  0.00099281 -0.00356598  -0.089126  0.0298115 -0.0466474   4.55652 -0.106326  -8.68581 
               121.5 -4.59595  53.8688 -177.236   19.921 -8.29379  10.4009 0 0 0   -0.011 -0.02329  0.04412   -0.550656 -0.00539949   -0.306756 -0.00277386 0.000954353 -0.00358386  -0.089142  0.0302843 -0.0468589   4.55656 -0.106059  -8.68579 
               121.6 -3.35097  54.0935 -176.844  19.8622 -8.30182  10.3682 0 0 0   -0.011 -0.02329  0.04412  -0.552921 -0.0219716  -0.310229 -0.00286221 0.000993783 -0.00357025 -0.0893066  0.0297325 -0.0470511   4.55634 -0.106295   -8.6859 
               121.7  -3.4543  54.4761 -176.895 19.8093 -8.3141 10.3407 0 0 0   -0.011 -0.02329  0.04412 -0.488757 -0.155687 -0.303214 -0.00282215 0.000948618 -0.00358436 -0.0890578  0.0296777 -0.0472856   4.55638 -0.106356  -8.68588 
               121.8 -4.99718  54.4889 -177.885  19.7584 -8.32364   10.311 0 0 0   -0.011 -0.02329  0.04412 -0.541563 0.0170829 -0.250281 -0.00277634 0.000999209 -0.00354737 -0.089125 0.0295171  -0.04713   4.55636 -0.106438  -8.68589 
               121.9  -5.1952  54.5552 -177.897  19.7043 -8.31985  10.2851 0 0 0   -0.011 -0.02329  0.04412 -0.552063 0.0268087 -0.246094 -0.00281269  0.00100693 -0.00357643 -0.0890432  0.0292745 -0.0470464   4.55636 -0.106587  -8.68589 
                 122 -3.25089  54.8901 -176.863  19.6502 -8.31682  10.2666 0 0 0   -0.011 -0.02329  0.04412  -0.53966 -0.106461 -0.327962 -0.00286125  0.00094302 -0.00360013 -0.0885276  0.0296876 -0.0474744   4.55656 -0.106445  -8.68579 
               122.1 -2.51334  55.0498 -176.613  19.5972 -8.33081  10.2399 0 0 0   -0.011 -0.02329  0.04412 -0.513153 0.0289792 -0.188825 -0.00286063  0.00093744 -0.00361854 -0.0884507  0.0294717 -0.0475985  4.55652 -0.10656 -8.68581 
               122.2 -4.52152   55.176 -177.712  19.5468 -8.32943  10.2205 0 0 0   -0.011 -0.02329  0.04412  -0.507135 -0.0333765  -0.220571 -0.00272696 0.000951478 -0.00352906 -0.0883909  0.0294767 -0.0475227   4.55656 -0.106577  -8.68579 
               122.3 -3.21126   55.031 -176.967  19.4952 -8.32843  10.1942 0 0 0   -0.011 -0.02329  0.04412   -0.56508 -0.0518745  -0.348016 -0.00281369 0.000955366 -0.00359826  -0.088121  0.0301305 -0.0475355   4.55679 -0.106298  -8.68567 
               122.4 -3.50397  55.3684 -177.073  19.4371 -8.32894  10.1636 0 0 0   -0.011 -0.02329  0.04412  -0.462726 -0.0360185  -0.200377 -0.00280887 0.000955994 -0.00361741 -0.0884748  0.0300154 -0.0476897    4.5566 -0.106271  -8.68577 
               122.5 -2.71342  55.6814 -176.905  19.3932 -8.34035  10.1484 0 0 0   -0.011 -0.02329  0.04412  -0.485103 -0.0224158   -0.24177 -0.00283045 0.000909215 -0.00358436 -0.0877725  0.0297303 -0.0478837   4.55678 -0.106539  -8.68567 
               122.6 -4.02848  55.3201 -177.562  19.3463 -8.34659  10.1224 0 0 0   -0.011 -0.02329  0.04412 -0.453761 -0.131406 -0.206217 -0.00277049 0.000913645 -0.00358431 -0.0877285  0.0297858 -0.0475569   4.55687 -0.106549  -8.68562 
               122.7 -4.13517  55.1616 -177.699  19.2992 -8.35749  10.0926 0 0 0   -0.011 -0.02329  0.04412 -0.489937 0.0676781  -0.21463 -0.00282486 0.000994618 -0.00362293 -0.0883877  0.0292224 -0.0471652   4.55659 -0.106737  -8.68577 
               122.8 -4.39647  54.9263 -177.764  19.2477 -8.35214  10.0693 0 0 0   -0.011 -0.02329  0.04412  -0.492549 -0.0614908  -0.201017 -0.00280791 0.000949505 -0.00360523 -0.0884854  0.0292615 -0.0472272   4.55655 -0.106693  -8.68579 
               122.9 -2.57426  54.8546 -176.875  19.204 -8.3559 10.0504 0 0 0   -0.011 -0.02329  0.04412  -0.452634 -0.0961957  -0.273002 -0.00285044 0.000926607 -0.00362323 -0.0880172   0.029738 -0.0471927  4.55683 -0.10655 -8.68565 
                 123 -3.70772  54.4711 -177.582 19.1477 -8.3685 10.0191 0 0 0   -0.011 -0.02329  0.04412  -0.56499 0.0405199 -0.257416 -0.00278615 0.000955739 -0.00358099 -0.0885251  0.0293613 -0.0474676    4.5565 -0.106613  -8.68582 
               123.1 -4.60595   54.871 -177.981  19.0884 -8.37594  9.98791 0 0 0   -0.011 -0.02329  0.04412 -0.542693 -0.130795 -0.299161 -0.00279563 0.000908189 -0.00360614 -0.0885571  0.0287828 -0.0475211  4.55637 -0.10689 -8.68588 
               123.2 -3.50456  55.5611 -177.555  19.0395 -8.37729  9.96768 0 0 0   -0.011 -0.02329  0.04412 -0.460628  0.047118 -0.183657 -0.00284937 0.000905148 -0.00361221 -0.0884482  0.0295128 -0.0477437   4.5565 -0.10653 -8.68582 
               123.3 -4.49642  54.8881 -177.922  18.9903 -8.37896  9.93839 0 0 0   -0.011 -0.02329  0.04412    -0.527557 -0.000348047    -0.255668 -0.00278976 0.000983067 -0.00358655 -0.0888564  0.0290748 -0.0472829   4.55636 -0.106706  -8.68589 
               123.4 -3.72129   54.843 -177.706 18.9354 -8.3736  9.9075 0 0 0   -0.011 -0.02329  0.04412 -0.512063 0.0324681 -0.331688 -0.00284815 0.000919478 -0.00363354  -0.088934  0.0293864 -0.0473587   4.55637 -0.106531  -8.68589 
               123.5 -5.32286  55.1959  179.561   18.892 -8.36585  9.88422 0 0 0   -0.011 -0.02329  0.04412 -0.188015  0.104614  -0.10368 -0.00290374 0.000967666 -0.00356381 -0.0891524   0.028763 -0.0475218   4.55614 -0.106781  -8.68601 
               123.6 -8.42828  55.3633  172.971  18.8858 -8.34592  9.88995 0 0 0   -0.011 -0.02329  0.04412  -0.18465   0.39555 -0.045284 -0.00287937 0.000935343 -0.00341655 -0.0886395  0.0296666 -0.0477103   4.55647 -0.106423  -8.68584 
               123.7 -12.6792  53.6531  166.624   18.867 -8.29384   9.8766 0 0 0   -0.011 -0.02329  0.04412  -0.167848   0.459906 -0.0490473 -0.00287212  0.00104411 -0.00342334 -0.0882963  0.0293264  -0.047151   4.55664 -0.106713  -8.68574 
               123.8 -15.1109  53.7139   157.11  18.8496 -8.24837  9.87112 0 0 0   -0.011 -0.02329  0.04412 -0.0685708   0.355092 -0.0194267 -0.00300856 0.000920811 -0.00332028 -0.0887307  0.0300862 -0.0476213   4.55656 -0.106201  -8.68579 
               123.9 -19.2814  51.8322  149.222  18.8414 -8.23634   9.8689 0 0 0   -0.011 -0.02329  0.04412  0.0297792 -0.0313462     0.0154 -0.00287932  0.00100819 -0.00331549 -0.0889597  0.0298377 -0.0479103   4.55635 -0.106223   -8.6859 
                 124 -20.4409  52.1695  146.987  18.8542 -8.25301  9.87482 0 0 0   -0.011 -0.02329  0.04412 -0.0477749   0.144047   0.043052  -0.0027865 0.000924042 -0.00348865  -0.087762  0.0290387 -0.0471174   4.55668 -0.107045  -8.68572 
               124.1 -20.7559  51.1365  148.067   18.829 -8.23625  9.87007 0 0 0   -0.011 -0.02329  0.04412 -0.363025   0.11914 -0.135767 -0.00269808  0.00106352 -0.00358527 -0.0878756  0.0290213 -0.0473588   4.55659 -0.106975  -8.68576 
               124.2 -19.8723  51.0332  147.919 18.7697 -8.2067 9.84512 0 0 0   -0.011 -0.02329  0.04412 -0.561895  0.250218 -0.315375  -0.0027731  0.00100089 -0.00356806 -0.0883692  0.0292207 -0.0479933    4.5564 -0.106614  -8.68587 
               124.3 -20.2571  52.1642  146.937   18.731 -8.19803  9.82051 0 0 0   -0.011 -0.02329  0.04412 -0.021068  0.152176 0.0307693 -0.00277306 0.000899002 -0.00352763  -0.088547  0.0288344 -0.0476586   4.55627 -0.106762  -8.68594 
               124.4 -22.4706  52.4627  145.111   18.735 -8.19917  9.82243 0 0 0   -0.011 -0.02329  0.04412  0.0718372 -0.0339855  0.0397539 -0.00267359 0.000966485 -0.00350611  -0.089074  0.0288872 -0.0478798   4.5561 -0.10651 -8.68603 
               124.5 -22.2352  51.4752  145.989 18.7555 -8.2075  9.8352 0 0 0   -0.011 -0.02329  0.04412 -0.0187556  -0.112121  0.0126567 -0.00266537 0.000989148 -0.00351907 -0.0875939   0.028584  -0.046963   4.55655 -0.107337  -8.68578 
               124.6 -19.7132  50.9792  147.303  18.7295 -8.19775  9.82495 0 0 0   -0.011 -0.02329  0.04412 -0.363694  0.189785 -0.109766  -0.0028352  0.00103731 -0.00357676 -0.0883828  0.0283344 -0.0472074    4.5562 -0.107093  -8.68597 
               124.7 -20.0137  50.3322   146.99  18.6724 -8.17637  9.79111 0 0 0   -0.011 -0.02329  0.04412 -0.637962  0.294924 -0.359004 -0.00282403  0.00104389 -0.00358666 -0.0889114  0.0280359 -0.0471772   4.55595 -0.107014   -8.6861 
               124.8 -21.038 50.8894 146.268  18.6115 -8.14856  9.75776 0 0 0   -0.011 -0.02329  0.04412 -0.558923  0.167718 -0.330179 -0.00271846 0.000953392 -0.00353638 -0.0895223  0.0281897 -0.0474291    4.5558 -0.106687  -8.68618 
               124.9 -20.8318  51.3275  146.226  18.5618 -8.13497  9.73334 0 0 0   -0.011 -0.02329  0.04412 -0.516134  0.170991 -0.264944  -0.0027589 0.000963256 -0.00356942 -0.0892689  0.0280716  -0.047494   4.55582 -0.106811  -8.68617 
                 125 -21.4911   51.129  145.833   18.512 -8.11837  9.71138 0 0 0   -0.011 -0.02329  0.04412 -0.551587  0.253409 -0.318017 -0.00275111 0.000965949 -0.00355443 -0.0885979  0.0278761 -0.0473529   4.55595 -0.107152   -8.6861 
               125.1 -21.1925  51.4358   145.88  18.4559 -8.09988  9.68891 0 0 0   -0.011 -0.02329  0.04412 -0.524578  0.211571 -0.233999 -0.00275908 0.000933544 -0.00357655 -0.0886617  0.0281707 -0.0479556   4.55595 -0.106912   -8.6861 
               125.2 -22.5294  51.0864  145.204  18.4186 -8.07726  9.67344 0 0 0   -0.011 -0.02329  0.04412 -0.492107  0.200434 -0.203113  -0.0026917 0.000931762 -0.00354382 -0.0876769  0.0283969 -0.0472283   4.55642 -0.107319  -8.68585 
               125.3 -20.442 51.1789 146.272 18.3646 -8.0528 9.64365 0 0 0   -0.011 -0.02329  0.04412 -0.556213  0.188864 -0.270014 -0.00282534 0.000947306 -0.00361364  -0.088151  0.0285731 -0.0472761   4.55634 -0.107075  -8.68589 
               125.4 -21.3547  51.5754  145.527  18.3166 -8.02867  9.61976 0 0 0   -0.011 -0.02329  0.04412 -0.474705  0.289042 -0.214951 -0.00275476 0.000938505 -0.00356831 -0.0883034  0.0286772  -0.047043   4.55637 -0.107025  -8.68588 
               125.5 -20.8315  51.3764  145.851  18.2649 -8.00664  9.59445 0 0 0   -0.011 -0.02329  0.04412 -0.544329  0.197483 -0.305033 -0.00280728 0.000964934 -0.00358618 -0.0881521  0.0287579 -0.0470208   4.55645 -0.107054  -8.68584 
               125.6 -21.5661  51.7365  145.178  18.2155 -7.98514  9.55997 0 0 0   -0.011 -0.02329  0.04412 -0.516283  0.244934 -0.303991 -0.00277948 0.000983048 -0.00357226 -0.0882362  0.0285462 -0.0464246   4.55644 -0.107209  -8.68584 
               125.7 -21.3007  52.1894  145.315  18.1663 -7.96175  9.53101 0 0 0   -0.011 -0.02329  0.04412 -0.460235  0.225618 -0.234546 -0.00279352 0.000948153 -0.00361524 -0.0883627  0.0289367 -0.0466169   4.55652 -0.106989   -8.6858 
               125.8 -22.607 52.0937 144.376  18.1227 -7.94231  9.51457 0 0 0   -0.011 -0.02329  0.04412 -0.506598    0.1897 -0.291573 -0.00273593 0.000954387 -0.00353768 -0.0876742  0.0286583 -0.0466596    4.5566 -0.107324  -8.68576 
               125.9 -21.118 51.9845 145.245  18.0681 -7.91566  9.48162 0 0 0   -0.011 -0.02329  0.04412 -0.512355  0.215643 -0.260329 -0.00279072  0.00102163 -0.00360075 -0.0883173  0.0291114 -0.0469083  4.55655 -0.10689 -8.68579 
                 126 -22.865 52.2256 144.048  18.0188 -7.89782  9.45716 0 0 0   -0.011 -0.02329  0.04412 -0.466144    0.2484 -0.204585 -0.00270498 0.000977899  -0.0035389 -0.0883246  0.0286786 -0.0467766   4.55641 -0.107065  -8.68586 
               126.1 -22.6624  52.0181  144.203 17.9698 -7.8765 9.43211 0 0 0   -0.011 -0.02329  0.04412 -0.504189  0.177957 -0.288835 -0.00274741 0.000992509  -0.0035438 -0.0881473  0.0285641  -0.046794   4.55642 -0.107165  -8.68585 
               126.2 -22.4248  52.0711  144.251  17.9244 -7.86374  9.40737 0 0 0   -0.011 -0.02329  0.04412 -0.466872   0.21119 -0.220926 -0.00276046  0.00097987 -0.00355474 -0.0876056  0.0280919 -0.0463742   4.55646 -0.107598  -8.68583 
               126.3 -22.446 52.2647 144.247 17.8775 -7.8384 9.38632 0 0 0   -0.011 -0.02329  0.04412  -0.47516  0.260016 -0.253393 -0.00279219 0.000962179 -0.00359353 -0.0875204  0.0282649 -0.0464772   4.55653 -0.107548  -8.68579 
               126.4 -21.7867  52.3672  144.607  17.8273 -7.82051  9.36429 0 0 0   -0.011 -0.02329  0.04412 -0.462085   0.11624 -0.215699 -0.00278976 0.000998581 -0.00359681 -0.0874027   0.028464 -0.0469374   4.55655 -0.107436  -8.68578 
               126.5 -23.0131  52.1259  143.796  17.7854 -7.80605  9.34434 0 0 0   -0.011 -0.02329  0.04412 -0.459672  0.175765 -0.235007 -0.00271421 0.000945342 -0.00352894 -0.0870524  0.0284913   -0.04672   4.55669 -0.107588  -8.68571 
               126.6 -23.1328  51.7959  143.781   17.741 -7.77879  9.32064 0 0 0   -0.011 -0.02329  0.04412 -0.437925  0.256032 -0.187563 -0.00270028 0.000970923 -0.00356537 -0.0872535  0.0286759 -0.0465191   4.55673 -0.107491  -8.68568 
               126.7 -22.2285   51.866  144.234  17.6923 -7.75575  9.29708 0 0 0   -0.011 -0.02329  0.04412 -0.487377  0.171257 -0.282404 -0.00275823 0.000964718 -0.00359154 -0.0875056  0.0285721 -0.0467144    4.5566 -0.107404  -8.68575 
               126.8 -21.9875  51.6844  144.368  17.6441 -7.72751  9.27076 0 0 0   -0.011 -0.02329  0.04412 -0.490764  0.260583 -0.270697 -0.00271249 0.000965922 -0.00358433  -0.087739  0.0292883 -0.0469855   4.55674 -0.107027  -8.68568 
               126.9 -22.9019  51.6866  143.705   17.591 -7.71209  9.23826 0 0 0   -0.011 -0.02329  0.04412 -0.519178  0.240688 -0.309052 -0.00270218 0.000946298 -0.00355591 -0.0879283  0.0284593 -0.0469047   4.55642 -0.107261  -8.68585 
                 127 -23.3406  51.7627  143.364  17.5403 -7.68683  9.21571 0 0 0   -0.011 -0.02329  0.04412 -0.483796  0.259258 -0.211163 -0.00271835 0.000958205 -0.00357793 -0.0879363  0.0283136 -0.0470128   4.55635 -0.107289  -8.68589 
               127.1 -22.7202  51.8828    143.6 17.4923 -7.6697 9.19102 0 0 0   -0.011 -0.02329  0.04412 -0.537274  0.165326 -0.327672 -0.00271803 0.000947089 -0.00356057 -0.0876707  0.0282629 -0.0470108    4.5564 -0.107399  -8.68586 
               127.2 -23.4128  51.7187  143.134  17.4391 -7.65026  9.16198 0 0 0   -0.011 -0.02329  0.04412 -0.480428  0.247644 -0.199525 -0.00268448  0.00099441 -0.00353761 -0.0878743  0.0277936 -0.0468271  4.55622 -0.10752 -8.68595 
               127.3 -23.0296  51.9099  143.377  17.3956 -7.62399  9.13895 0 0 0   -0.011 -0.02329  0.04412 -0.495645  0.203703 -0.299127 -0.00272909 0.000998546 -0.00358813 -0.0878805  0.0284578 -0.0466817   4.55647 -0.107319  -8.68582 
               127.4 -23.1095  51.6652  143.283 17.3355 -7.6015 9.11246 0 0 0   -0.011 -0.02329  0.04412 -0.546404  0.219114 -0.286852 -0.00273647   0.0010077 -0.00359465 -0.0881937  0.0284852 -0.0474058   4.55629 -0.107075  -8.68592 
               127.5 -24.1541  51.8175  142.638  17.2915 -7.57044  9.08964 0 0 0   -0.011 -0.02329  0.04412 -0.477877  0.294626 -0.216616 -0.00268707   0.0010032  -0.0035845 -0.0882298  0.0287561 -0.0470682   4.55642 -0.107031  -8.68585 
               127.6 -22.3908  51.9578   143.69  17.2487 -7.55434  9.06807 0 0 0   -0.011 -0.02329  0.04412 -0.509712  0.151357 -0.272089 -0.00276153 0.000963024 -0.00362291 -0.0873834  0.0288484 -0.0466783   4.55673 -0.107357  -8.68569 
               127.7 -23.9313   51.926  142.416   17.206 -7.53955  9.04793 0 0 0   -0.011 -0.02329  0.04412 -0.422868   0.25052 -0.198956 -0.00271099  0.00093761 -0.00355139 -0.0868263  0.0285277 -0.0464058    4.5568 -0.107701  -8.68565 
               127.8 -23.4792  51.8273  142.858  17.1686 -7.52125  9.03366 0 0 0   -0.011 -0.02329  0.04412 -0.388693  0.147821 -0.184325 -0.00272288 0.000935435 -0.00358852 -0.0862376  0.0287676 -0.0463048   4.55704 -0.107839  -8.68552 
               127.9 -23.2943  51.3182  143.012   17.123 -7.49831  9.01469 0 0 0   -0.011 -0.02329  0.04412 -0.420096  0.324501 -0.152401 -0.00273861 0.000980281 -0.00358931 -0.0866569  0.0285446 -0.0463738   4.55685 -0.107759  -8.68562 
                 128 -22.5516  51.2797  143.472 17.0735 -7.4765 8.98915 0 0 0   -0.011 -0.02329  0.04412 -0.488475 0.0783917 -0.292865 -0.00274379 0.000948767 -0.00360258 -0.0869449  0.0286257 -0.0466748   4.55676 -0.107583  -8.68567 
               128.1 -23.434 50.7896 142.972  17.0186 -7.44799    8.956 0 0 0   -0.011 -0.02329  0.04412 -0.474077   0.24157 -0.233078 -0.00265379  0.00103108 -0.00354485 -0.0881121  0.0287156 -0.0469905   4.55646 -0.107105  -8.68583 
               128.2 -23.2488   51.032  142.972  16.9713 -7.42391   8.9318 0 0 0   -0.011 -0.02329  0.04412 -0.448208   0.21318 -0.218513 -0.00272021 0.000968043 -0.00360558 -0.0883098  0.0288147 -0.0469439   4.55645 -0.107014  -8.68584 
               128.3 -23.1077  50.5614  143.077  16.9264 -7.41484  8.90383 0 0 0   -0.011 -0.02329  0.04412 -0.478185  0.168448 -0.274341 -0.00276373  0.00101317 -0.00360093 -0.0877024  0.0281257 -0.0463216   4.55646 -0.107549  -8.68583 
               128.4 -23.8036  50.5418  142.535  16.8769 -7.39092    8.879 0 0 0   -0.011 -0.02329  0.04412 -0.473613   0.26951 -0.282935 -0.00275205 0.000960306 -0.00358311 -0.0875761  0.0281205 -0.0465001   4.55646 -0.107563  -8.68582 
               128.5 -23.177 50.9292 142.877  16.8263 -7.37013  8.85404 0 0 0   -0.011 -0.02329  0.04412 -0.510904  0.193303 -0.277058  -0.0027469 0.000935753 -0.00363483 -0.0875172  0.0285999 -0.0469185   4.55658 -0.107358  -8.68577 
               128.6 -25.012 50.7514 141.823  16.7806 -7.34647  8.83019 0 0 0   -0.011 -0.02329  0.04412 -0.474395  0.200703  -0.22406 -0.00268933 0.000958348 -0.00358268 -0.0873773  0.0285588 -0.0467808   4.55662 -0.107441  -8.68575 
               128.7 -24.1996  50.8239  142.164  16.7339 -7.32255  8.80916 0 0 0   -0.011 -0.02329  0.04412 -0.484041  0.226231 -0.220583 -0.00274465  0.00098624 -0.00359566  -0.087143   0.028736 -0.0468446   4.55672 -0.107452  -8.68569 
               128.8 -24.2287  51.2547  142.039   16.685 -7.29705  8.78299 0 0 0   -0.011 -0.02329  0.04412 -0.473744  0.258817 -0.226598 -0.00275094 0.000931763 -0.00363455  -0.087406  0.0289195 -0.0467399   4.55673 -0.107322  -8.68569 
               128.9 -24.5717  51.2294   141.83   16.635 -7.27415  8.75815 0 0 0   -0.011 -0.02329  0.04412 -0.461341  0.206947  -0.22183 -0.00274978 0.000992906 -0.00359115  -0.087675  0.0285991 -0.0467906   4.55656 -0.107326  -8.68578 
                 129 -24.1091  51.2679  142.163  16.591 -7.2516 8.73163 0 0 0   -0.011 -0.02329  0.04412 -0.504841  0.333351 -0.295512 -0.00275452 0.000980119 -0.00363212 -0.0876085  0.0286441 -0.0465534   4.55662 -0.107373  -8.68574 
               129.1 -24.3216  51.3668  141.917   16.532 -7.22507  8.71056 0 0 0   -0.011 -0.02329  0.04412 -0.507683  0.241805 -0.241591 -0.00276727 0.000943187 -0.00361497 -0.0874958  0.0279891 -0.0471111   4.55635 -0.107528  -8.68588 
               129.2 -23.2341  51.9474  142.326  16.4894 -7.19984  8.68623 0 0 0   -0.011 -0.02329  0.04412 -0.471274  0.194768 -0.247849 -0.00278886 0.000914309 -0.00366329 -0.0873262  0.0286036 -0.0469074   4.55662 -0.107422  -8.68574 
               129.3 -23.8128  51.7074  141.819  16.4405 -7.18484   8.6568 0 0 0   -0.011 -0.02329  0.04412 -0.476407  0.160535   -0.2293 -0.00277475 0.000961733 -0.00360548 -0.0874183  0.0282483 -0.0466995   4.55652 -0.107538   -8.6858 
               129.4 -24.8289  51.6719  141.113  16.3994 -7.16949  8.63663 0 0 0   -0.011 -0.02329  0.04412 -0.433168  0.209851  -0.21793 -0.00271307 0.000937512 -0.00356582 -0.0871113  0.0283973 -0.0465017   4.55667 -0.107624  -8.68572 
               129.5 -24.9323  50.9696  141.289 16.3467 -7.1494 8.61267 0 0 0   -0.011 -0.02329  0.04412 -0.483109  0.173522 -0.213366 -0.00276279  0.00100698 -0.00360138 -0.0873365  0.0282714 -0.0469221   4.55651 -0.107521   -8.6858 
               129.6  -25.49 50.9734 140.926  16.2991 -7.12708  8.58728 0 0 0   -0.011 -0.02329  0.04412 -0.460701   0.25472 -0.186335 -0.00276467 0.000974866 -0.00361948 -0.0875401  0.0280568  -0.046826   4.55641 -0.107537  -8.68585 
               129.7 -25.079 50.8154 141.281   16.259 -7.09744  8.57141 0 0 0   -0.011 -0.02329  0.04412 -0.473395  0.222624 -0.291788 -0.00271628 0.000950638 -0.00362706 -0.0872272   0.028718 -0.0467731    4.5567 -0.107442   -8.6857 
               129.8 -24.4245  50.7023  141.468  16.2051 -7.07278  8.53735 0 0 0   -0.011 -0.02329  0.04412 -0.470596  0.229773 -0.200441 -0.00279255 0.000969373  -0.0036249 -0.0875401  0.0284777 -0.0467312   4.55656 -0.107422  -8.68578 
               129.9 -25.0212  51.1766  140.844  16.1566 -7.05011  8.51941 0 0 0   -0.011 -0.02329  0.04412  -0.43528  0.299332 -0.206898 -0.00277708 0.000982016 -0.00360489 -0.0876198  0.0283348 -0.0471966   4.55643 -0.107366  -8.68585 
                 130 -24.5222  50.6058  141.514  16.1142 -7.02526  8.49348 0 0 0   -0.011 -0.02329  0.04412 -0.492299  0.207907 -0.295224 -0.00274293  0.00103064 -0.00360772 -0.0874948  0.0283533 -0.0466759   4.55654 -0.107483  -8.68579 
               130.1 -24.4732  50.8742  141.157  16.0638 -7.01438     8.47 0 0 0   -0.011 -0.02329  0.04412 -0.465953  0.182826 -0.214106 -0.00280349 0.000944134 -0.00360023 -0.0867294  0.0277034  -0.046815   4.55648 -0.107909  -8.68581 
               130.2 -25.214 51.0537 140.703 16.0179 -6.9969 8.45233 0 0 0   -0.011 -0.02329  0.04412 -0.467618  0.250474 -0.194231 -0.00271727 0.000887652 -0.00357937 -0.0863316  0.0276928 -0.0470285   4.55654 -0.108007  -8.68578 
               130.3 -25.2687  50.9272  140.532  15.9675 -6.96965  8.42385 0 0 0   -0.011 -0.02329  0.04412 -0.466625  0.153178 -0.186067 -0.00276636 0.000979792  -0.0036042 -0.0871616  0.0280539  -0.047016   4.55647 -0.107631  -8.68582 
               130.4 -25.8475  50.9231  140.017  15.9253 -6.94901  8.40936 0 0 0   -0.011 -0.02329  0.04412 -0.457687  0.240764 -0.162323  -0.0027628 0.000908254 -0.00357304 -0.0864063  0.0283595 -0.0469002   4.55675 -0.107801  -8.68567 
               130.5 -25.833 51.1554 139.985   15.868 -6.91836  8.38054 0 0 0   -0.011 -0.02329  0.04412 -0.508187  0.303423 -0.224845   -0.002776 0.000941607 -0.00361538 -0.0874777  0.0281754 -0.0472616    4.5564 -0.107454  -8.68586 
               130.6 -25.699 51.2718 140.033  15.8264 -6.89392  8.35693 0 0 0   -0.011 -0.02329  0.04412 -0.439113  0.147119  -0.22753 -0.00276923 0.000961458 -0.00357872 -0.0874697  0.0282161 -0.0465879  4.55651 -0.10755  -8.6858 
               130.7 -24.8708  51.0982  140.583  15.7796 -6.86242  8.33341 0 0 0   -0.011 -0.02329  0.04412 -0.472957  0.347046 -0.204981 -0.00277417 0.000979661 -0.00360313  -0.088127  0.0283206 -0.0467886   4.55637 -0.107276  -8.68588 
               130.8 -23.9861  50.7891  141.064  15.7284 -6.84463  8.31218 0 0 0   -0.011 -0.02329  0.04412 -0.477173  0.132438 -0.215276 -0.00282831  0.00101793 -0.00362467 -0.0879372  0.0278013 -0.0469571   4.55623 -0.107465  -8.68595 
               130.9 -24.3272  50.4594  140.842  15.6868 -6.82153  8.29162 0 0 0   -0.011 -0.02329  0.04412 -0.465233  0.325932 -0.281898 -0.00274304 0.000971888 -0.00358307 -0.0873864  0.0279909 -0.0467794   4.55643 -0.107612  -8.68584 
                 131 -24.2483  50.5299  140.719  15.6351 -6.80057  8.26075 0 0 0   -0.011 -0.02329  0.04412 -0.539902  0.143704 -0.308359 -0.00276977 0.000948232 -0.00359618 -0.0872282  0.0279841 -0.0468437   4.55646 -0.107654  -8.68583 
               131.1 -25.6732  50.8393   139.71  15.5914 -6.78092  8.24648 0 0 0   -0.011 -0.02329  0.04412 -0.430505   0.20933 -0.165682 -0.00276961 0.000885451 -0.00358435 -0.0863383  0.0278032 -0.0468533   4.55659 -0.107988  -8.68575 
               131.2 -24.1199  51.1674  140.551   15.546 -6.76334  8.21844 0 0 0   -0.011 -0.02329  0.04412 -0.439449  0.257481  -0.20197 -0.00281313 0.000906035 -0.00360648 -0.0868818  0.0279717 -0.0465623   4.55657 -0.107813  -8.68577 
               131.3 -26.0806  50.5124   139.53 15.5043 -6.7373 8.18585 0 0 0   -0.011 -0.02329  0.04412 -0.547795  0.240565 -0.375763 -0.00273795  0.00100011 -0.00353476  -0.087246  0.0280654 -0.0458273   4.55662 -0.107786  -8.68574 
               131.4 -25.5938  50.9238  139.704  15.4484 -6.69733  8.15156 0 0 0   -0.011 -0.02329  0.04412 -0.513738  0.316364  -0.30842 -0.00280398 0.000937421 -0.00358456 -0.0878102  0.0282279 -0.0463243   4.55648 -0.107484  -8.68582 
               131.5 -24.394 51.9533 139.815  15.3986 -6.67606  8.13128 0 0 0   -0.011 -0.02329  0.04412 -0.450821  0.261315 -0.193866 -0.00289639 0.000865839 -0.00362882 -0.0872786  0.0283905 -0.0466578    4.5566 -0.107551  -8.68576 
               131.6 -26.2136  51.8753  138.783  15.3563 -6.65004  8.10843 0 0 0   -0.011 -0.02329  0.04412 -0.436369  0.258117 -0.233982 -0.00277084 0.000960641 -0.00357322 -0.0875469  0.0280786 -0.0463168   4.55649 -0.107611  -8.68581 
               131.7 -24.4435  51.6596  139.857   15.305 -6.62172  8.08377 0 0 0   -0.011 -0.02329  0.04412 -0.542664  0.231757  -0.31624 -0.00287872 0.000978788 -0.00363265  -0.087579  0.0283547 -0.0467476   4.55651 -0.107453   -8.6858 
               131.8 -25.5242  52.1636  138.832  15.2525 -6.59701  8.06097 0 0 0   -0.011 -0.02329  0.04412 -0.466843  0.278248  -0.24955 -0.00280122 0.000897925 -0.00355876  -0.087405  0.0281362 -0.0471429   4.55642 -0.107507  -8.68585 
               131.9 -25.0244  52.0272  139.249  15.2109 -6.57966  8.03392 0 0 0   -0.011 -0.02329  0.04412 -0.442187  0.137811 -0.235508 -0.00281315 0.000926508 -0.00359253 -0.0873213   0.028369 -0.0467066   4.55657 -0.107537  -8.68577 
                 132 -26.4776  51.5315  138.582  15.1663 -6.55544  8.01516 0 0 0   -0.011 -0.02329  0.04412 -0.464272  0.210788 -0.246699 -0.00275032 0.000959717 -0.00356584 -0.0875976  0.0282391 -0.0469283   4.55644 -0.107453  -8.68584 
               132.1 -24.9084  51.2943   139.32  15.1173 -6.53697  7.98666 0 0 0   -0.011 -0.02329  0.04412 -0.532555  0.376783 -0.321601 -0.00287667 0.000925042 -0.00362501 -0.0870625  0.0280143 -0.0466971   4.55652 -0.107718  -8.68579 
               132.2 -26.4213  51.6936  138.249  15.0655 -6.50612  7.95455 0 0 0   -0.011 -0.02329  0.04412 -0.478351  0.228326 -0.277496 -0.00282037 0.000912967 -0.00358538 -0.0874479  0.0280389 -0.0465768   4.55646 -0.107612  -8.68582 
               132.3 -26.3613  51.8438  138.148   15.023 -6.47235  7.92442 0 0 0   -0.011 -0.02329  0.04412 -0.410048  0.299899   -0.1808 -0.00280621  0.00100256 -0.00357254 -0.0879945  0.0280513 -0.0461377   4.55642 -0.107512  -8.68585 
               132.4 -24.8833  52.1294  139.056 14.9839 -6.4511 7.91688 0 0 0   -0.011 -0.02329  0.04412 -0.438637  0.294308 -0.203294  -0.0028516 0.000920755 -0.00363132 -0.0870887  0.0277704 -0.0463487   4.55649 -0.107833  -8.68581 
               132.5 -24.0964   51.859  139.365  14.9373 -6.42752  7.89642 0 0 0   -0.011 -0.02329  0.04412 -0.499082  0.255519 -0.252152 -0.00281139 0.000929245 -0.00358432 -0.0867472  0.0278918 -0.0464718   4.55657 -0.107883  -8.68576 
               132.6 -24.8242  51.9912  138.698  14.8888 -6.40139  7.87009 0 0 0   -0.011 -0.02329  0.04412 -0.459885   0.11067 -0.240271 -0.00277534 0.000924526  -0.0035658 -0.0868608  0.0282219 -0.0465806  4.55664 -0.10774 -8.68573 
               132.7 -24.9799  52.0034  138.537  14.8387 -6.37745  7.84827 0 0 0   -0.011 -0.02329  0.04412 -0.440637  0.340733 -0.199587 -0.00279801 0.000944774 -0.00360352  -0.087067  0.0279892 -0.0469079   4.55648 -0.107689  -8.68581 
               132.8 -25.1851  52.0801  138.355  14.7984 -6.35227  7.82533 0 0 0   -0.011 -0.02329  0.04412 -0.464307  0.125789 -0.231969  -0.0028295 0.000921849 -0.00362826 -0.0868924  0.0283959 -0.0465109   4.55669 -0.107694   -8.6857 
               132.9 -25.5981  51.8847  138.161  14.7442 -6.33563  7.79595 0 0 0   -0.011 -0.02329  0.04412 -0.471871  0.254537 -0.225992 -0.00279259  0.00093595 -0.00359692 -0.0871662  0.0275532 -0.0465452   4.55638 -0.107838  -8.68587 
                 133 -26.1813  52.1574  137.633  14.6984 -6.31309  7.77851 0 0 0   -0.011 -0.02329  0.04412 -0.390701  0.203518 -0.154465 -0.00279532 0.000899143 -0.00360304 -0.0871773  0.0274093 -0.0468042    4.5563 -0.107831  -8.68591 
               133.1 -25.1803  51.5288   138.63  14.6517 -6.28954  7.75015 0 0 0   -0.011 -0.02329  0.04412  -0.42749  0.318175 -0.226145 -0.00281782 0.000963694 -0.00361513 -0.0877403  0.0269838 -0.0466106   4.55608 -0.107811  -8.68602 
               133.2 -24.8389  51.3939  138.657  14.6076 -6.26333   7.7245 0 0 0   -0.011 -0.02329  0.04412 -0.488136  0.195531 -0.266225 -0.00283323 0.000924573 -0.00359433 -0.0877048   0.027252 -0.0463816    4.5562 -0.107786  -8.68596 
               133.3 -24.852  51.124 138.771  14.5638 -6.23083   7.6997 0 0 0   -0.011 -0.02329  0.04412 -0.395712  0.240435 -0.167816 -0.00279688 0.000993928  -0.0035836  -0.088293  0.0274219 -0.0461842   4.55616 -0.107598  -8.68598 
               133.4 -22.9663  51.0193  139.939  14.5159 -6.20971  7.67205 0 0 0   -0.011 -0.02329  0.04412 -0.505291  0.296482 -0.356965  -0.0028748 0.000967623 -0.00363519 -0.0881357  0.0272776  -0.046366   4.55613 -0.107654    -8.686 
               133.5 -24.4375  51.1691  138.829  14.4673 -6.18981   7.6412 0 0 0   -0.011 -0.02329  0.04412  -0.53552   0.17121 -0.364972 -0.00279955 0.000902966  -0.0035721 -0.0875647  0.0274163 -0.0462212    4.5563 -0.107808  -8.68591 
               133.6 -25.7588  51.4048  137.976  14.4196 -6.15781  7.62084 0 0 0   -0.011 -0.02329  0.04412 -0.397693   0.25726 -0.168935 -0.00276807  0.00093146 -0.00355664 -0.0876086   0.027803 -0.0467117   4.55634 -0.107614  -8.68589 
               133.7 -24.5914  51.5564  138.545  14.3766 -6.14116  7.60035 0 0 0   -0.011 -0.02329  0.04412 -0.473145  0.195766 -0.232781 -0.00282649 0.000907721 -0.00360039 -0.0872604  0.0276573  -0.046692   4.55637 -0.107757  -8.68587 
               133.8 -25.8566   51.271  137.668  14.3337 -6.11754  7.57916 0 0 0   -0.011 -0.02329  0.04412 -0.449576  0.328378 -0.215177 -0.00277857 0.000891619 -0.00356128 -0.0870664   0.027883 -0.0464964    4.5565 -0.107785   -8.6858 
               133.9 -25.9201  51.2466    137.9 14.2792  -6.086 7.56063 0 0 0   -0.011 -0.02329  0.04412 -0.493593  0.200122 -0.209114 -0.00276226 0.000904814 -0.00361938  -0.087372  0.0275708 -0.0471438   4.55627 -0.107677  -8.68593 
                 134 -24.3768  51.4705  138.547  14.2304 -6.05561  7.52865 0 0 0   -0.011 -0.02329  0.04412 -0.486779   0.39487 -0.247076 -0.00285947 0.000938201  -0.0036374 -0.0878134  0.0278301 -0.0469376   4.55628 -0.107512  -8.68592 
               134.1 -25.5296   51.661  137.833  14.1822 -6.02358  7.50448 0 0 0   -0.011 -0.02329  0.04412 -0.493066  0.194184 -0.293728  -0.0027625 0.000915001 -0.00355996 -0.0878117  0.0279426 -0.0469593  4.55632 -0.10748  -8.6859 
               134.2 -24.8311  51.9485  137.964  14.1415 -5.99934  7.48125 0 0 0   -0.011 -0.02329  0.04412 -0.412337  0.409955 -0.194727 -0.00281632 0.000912694 -0.00357253 -0.0875089  0.0275763 -0.0460986   4.55638 -0.107797  -8.68587 
               134.3 -24.2895  52.0137  138.158 14.0958 -5.9763 7.44761 0 0 0   -0.011 -0.02329  0.04412 -0.499677   0.13142 -0.400187 -0.00279526 0.000928813 -0.00360202 -0.0874955  0.0274182 -0.0459808   4.55635 -0.107861  -8.68588 
               134.4 -24.9366  51.8552  137.783  14.0436 -5.95255  7.42313 0 0 0   -0.011 -0.02329  0.04412 -0.437998  0.289129 -0.276905 -0.00279304 0.000925137 -0.00360889 -0.0874968  0.0273735 -0.0465402   4.55626 -0.107783  -8.68593 
               134.5 -25.0447   51.804  137.894  13.9941 -5.92206  7.39388 0 0 0   -0.011 -0.02329  0.04412 -0.519355  0.231495 -0.307355 -0.00278345 0.000952525 -0.00361412 -0.0875757  0.0274607 -0.0467254   4.55625 -0.107709  -8.68593 
               134.6 -25.057 52.4275 137.394 13.9514 -5.9022 7.36946 0 0 0   -0.011 -0.02329  0.04412 -0.420093  0.287666 -0.187246 -0.00281292 0.000895509 -0.00361533 -0.0872435  0.0275687 -0.0463521   4.55639 -0.107835  -8.68586 
               134.7 -25.8714  51.8757  137.132  13.9065 -5.87884  7.34763 0 0 0   -0.011 -0.02329  0.04412 -0.482905  0.208365 -0.282336 -0.00280556  0.00100174  -0.0035831 -0.0871308  0.0274826 -0.0464333   4.55638 -0.107876  -8.68587 
               134.8 -25.7635  52.0238  136.984  13.8661 -5.85469  7.32845 0 0 0   -0.011 -0.02329  0.04412  -0.43934  0.302563 -0.217698 -0.00281917 0.000883807 -0.00358713 -0.0865757  0.0274833 -0.0460812   4.55653 -0.108089  -8.68579 
               134.9 -25.1174  52.1252  137.209  13.8138 -5.82634  7.29903 0 0 0   -0.011 -0.02329  0.04412 -0.453682  0.283632 -0.217396 -0.00283777 0.000953057 -0.00360485 -0.0873608  0.0274272 -0.0465065   4.55631 -0.107814   -8.6859 
                 135 -25.8521  51.8623  137.041  13.7736 -5.80492   7.2821 0 0 0   -0.011 -0.02329  0.04412 -0.441627  0.165506 -0.221947  -0.0027956 0.000921589 -0.00359374 -0.0867531  0.0275685 -0.0465403   4.55646 -0.107944  -8.68582 
               135.1 -25.8691  51.6946  136.939  13.7393 -5.77318  7.26764 0 0 0   -0.011 -0.02329  0.04412 -0.409517  0.265898  -0.21666 -0.00280989  0.00088728 -0.00359402 -0.0867164   0.028232 -0.0461804    4.5567 -0.107844   -8.6857 
               135.2 -24.3567  51.5214  137.917  13.6882 -5.75243  7.23983 0 0 0   -0.011 -0.02329  0.04412 -0.454592  0.244625 -0.275719  -0.0028723 0.000926843 -0.00365265 -0.0869616  0.0278899 -0.0465585   4.55651 -0.107802   -8.6858 
               135.3 -25.8606  51.0844  137.127  13.6389 -5.72721  7.21241 0 0 0   -0.011 -0.02329  0.04412 -0.404224  0.267988 -0.191922  -0.0028114 0.000927955 -0.00357058 -0.0872557  0.0272241 -0.0465204   4.55627 -0.107892  -8.68592 
               135.4 -24.8612  51.1464  137.596   13.593 -5.70793  7.18702 0 0 0   -0.011 -0.02329  0.04412 -0.468577  0.153121 -0.252797 -0.00287297 0.000924039 -0.00365779 -0.0874177  0.0272095 -0.0467287   4.55621 -0.107818  -8.68595 
               135.5 -25.6358  50.3226  137.314  13.5527 -5.67924  7.16205 0 0 0   -0.011 -0.02329  0.04412  -0.46976  0.303283 -0.231973 -0.00284776  0.00096528 -0.00362404 -0.0873117  0.0272761 -0.0463112    4.5563 -0.107895  -8.68591 
               135.6 -24.4551  50.8353  137.693  13.5041 -5.65669  7.14508 0 0 0   -0.011 -0.02329  0.04412 -0.466916  0.247925  -0.24289 -0.00288518 0.000897085 -0.00364821  -0.086843  0.0275797 -0.0467514   4.55642 -0.107884  -8.68584 
               135.7 -26.0555  50.5354  136.855  13.4658 -5.63866  7.12774 0 0 0   -0.011 -0.02329  0.04412 -0.412811   0.30121 -0.162357  -0.0028099 0.000907942 -0.00356627 -0.0861159  0.0276158 -0.0462736  4.55662 -0.10815 -8.68574 
               135.8 -26.0753  50.6019  136.982  13.4139 -5.60674  7.10875 0 0 0   -0.011 -0.02329  0.04412 -0.490447  0.190202 -0.220378  -0.0028495 0.000917249   -0.003638 -0.0866575  0.0273367 -0.0469637   4.55636 -0.107964  -8.68587 
               135.9 -24.4729  50.6358  137.742  13.3698 -5.58885  7.08026 0 0 0   -0.011 -0.02329  0.04412  -0.41913   0.28135 -0.169552 -0.00290866 0.000908348 -0.00364966 -0.0867422  0.0270646 -0.0463895   4.55634 -0.108092  -8.68589 
                 136 -25.3958  50.3295  137.414 13.3212 -5.5587 7.05191 0 0 0   -0.011 -0.02329  0.04412 -0.492262  0.220952  -0.29607 -0.00285513 0.000970835 -0.00365108 -0.0873585  0.0270171 -0.0463208   4.55622 -0.107942  -8.68595 
               136.1 -24.9048  50.3742  137.396  13.2716 -5.52916  7.02423 0 0 0   -0.011 -0.02329  0.04412 -0.501325  0.295633 -0.269889 -0.00290718 0.000929452 -0.00363819 -0.0874357  0.0275142 -0.0465032   4.55632 -0.107774   -8.6859 
               136.2 -26.062 50.4901 136.778  13.2242 -5.49831  7.00199 0 0 0   -0.011 -0.02329  0.04412 -0.477359  0.285085 -0.211492 -0.00283253 0.000931325 -0.00361982 -0.0874363  0.0272839  -0.046563  4.55625 -0.10782 -8.68593 
               136.3 -24.6909  50.6633  137.466  13.1783 -5.47727  6.97703 0 0 0   -0.011 -0.02329  0.04412 -0.471521  0.254166 -0.272962 -0.00290236 0.000941834 -0.00364897 -0.0872602  0.0271975 -0.0464575   4.55627 -0.107905  -8.68592 
               136.4 -25.8937  50.3521  136.836  13.1308 -5.44906   6.9498 0 0 0   -0.011 -0.02329  0.04412 -0.492917  0.272979  -0.26103 -0.00281803  0.00095935 -0.00362266 -0.0873398  0.0272063 -0.0463858   4.55627 -0.107891  -8.68592 
               136.5 -25.8657  50.4975  136.736  13.0925 -5.42017  6.93312 0 0 0   -0.011 -0.02329  0.04412 -0.452095  0.235093 -0.241431 -0.00284118 0.000920338 -0.00361371 -0.0868808  0.0275076 -0.0461862   4.55646 -0.107975  -8.68582 
               136.6 -24.4909  50.4207  137.323  13.0451 -5.39685  6.91115 0 0 0   -0.011 -0.02329  0.04412  -0.46907  0.342839 -0.269185 -0.00292562 0.000922982 -0.00364701 -0.0863694  0.0280353 -0.0465276   4.55665 -0.107941  -8.68572 
               136.7 -27.2764   50.529  135.732  13.0005 -5.36683  6.88405 0 0 0   -0.011 -0.02329  0.04412 -0.397762  0.151511 -0.134723 -0.00275198 0.000914407 -0.00356821 -0.0866129  0.0277329 -0.0461054   4.55657 -0.108006  -8.68576 
               136.8 -25.8278  50.7513  136.362   12.957 -5.35212  6.86455 0 0 0   -0.011 -0.02329  0.04412 -0.433294  0.291134  -0.24511 -0.00289838  0.00087681 -0.00365303 -0.0863797  0.0272489 -0.0461917   4.55647 -0.108172  -8.68581 
               136.9 -26.529 50.3539 136.076  12.8994 -5.32239  6.84161 0 0 0   -0.011 -0.02329  0.04412 -0.530349  0.327357 -0.308167 -0.00282771 0.000873406 -0.00362148 -0.0862706  0.0271916 -0.0470778   4.55638 -0.108088  -8.68586 
                 137 -27.3509  51.1568   135.28   12.847 -5.29731  6.80655 0 0 0   -0.011 -0.02329  0.04412 -0.519041  0.224269 -0.314995 -0.00277531 0.000867305 -0.00360541 -0.0873178  0.0269338 -0.0468448   4.55615 -0.107895  -8.68598 
               137.1 -27.4752  50.5087   135.43  12.8125 -5.27192  6.77981 0 0 0   -0.011 -0.02329  0.04412 -0.401632  0.269996 -0.227522 -0.00278829 0.000970449 -0.00358312 -0.0873206  0.0270191  -0.046025   4.55627 -0.107991  -8.68592 
               137.2 -26.4974  50.5884   135.97  12.7663 -5.24352   6.7497 0 0 0   -0.011 -0.02329  0.04412 -0.492309   0.22244 -0.336072 -0.00287326 0.000961965 -0.00365577 -0.0876376  0.0272472 -0.0462134   4.55625 -0.107826  -8.68593 
               137.3 -27.0245   50.577  135.649  12.7194 -5.21666  6.71906 0 0 0   -0.011 -0.02329  0.04412 -0.415713  0.356344 -0.232768 -0.00282292  0.00100923 -0.00363207 -0.0878816  0.0269701 -0.0461598   4.55614 -0.107831  -8.68599 
               137.4 -26.8388  50.7988   135.65   12.673 -5.18459  6.70516 0 0 0   -0.011 -0.02329  0.04412 -0.467834  0.273035 -0.284647 -0.00286699 0.000955092 -0.00363368 -0.0872738  0.0272636 -0.0468553   4.55625 -0.107831  -8.68594 
               137.5 -26.5211  51.1329  135.638  12.6231 -5.15672  6.68174 0 0 0   -0.011 -0.02329  0.04412 -0.457712  0.302547 -0.204548 -0.00281832  0.00094491 -0.00363328 -0.0874527   0.027573 -0.0473571   4.55624 -0.107642  -8.68594 
               137.6 -27.498 50.7343 135.252  12.5866 -5.12098  6.66671 0 0 0   -0.011 -0.02329  0.04412 -0.434922  0.322456 -0.201933 -0.00276089 0.000991132 -0.00357827 -0.0875443  0.0278256 -0.0470283   4.55633 -0.107606  -8.68589 
               137.7 -25.5061  50.8176  136.277  12.5401 -5.09368  6.64452 0 0 0   -0.011 -0.02329  0.04412 -0.553532  0.200887  -0.40708 -0.00284461 0.000962221 -0.00364344 -0.0871023  0.0280469 -0.0474042   4.55642 -0.107621  -8.68585 
               137.8 -26.7027  50.9396  135.248 12.4895 -5.0732 6.61533 0 0 0   -0.011 -0.02329  0.04412 -0.427383  0.397817 -0.232275 -0.00280012 0.000923029 -0.00360101  -0.087011  0.0274209 -0.0473121  4.55628  -0.1078 -8.68592 
               137.9 -27.0717  50.8775  135.333  12.4446 -5.05201  6.59647 0 0 0   -0.011 -0.02329  0.04412 -0.440768 0.0867836 -0.243367 -0.00280427 0.000910825 -0.00362998 -0.0864895  0.0270735 -0.0473186   4.55627 -0.108016  -8.68592 
                 138 -26.8578  50.8644  135.034  12.3931 -5.03108  6.56692 0 0 0   -0.011 -0.02329  0.04412 -0.457769  0.317124 -0.206726 -0.00282703  0.00098858 -0.00358564 -0.0871965  0.0267627 -0.0474458  4.55606 -0.10788 -8.68603 
               138.1 -27.8098  50.5994  134.611  12.3489 -4.99942  6.53949 0 0 0   -0.011 -0.02329  0.04412 -0.495498  0.284657 -0.266597 -0.00281758 0.000952714 -0.00361813 -0.0871203  0.0269885 -0.0470419   4.55618 -0.107907  -8.68597 
               138.2 -27.8459  50.9764  134.331  12.2969 -4.96983  6.51389 0 0 0   -0.011 -0.02329  0.04412  -0.46771  0.310558 -0.183161 -0.00282168 0.000930484 -0.00363972 -0.0872254  0.0268978 -0.0474248   4.55609 -0.107846  -8.68602 
               138.3 -27.7752  51.1567  134.498   12.254 -4.93685  6.48872 0 0 0   -0.011 -0.02329  0.04412  -0.40088  0.170172 -0.162461 -0.00280445 0.000961922  -0.0036374 -0.0874912  0.0268579 -0.0470054   4.55609 -0.107842  -8.68602 
               138.4 -26.1993  50.9847  135.169  12.2192 -4.91193  6.46803 0 0 0   -0.011 -0.02329  0.04412 -0.406634   0.31117  -0.20584 -0.00285193  0.00103231 -0.00360475 -0.0874599  0.0273351 -0.0465137   4.55627 -0.107814  -8.68592 
               138.5 -26.6385  50.3776  135.212  12.1698 -4.88054   6.4501 0 0 0   -0.011 -0.02329  0.04412 -0.432786  0.361372 -0.217271 -0.00280911  0.00100635 -0.00363274 -0.0875359  0.0269373 -0.0469417   4.55611 -0.107822  -8.68601 
               138.6 -25.624 50.6085 135.564  12.1292 -4.86482  6.42352 0 0 0   -0.011 -0.02329  0.04412  -0.487035 9.5657e-05  -0.340482 -0.00285377 0.000980472 -0.00364417 -0.0871223  0.0271374 -0.0465482   4.55627 -0.107941  -8.68592 
               138.7 -27.0361   49.769  134.972  12.0909 -4.83549  6.39984 0 0 0   -0.011 -0.02329  0.04412 -0.373627  0.405846 -0.175887 -0.00276067  0.00106828 -0.00358194 -0.0872706  0.0273827 -0.0463134   4.55634 -0.107882  -8.68589 
               138.8 -25.855 50.0422 135.486  12.0444 -4.81412  6.38103 0 0 0   -0.011 -0.02329  0.04412 -0.457144  0.198102 -0.276698 -0.00290131 0.000946862 -0.00366796 -0.0867939  0.0268767 -0.0467065   4.55624 -0.108061  -8.68594 
               138.9 -26.5749  49.6951  134.874 11.9984 -4.7902 6.35868 0 0 0   -0.011 -0.02329  0.04412 -0.451935   0.26947 -0.257946  -0.0028226 0.000989211 -0.00358945 -0.0868245  0.0271611 -0.0468972   4.55629 -0.107965  -8.68591 
                 139 -27.216 49.6133 134.668  11.9534 -4.75397  6.33573 0 0 0   -0.011 -0.02329  0.04412 -0.415484  0.285047 -0.197427 -0.00281436 0.000958886 -0.00363062 -0.0869204  0.0271672 -0.0470251   4.55626 -0.107922  -8.68593 
               139.1 -25.5139  50.1286  135.414  11.9042 -4.72965  6.30915 0 0 0   -0.011 -0.02329  0.04412  -0.47855  0.273531 -0.226291 -0.00286739 0.000979372 -0.00367696 -0.0873897  0.0271968 -0.0472466   4.55617 -0.107763  -8.68598 
               139.2 -27.0455  49.6539  134.794  11.8661 -4.70154  6.29523 0 0 0   -0.011 -0.02329  0.04412 -0.496793  0.298256 -0.222674 -0.00281928 0.000960928 -0.00360976 -0.0867966  0.0272655 -0.0470699    4.5563 -0.107927  -8.68591 
               139.3 -25.612 49.7555 135.518  11.8086 -4.66057  6.26668 0 0 0   -0.011 -0.02329  0.04412 -0.515744   0.41674 -0.275948 -0.00287854 0.000984746 -0.00365045 -0.0873878  0.0273083 -0.0475044   4.55618 -0.107706  -8.68597 
               139.4 -25.7604  50.3308  135.209  11.7573 -4.61866  6.24095 0 0 0   -0.011 -0.02329  0.04412 -0.515858  0.326744 -0.310438 -0.00285223 0.000956409 -0.00362444 -0.0874628  0.0274673 -0.0475882    4.5562 -0.107642  -8.68596 
               139.5 -24.9448   51.202  135.172   11.713 -4.60002  6.21766 0 0 0   -0.011 -0.02329  0.04412 -0.437775  0.238262 -0.190126 -0.00285223 0.000926272 -0.00363472 -0.0871175  0.0277646 -0.0473193   4.55635 -0.107705  -8.68588 
               139.6 -27.3523  50.4326  134.045   11.676 -4.57576  6.19925 0 0 0   -0.011 -0.02329  0.04412 -0.463426  0.341376 -0.258058 -0.00277907  0.00096266 -0.00358096  -0.086475  0.0273449 -0.0467191   4.5564 -0.10804 -8.68585 
               139.7 -26.1323  50.6625  134.552    11.63 -4.54327  6.17645 0 0 0   -0.011 -0.02329  0.04412  -0.44899   0.21643 -0.201597 -0.00286854 0.000928895 -0.00363358 -0.0862187   0.027587  -0.046827  4.55649 -0.10804  -8.6858 
               139.8 -26.3604   51.095  134.238  11.5867 -4.52388  6.15241 0 0 0   -0.011 -0.02329  0.04412 -0.445522  0.259764 -0.241511 -0.00282392 0.000912671 -0.00360971 -0.0860655  0.0274022 -0.0466635  4.55649 -0.10814 -8.68581 
               139.9 -27.0903  50.7645  133.907   11.547 -4.50014  6.12397 0 0 0   -0.011 -0.02329  0.04412 -0.403365  0.281702 -0.215522 -0.00281427 0.000924559 -0.00357242 -0.0862825  0.0270698 -0.0460608   4.55643 -0.108238  -8.68583 
                 140 -26.6526  50.7211  134.066  11.5011 -4.47448  6.09984 0 0 0   -0.011 -0.02329  0.04412 -0.463686  0.324181 -0.265393 -0.00286723 0.000949057 -0.00363579 -0.0861543  0.0268557   -0.04615   4.55639 -0.108302  -8.68586 
               140.1 -27.0088  50.9906  133.578  11.4581 -4.44243  6.07844 0 0 0   -0.011 -0.02329  0.04412 -0.420113  0.218094 -0.200251  -0.0028382 0.000894492 -0.00358419 -0.0861519  0.0272861 -0.0462784   4.55648 -0.108197  -8.68581 
               140.2 -26.9256  51.0524  133.608  11.4094 -4.41005  6.06018 0 0 0   -0.011 -0.02329  0.04412 -0.423815   0.29649 -0.189099 -0.00282158 0.000891039 -0.00359654  -0.086578  0.0275169 -0.0470757    4.5564 -0.107931  -8.68586 
               140.3 -26.4538   50.468  134.125   11.362 -4.37989  6.03249 0 0 0   -0.011 -0.02329  0.04412 -0.506056  0.218184 -0.268856 -0.00284713 0.000974729 -0.00361756 -0.0870458  0.0269572  -0.047052   4.55619 -0.107931  -8.68596 
               140.4 -25.1903  50.5359  134.484  11.3178 -4.35838  6.01246 0 0 0   -0.011 -0.02329  0.04412 -0.432338   0.38638 -0.245468 -0.00287981  0.00093024 -0.00361257 -0.0866078  0.0274384 -0.0470159   4.55638 -0.107948  -8.68586 
               140.5 -27.3744  50.0917  133.533  11.2699 -4.32693  5.97932 0 0 0   -0.011 -0.02329  0.04412 -0.501527  0.225998  -0.30677 -0.00274889  0.00096852 -0.00358671 -0.0868678  0.0271801 -0.0466462   4.55631 -0.107987   -8.6859 
               140.6 -26.7378  50.7687   133.46  11.2242 -4.30714  5.95604 0 0 0   -0.011 -0.02329  0.04412 -0.413507  0.262204  -0.24125 -0.00290544  0.00085105 -0.00363962 -0.0865527  0.0266925 -0.0465785   4.55624 -0.108172  -8.68593 
               140.7 -26.8978  50.1987  133.652  11.1831 -4.27663  5.91785 0 0 0   -0.011 -0.02329  0.04412 -0.463952  0.311404 -0.274356 -0.00281174  0.00102434 -0.00358149 -0.0873252  0.0269346 -0.0459846   4.55625 -0.108015  -8.68593 
               140.8 -27.3368   50.341  133.278  11.1352 -4.24003  5.90628 0 0 0   -0.011 -0.02329  0.04412 -0.468719  0.326103 -0.233201 -0.00284676 0.000937367 -0.00360838  -0.086696  0.0272525 -0.0468786   4.55633 -0.107985  -8.68589 
               140.9 -26.266 50.7929 133.652  11.0965 -4.21087  5.88712 0 0 0   -0.011 -0.02329  0.04412 -0.416767  0.322767 -0.197598 -0.00288823 0.000903923 -0.00363171 -0.0862565  0.0275953 -0.0466079   4.55651 -0.108064   -8.6858 
                 141 -26.4102  50.5971  133.647  11.0526 -4.18317  5.87202 0 0 0   -0.011 -0.02329  0.04412 -0.463731  0.293972 -0.204945  -0.0028658 0.000956249 -0.00362525 -0.0859467  0.0274492 -0.0469002   4.55649 -0.108129  -8.68581 
               141.1 -26.285 50.6777 133.554  11.0134 -4.14584  5.85112 0 0 0   -0.011 -0.02329  0.04412 -0.479307  0.323516 -0.310857 -0.00282994 0.000914498 -0.00360576 -0.0858801  0.0280464 -0.0466577   4.55667 -0.108062  -8.68571 
               141.2 -25.4743  50.9384  133.882  10.9625 -4.11884  5.82399 0 0 0   -0.011 -0.02329  0.04412 -0.465242  0.250085 -0.233655 -0.00290268 0.000913572 -0.00364059 -0.0860312  0.0278338 -0.0468769   4.55657 -0.108036  -8.68576 
               141.3 -26.8105  50.9176  132.958  10.9217 -4.09225  5.79702 0 0 0   -0.011 -0.02329  0.04412 -0.430557  0.327916 -0.252132 -0.00279909 0.000925146 -0.00356909 -0.0861578  0.0276155 -0.0464824   4.55654 -0.108102  -8.68578 
               141.4 -26.6158  50.7765  133.008   10.872 -4.06786  5.76702 0 0 0   -0.011 -0.02329  0.04412 -0.489863  0.220553 -0.289599 -0.00284857 0.000965646 -0.00362186 -0.0863836  0.0272379 -0.0464984   4.55641 -0.108118  -8.68585 
               141.5 -27.5269  50.6979  132.334  10.8232 -4.04356  5.73852 0 0 0   -0.011 -0.02329  0.04412 -0.460982  0.292262 -0.285609 -0.00281709 0.000945182  -0.0035912 -0.0863964   0.026928 -0.0465077   4.55633 -0.108172  -8.68589 
               141.6 -27.9414  50.8402  131.953  10.7765 -4.00795  5.71205 0 0 0   -0.011 -0.02329  0.04412 -0.438594  0.380738 -0.238345 -0.00283857 0.000945418 -0.00359965 -0.0867577  0.0273161 -0.0468175   4.55635 -0.107968  -8.68588 
               141.7 -27.7552  50.9234    132.3  10.7337 -3.97412  5.69479 0 0 0   -0.011 -0.02329  0.04412 -0.442145  0.357195 -0.251857 -0.00281959 0.000924651 -0.00361955 -0.0864322  0.0276073 -0.0469486   4.55645 -0.107973  -8.68583 
               141.8 -27.4813  50.9578  132.282  10.6904 -3.94337  5.67135 0 0 0   -0.011 -0.02329  0.04412 -0.489108  0.276102 -0.295916  -0.0028414 0.000949842 -0.00360603 -0.0860763  0.0275349 -0.0468883   4.55649 -0.108081  -8.68581 
               141.9 -27.0424  51.3613  132.315  10.6451 -3.91518  5.65034 0 0 0   -0.011 -0.02329  0.04412 -0.400271  0.350159 -0.137246 -0.00287375 0.000896515 -0.00363516 -0.0860066   0.027475 -0.0469346   4.55648 -0.108103  -8.68581 
                 142 -27.2996   51.275  132.202  10.6005 -3.88319  5.62292 0 0 0   -0.011 -0.02329  0.04412 -0.474615  0.242544 -0.261482 -0.00284449 0.000952115 -0.00360732 -0.0866511  0.0271271 -0.0467838   4.55632 -0.108034  -8.68589 
               142.1 -26.1552  51.0739  132.737  10.5584 -3.85962  5.59877 0 0 0   -0.011 -0.02329  0.04412 -0.449966  0.284941 -0.257585 -0.00288235  0.00095406 -0.00363585  -0.086476  0.0273511 -0.0465617   4.55642 -0.108065  -8.68584 
               142.2 -27.3073  50.7501  132.076  10.5132 -3.83172   5.5726 0 0 0   -0.011 -0.02329  0.04412 -0.449675  0.229687 -0.279128  -0.0028457 0.000956738 -0.00362238  -0.086457  0.0274482 -0.0466276   4.55644 -0.108042  -8.68583 
               142.3 -27.8289  50.9016  131.699  10.4632 -3.80544  5.55331 0 0 0   -0.011 -0.02329  0.04412 -0.421807  0.258314 -0.204719 -0.00282751 0.000893829 -0.00361674  -0.086165  0.0276272 -0.0472639   4.55646 -0.107989  -8.68582 
               142.4 -28.4274  50.6655  131.448  10.4292 -3.78032  5.52931 0 0 0   -0.011 -0.02329  0.04412  -0.39654  0.294785 -0.187513 -0.00283437 0.000930404 -0.00361434 -0.0861376  0.0278058 -0.0464983  4.55658 -0.10807 -8.68576 
               142.5 -28.2481  50.2489  131.743  10.3867 -3.75099  5.50227 0 0 0   -0.011 -0.02329  0.04412 -0.404932  0.316456 -0.233028 -0.00283427 0.000969494 -0.00364473 -0.0865261  0.0275077 -0.0462952   4.55648 -0.108061  -8.68581 
               142.6 -27.7201  50.1315  132.011 10.3349 -3.7203 5.47872 0 0 0   -0.011 -0.02329  0.04412  -0.42638  0.369217 -0.227891 -0.00285194 0.000916813 -0.00364803 -0.0864822  0.0272327  -0.046883   4.55636 -0.108041  -8.68587 
               142.7 -27.9477  50.4206  131.748  10.2925 -3.68582  5.45793 0 0 0   -0.011 -0.02329  0.04412 -0.467362  0.190441 -0.222184  -0.0028307 0.000920481 -0.00364302 -0.0864759  0.0274286 -0.0469492    4.5564 -0.107998  -8.68585 
               142.8 -26.4311  50.3517  132.656  10.2579 -3.65962  5.44584 0 0 0   -0.011 -0.02329  0.04412 -0.372969   0.34801 -0.154351 -0.00291082 0.000939206 -0.00365461 -0.0860351  0.0278358 -0.0467902   4.55657 -0.108051  -8.68576 
               142.9 -26.5885  50.1029  132.636  10.2202 -3.63151  5.42447 0 0 0   -0.011 -0.02329  0.04412 -0.417685  0.221636 -0.255205 -0.00289892 0.000897384 -0.00362129 -0.0860029  0.0279376 -0.0464348   4.55663 -0.108087  -8.68573 
                 143 -26.532 49.8692 132.505 10.1672 -3.5996 5.40086 0 0 0   -0.011 -0.02329  0.04412 -0.430986  0.350986 -0.205915 -0.00288075 0.000899135 -0.00360422 -0.0862693  0.0276876 -0.0471352   4.55648 -0.107976  -8.68581 
               143.1 -26.5412  50.1883  132.343  10.125 -3.5722 5.37296 0 0 0   -0.011 -0.02329  0.04412 -0.477723  0.190098 -0.278912  -0.0029349 0.000909398 -0.00365929 -0.0863796  0.0276486 -0.0467781   4.55649 -0.108005  -8.68581 
               143.2 -26.8025  50.0755  131.967  10.0784 -3.55029  5.35146 0 0 0   -0.011 -0.02329  0.04412 -0.445165  0.304923 -0.261049 -0.00288463 0.000916104 -0.00361007 -0.0863202  0.0277042 -0.0470951   4.55648 -0.107967  -8.68581 
               143.3 -27.7897  49.6976  131.546  10.0317 -3.52123  5.32369 0 0 0   -0.011 -0.02329  0.04412 -0.441227  0.330908 -0.230479 -0.00288274 0.000895686 -0.00361968  -0.086289  0.0276271 -0.0469103   4.55648 -0.108012  -8.68581 
               143.4 -28.357 49.9451 131.022  9.98554 -3.47825  5.30012 0 0 0   -0.011 -0.02329  0.04412 -0.407956  0.410022 -0.180506 -0.00286442 0.000887092  -0.0036056 -0.0866182   0.027784 -0.0470873   4.55646 -0.107884  -8.68582 
               143.5 -27.1141  50.4501  131.584  9.94544 -3.44445  5.27991 0 0 0   -0.011 -0.02329  0.04412 -0.433359  0.193596 -0.224208 -0.00291289 0.000885672  -0.0036481 -0.0866858  0.0282049 -0.0470749   4.55655 -0.107798  -8.68577 
               143.6 -26.8864  49.8399  131.888 9.90083 -3.4162 5.25491 0 0 0   -0.011 -0.02329  0.04412  -0.45355  0.340182 -0.252861   -0.002868 0.000984569 -0.00363502 -0.0870093  0.0279945 -0.0471961   4.55645 -0.107742  -8.68583 
               143.7 -26.8941  49.7367  131.867  9.85665 -3.38445  5.23226 0 0 0   -0.011 -0.02329  0.04412 -0.462504  0.309656 -0.258051 -0.00291615 0.000916044 -0.00366238 -0.0866947  0.0277758  -0.047081   4.55645 -0.107868  -8.68583 
               143.8 -26.264 50.1982 131.815  9.81405 -3.36408  5.21086 0 0 0   -0.011 -0.02329  0.04412 -0.382859  0.314634 -0.177137 -0.00293643 0.000868105 -0.00366057 -0.0862418   0.027768 -0.0468048   4.55653 -0.108011  -8.68579 
               143.9 -28.0247  49.9332  130.936  9.77406 -3.33018  5.19302 0 0 0   -0.011 -0.02329  0.04412 -0.414112  0.359241  -0.23484 -0.00286499 0.000871164 -0.00361098 -0.0862194  0.0276558  -0.046838    4.5565 -0.108031   -8.6858 
                 144 -26.6752  50.0108  131.593  9.72949 -3.29983  5.16495 0 0 0   -0.011 -0.02329  0.04412 -0.436614  0.247602 -0.229679 -0.00293154 0.000884183 -0.00364731 -0.0864146  0.0275796 -0.0467816   4.55646 -0.108006  -8.68582 
               144.1 -26.8033  49.7749  131.511  9.68413 -3.27091  5.13647 0 0 0   -0.011 -0.02329  0.04412 -0.446681  0.256777 -0.270591 -0.00288586 0.000940313 -0.00362912  -0.086768  0.0274185 -0.0468302   4.55638 -0.107945  -8.68586 
               144.2 -26.9147  49.8528  131.334   9.6424 -3.24442  5.11308 0 0 0   -0.011 -0.02329  0.04412 -0.434093  0.328092 -0.264746  -0.0028703 0.000895824 -0.00364759 -0.0865708  0.0276302 -0.0466881   4.55646 -0.107974  -8.68582 
               144.3 -27.5241   49.567  131.098  9.60134 -3.20555  5.09477 0 0 0   -0.011 -0.02329  0.04412 -0.404864  0.327591 -0.206835 -0.00286249 0.000911715 -0.00363672 -0.0864762  0.0281272 -0.0469314   4.55657 -0.107881  -8.68576 
               144.4 -27.0081  49.8684  131.252  9.55256 -3.17148  5.06799 0 0 0   -0.011 -0.02329  0.04412 -0.457755   0.36771 -0.262557 -0.00289497  0.00088232 -0.00366432 -0.0867152  0.0277985 -0.0471089   4.55645 -0.107857  -8.68583 
               144.5 -27.1736  50.0466  130.857  9.50865 -3.13913  5.04534 0 0 0   -0.011 -0.02329  0.04412 -0.420266  0.319858 -0.208227 -0.00288688 0.000903284 -0.00361915  -0.086733  0.0276325 -0.0469523   4.55642 -0.107901  -8.68584 
               144.6 -26.754 50.1265  131.03  9.47388 -3.10423  5.03028 0 0 0   -0.011 -0.02329  0.04412 -0.433024  0.330413  -0.23136 -0.00289173 0.000893967 -0.00363578  -0.086466  0.0281861 -0.0468892  4.55659 -0.10788 -8.68575 
               144.7 -26.0885  49.6212  131.396  9.42827 -3.07203  5.00576 0 0 0   -0.011 -0.02329  0.04412 -0.508144  0.362466 -0.302862 -0.00290295 0.000932715 -0.00361248 -0.0863035  0.0279749 -0.0470262   4.55655 -0.107933  -8.68578 
               144.8 -26.4121  50.2044  130.795   9.3803 -3.04701  4.98245 0 0 0   -0.011 -0.02329  0.04412 -0.374367  0.251133 -0.172047 -0.00290476 0.000861108   -0.003633 -0.0861273  0.0278314 -0.0470501   4.55653 -0.107993  -8.68578 
               144.9 -27.3498  49.9192   130.44  9.33424 -3.01768   4.9604 0 0 0   -0.011 -0.02329  0.04412 -0.433513  0.284226 -0.219575 -0.00290089  0.00094179 -0.00365689 -0.0864731  0.0272652 -0.0472718   4.55635 -0.107975  -8.68588 
                 145 -26.5116  49.8868   130.88   9.2909 -2.98886  4.93389 0 0 0   -0.011 -0.02329  0.04412 -0.482671  0.285942  -0.28605 -0.00290226 0.000905011 -0.00365008 -0.0865317    0.02738 -0.0471329   4.55638 -0.107962  -8.68587 
               145.1 -26.9475  49.6884  130.511  9.2539 -2.9595 4.91133 0 0 0   -0.011 -0.02329  0.04412 -0.400387  0.256873 -0.192562 -0.00290401 0.000941294 -0.00364778 -0.0862035  0.0276438  -0.046655   4.55651 -0.108059  -8.68579 
               145.2 -26.5626  49.7308  130.573 9.20619 -2.9278 4.89184 0 0 0   -0.011 -0.02329  0.04412 -0.352795   0.44652 -0.158271 -0.00289198 0.000912294 -0.00360949 -0.0864298  0.0279874 -0.0473318   4.55651 -0.107863  -8.68579 
               145.3 -28.0689  49.3244  129.906  9.16792 -2.88828  4.87542 0 0 0   -0.011 -0.02329  0.04412  -0.48418  0.220977 -0.286965 -0.00282408  0.00090635 -0.00360101 -0.0861572  0.0280198 -0.0474518   4.55654 -0.107903  -8.68578 
               145.4 -25.4863  49.8292   131.17  9.13214 -2.86231  4.85548 0 0 0   -0.011 -0.02329  0.04412 -0.371167  0.401337 -0.166077 -0.00299413 0.000844206 -0.00367858  -0.085692  0.0283554 -0.0468718   4.55672 -0.108033  -8.68569 
               145.5 -27.0374  49.5796   130.42   9.0806 -2.82884  4.83151 0 0 0   -0.011 -0.02329  0.04412 -0.401989  0.296706 -0.198929 -0.00283081 0.000921585 -0.00360874 -0.0863959  0.0277589 -0.0474066   4.55646 -0.107896  -8.68582 
               145.6 -26.8844  49.5223  130.362  9.03625 -2.79708   4.7963 0 0 0   -0.011 -0.02329  0.04412 -0.524029  0.248439  -0.35453 -0.00289626 0.000933795 -0.00363688 -0.0869568  0.0275966 -0.0470162   4.55639 -0.107847  -8.68586 
               145.7 -26.6579  49.5358  130.444  8.99406 -2.76717  4.76824 0 0 0   -0.011 -0.02329  0.04412 -0.381829  0.351875 -0.192544 -0.00291755 0.000937857 -0.00363415 -0.0870791  0.0274926 -0.0466655   4.55638 -0.107882  -8.68587 
               145.8 -27.2121  49.3646  130.003  8.95354 -2.73583  4.73858 0 0 0   -0.011 -0.02329  0.04412 -0.475628  0.268566 -0.303649 -0.00285317 0.000961216 -0.00358517 -0.0872584  0.0274782 -0.0463429   4.55638 -0.107887  -8.68587 
               145.9 -27.0229  49.4065   130.11  8.90895 -2.70832  4.72182 0 0 0   -0.011 -0.02329  0.04412 -0.396454   0.30514 -0.225451 -0.00288869 0.000943837 -0.00364174 -0.0867557   0.027368 -0.0468905   4.55637 -0.107944  -8.68587 
                 146 -26.7489   49.246   130.38  8.85979 -2.67443  4.70362 0 0 0   -0.011 -0.02329  0.04412 -0.422075  0.347799 -0.171662 -0.00288379 0.000965531 -0.00365119 -0.0868384  0.0274299 -0.0475064   4.55633 -0.107835  -8.68589 
               146.1 -27.2168  49.2439  129.913  8.81051 -2.63458  4.68808 0 0 0   -0.011 -0.02329  0.04412 -0.470086  0.407118 -0.272645  -0.0028468 0.000900703 -0.00361051 -0.0867512  0.0278856 -0.0483397   4.55638 -0.107679  -8.68586 
               146.2 -27.2442  49.4144  129.812  8.76801 -2.60386   4.6627 0 0 0   -0.011 -0.02329  0.04412  -0.47515  0.231831 -0.277162 -0.00287703 0.000925559 -0.00362499 -0.0865174  0.0276828 -0.0478134    4.5564 -0.107828  -8.68585 
               146.3 -26.5821   49.536   130.13  8.73628 -2.57296  4.64139 0 0 0   -0.011 -0.02329  0.04412 -0.396536  0.360194  -0.19184 -0.00290568 0.000915401 -0.00362908 -0.0861123  0.0281681 -0.0470922   4.5566 -0.10794 -8.68575 
               146.4 -26.7903  49.5342  129.742  8.69348 -2.54072  4.61448 0 0 0   -0.011 -0.02329  0.04412 -0.390331  0.381956 -0.230801 -0.00289458 0.000932235 -0.00361413 -0.0864961  0.0280487 -0.0470275   4.55654 -0.107881  -8.68578 
               146.5 -27.7951  49.1584  128.988  8.65069 -2.50877  4.59495 0 0 0   -0.011 -0.02329  0.04412  -0.27931  0.412868 -0.141981 -0.00284186 0.000935206 -0.00361132 -0.0862034  0.0274903 -0.0472509   4.55643 -0.107998  -8.68584 
               146.6 -29.285 48.7488 125.799  8.62788 -2.46515  4.58728 0 0 0   -0.011 -0.02329  0.04412  -0.117751    0.37469 -0.0867973 -0.00288551 0.000866315 -0.00349532 -0.0863118  0.0276888  -0.047612   4.55644 -0.107898  -8.68583 
               146.7 -31.5759  46.4161  118.393  8.63377 -2.42928  4.59021 0 0 0   -0.011 -0.02329  0.04412 0.0411874  0.233225 0.0501047   -0.003029 0.000873184  -0.0032754 -0.0860783  0.0282201 -0.0472476   4.55661 -0.107925  -8.68574 
               146.8  -32.12 43.9784 112.804  8.64348 -2.42527  4.58877 0 0 0   -0.011 -0.02329  0.04412   0.0348323  -0.0935377 -0.00846552 -0.00307173  0.00092864   -0.003353 -0.0859651  0.0282067 -0.0465437   4.55666 -0.108052  -8.68572 
               146.9 -32.1835  43.7341  112.614  8.63816 -2.43348  4.58471 0 0 0   -0.011 -0.02329  0.04412 -0.00247245  -0.0198532  -0.0212361 -0.00284066 0.000918333 -0.00359797 -0.0861611    0.02765 -0.0468327   4.55649 -0.108014  -8.68581 
                 147 -32.7587   43.762  112.949  8.64536 -2.42904  4.58349 0 0 0   -0.011 -0.02329  0.04412  0.071525  0.214773 0.0540819  -0.0027897 0.000956481 -0.00362388 -0.0859693  0.0275386 -0.0462943  4.55649 -0.10816 -8.68581 
               147.1 -32.905 42.7619 111.077  8.65149 -2.38968  4.59452 0 0 0   -0.011 -0.02329  0.04412 0.0632204  0.529458 0.0771194 -0.00288602 0.000913312 -0.00354412 -0.0860676  0.0284465 -0.0469608   4.55672 -0.107975  -8.68568 
               147.2 -34.6334  40.7147   106.12  8.66566 -2.34081  4.60211 0 0 0   -0.011 -0.02329  0.04412  0.115972  0.448461 0.0369576 -0.00285592 0.000928902 -0.00339868 -0.0862163  0.0279768 -0.0468883   4.55659 -0.107963  -8.68576 
               147.3 -33.6022  37.5895   100.07  8.68074 -2.28789  4.61808 0 0 0   -0.011 -0.02329  0.04412  0.20684  0.42192 0.167851 -0.00305486 0.000846423 -0.00334316 -0.0858596  0.0277754 -0.0474102   4.55652 -0.107973  -8.68579 
               147.4 -33.6303  35.1978  93.8233  8.68515 -2.26804  4.60962 0 0 0   -0.011 -0.02329  0.04412  0.0892469 0.00479948  0.0663925 -0.00285049 0.000973153 -0.00325222 -0.0865902  0.0272942 -0.0466202   4.55639 -0.107902  -8.68586 
               147.5 -35.0191  34.7015  91.9675  8.66706 -2.26546  4.62617 0 0 0   -0.011 -0.02329  0.04412 -0.125076  0.298675  0.081507 -0.00257452 0.000730399 -0.00351459 -0.0859709   0.027126 -0.0477073  4.55632 -0.10787  -8.6859 
               147.6 -35.2076  33.4805  92.9697  8.65592 -2.22936  4.63568 0 0 0   -0.011 -0.02329  0.04412  -0.282546   0.405647 0.00293029 -0.00248294 0.000924444 -0.00361496 -0.0857763  0.0271448 -0.0475322   4.55631 -0.107963   -8.6859 
               147.7 -33.3832  33.4522  93.6411  8.63946 -2.18275  4.61321 0 0 0   -0.011 -0.02329  0.04412 -0.331062  0.328187 -0.148508  -0.0025053 0.000968362 -0.00354983 -0.0857726  0.0275262 -0.0461499   4.55637 -0.108273  -8.68587 
               147.8 -34.829 34.3575  92.032  8.62581 -2.16153  4.60026 0 0 0   -0.011 -0.02329  0.04412  0.111835 0.0252517  0.116623 -0.00247522 0.000822807 -0.00352208 -0.0859651  0.0270038 -0.0455836   4.55619 -0.108255  -8.68596 
               147.9 -35.0876  33.6954  91.5181  8.64205 -2.17456  4.59662 0 0 0   -0.011 -0.02329  0.04412 0.0993328 -0.112907 0.0254896 -0.00243758 0.000961639  -0.0034881 -0.0863274  0.0282265 -0.0447955   4.55657 -0.108468  -8.68576 
                 148 -35.9599  33.3206  91.8201  8.65056 -2.17754  4.59816 0 0 0   -0.011 -0.02329  0.04412  -0.0264602 -0.00748642  -0.0466807 -0.00245797 0.000979469 -0.00359748 -0.0865176  0.0282993  -0.044896   4.55662 -0.108403  -8.68573 
               148.1 -34.6851   33.178  92.5844  8.64546 -2.14864  4.59863 0 0 0   -0.011 -0.02329  0.04412 -0.0754862      0.534 -0.0114489  -0.0025158  0.00100239 -0.00365079 -0.0866219  0.0281071 -0.0451941   4.55659 -0.108288  -8.68575 
               148.2 -34.5459  31.9939  92.1204  8.62874 -2.07747  4.58552 0 0 0   -0.011 -0.02329  0.04412 -0.150103  0.595151 -0.061062 -0.00250814  0.00104499 -0.00356036 -0.0874875  0.0277882 -0.0454684   4.55662 -0.107931  -8.68574 
               148.3 -34.1139  32.9788  92.4169  8.60479 -2.01477  4.57061 0 0 0   -0.011 -0.02329  0.04412 -0.202095  0.407351 -0.137809 -0.00251444 0.000972265 -0.00364459 -0.0879122  0.0275105 -0.0460002   4.55661 -0.107666  -8.68575 
               148.4 -34.8131  32.4807  91.9895  8.58978 -1.96636  4.57385 0 0 0   -0.011 -0.02329  0.04412  -0.111425   0.505071 -0.0271312 -0.00241291  0.00099721 -0.00356335 -0.0875687  0.0278351 -0.0466783   4.55671 -0.107696   -8.6857 
               148.5 -34.3217  32.3391  92.2798  8.56746 -1.90717  4.56748 0 0 0   -0.011 -0.02329  0.04412  -0.168031   0.635048 -0.0533984 -0.00250379  0.00100518 -0.00360793 -0.0876433  0.0272898 -0.0469849   4.55656 -0.107539  -8.68577 
               148.6 -34.1698   32.544  92.1637  8.55011 -1.85102  4.56442 0 0 0   -0.011 -0.02329  0.04412 -0.195026  0.568499 -0.105143  -0.0024712  0.00098642 -0.00358889 -0.0873228  0.0276548 -0.0470843   4.55664 -0.107671  -8.68573 
               148.7 -34.2656  32.4851   91.966  8.52895 -1.80273  4.55954 0 0 0   -0.011 -0.02329  0.04412  -0.246449   0.516436 -0.0870956 -0.00248385 0.000945878 -0.00360102 -0.0870629  0.0276998 -0.0471375   4.55663 -0.107746  -8.68574 
               148.8 -34.3996  31.9876  92.1679  8.51049 -1.74911  4.54388 0 0 0   -0.011 -0.02329  0.04412  -0.157526   0.581421 -0.0218557 -0.00247249  0.00102439 -0.00358986 -0.0868602  0.0275216 -0.0466078   4.55652 -0.107873  -8.68579 
               148.9 -34.9532  32.4782  91.4348  8.49958 -1.68695  4.53332 0 0 0   -0.011 -0.02329  0.04412  -0.23134  0.556485 -0.166711 -0.00249997 0.000947858  -0.0035853 -0.0872947  0.0277897 -0.0462624   4.55663 -0.107843  -8.68573 
                 149 -34.0286  32.7962  91.7244  8.47401 -1.63423  4.52175 0 0 0   -0.011 -0.02329  0.04412  -0.129063   0.573612 -0.0166924  -0.0025371 0.000959677 -0.00363806 -0.0871112  0.0272888 -0.0463612   4.55647 -0.107806  -8.68582 
               149.1 -34.8195  32.6723  91.3667  8.46017 -1.57559  4.50848 0 0 0   -0.011 -0.02329  0.04412 -0.0995853   0.650032 -0.0962052 -0.00253097   0.0010201  -0.0036008 -0.0875348  0.0270043 -0.0458822    4.5564 -0.107722  -8.68585 
               149.2 -34.2219  32.9462  91.4758   8.4516 -1.51543  4.49564 0 0 0   -0.011 -0.02329  0.04412 -0.258233  0.512511 -0.191069  -0.0025615 0.000984878 -0.00363735 -0.0874403  0.0273456 -0.0455389  4.55648 -0.10786 -8.68581 
               149.3 -33.4398  33.1019  91.6061  8.42648 -1.46203  4.49009 0 0 0   -0.011 -0.02329  0.04412  -0.0697347    0.542594 -0.00433138 -0.00251812  0.00101428 -0.00357312 -0.0869804   0.027174 -0.0461903   4.55641 -0.107856  -8.68585 
               149.4 -34.4826  33.4956  90.8507  8.40058 -1.41413  4.49083 0 0 0   -0.011 -0.02329  0.04412  -0.271274   0.461769 -0.0614873 -0.00249802 0.000852897 -0.00360209 -0.0864318  0.0269975 -0.0468402   4.55632 -0.107875  -8.68589 
               149.5 -34.7554  32.9574   90.803  8.39163 -1.36692  4.48281 0 0 0   -0.011 -0.02329  0.04412  -0.182522   0.473475 -0.0895293 -0.00252341 0.000996647 -0.00358028  -0.086434  0.0271448 -0.0460805   4.55632 -0.108031  -8.68589 
               149.6 -33.0411  33.0334  91.7968 8.36569 -1.3151 4.47389 0 0 0   -0.011 -0.02329  0.04412  -0.138336   0.530042 -0.0307695 -0.00258285 0.000950486 -0.00369165 -0.0866094  0.0272209 -0.0464711   4.55639 -0.107922  -8.68586 
               149.7 -35.1232  32.4166  90.6273  8.35271 -1.25697  4.46391 0 0 0   -0.011 -0.02329  0.04412  -0.190179   0.581883 -0.0988018 -0.00245667 0.000974412 -0.00357637 -0.0871994  0.0273256 -0.0463691   4.55649 -0.107786  -8.68581 
               149.8 -34.4652  32.4984  91.1602   8.3434 -1.19473  4.45881 0 0 0   -0.011 -0.02329  0.04412 -0.214716  0.487086 -0.108665 -0.00253239 0.000938893 -0.00364002 -0.0876128  0.0276286 -0.0464774   4.55663 -0.107693  -8.68574 
               149.9 -33.0807  32.8561  91.5579  8.32286 -1.14736  4.45375 0 0 0   -0.011 -0.02329  0.04412  -0.085161   0.577794 0.00787647  -0.0026062 0.000895556 -0.00367104 -0.0871798  0.0275612 -0.0466019   4.55657 -0.107785  -8.68577 
                 150 -34.1633  32.2807  91.1353  8.30909 -1.08787  4.44921 0 0 0   -0.011 -0.02329  0.04412 -0.0808484   0.663921 -0.0907365  -0.0025556 0.000913059 -0.00364334 -0.0871291  0.0275129 -0.0466972   4.55655 -0.107776  -8.68578 
               150.1 -33.997 32.4893 91.1182  8.29475 -1.02557  4.43665 0 0 0   -0.011 -0.02329  0.04412 -0.303936  0.533072 -0.208387 -0.00252269 0.000939976 -0.00357062  -0.087536  0.0274301 -0.0464998   4.55656 -0.107682  -8.68577 
               150.2 -33.2122  32.7659  91.2997   8.28397 -0.975266   4.42436 0 0 0   -0.011 -0.02329  0.04412 -0.0788548   0.538118  -0.028256 -0.00255719 0.000946307 -0.00358085 -0.0875977  0.0277652 -0.0459601   4.55664 -0.107806  -8.68573 
               150.3 -33.3153  32.3584  91.5603   8.26154 -0.925799   4.41876 0 0 0   -0.011 -0.02329  0.04412  -0.189807   0.567941 -0.0571131 -0.00257699 0.000975235  -0.0036753 -0.0870112  0.0274649 -0.0461289  4.55649  -0.1079 -8.68581 
               150.4 -34.2885  32.1779  90.7064   8.24883 -0.868438     4.413 0 0 0   -0.011 -0.02329  0.04412  -0.149162   0.591492 -0.0656242 -0.00253396 0.000930325 -0.00359244 -0.0869496  0.0275602   -0.04588    4.5565 -0.107974   -8.6858 
               150.5 -33.7986  32.3676   90.839   8.2368 -0.81479  4.41283 0 0 0   -0.011 -0.02329  0.04412 -0.202082  0.538928  -0.10184 -0.00253248 0.000968887 -0.00360068 -0.0866165  0.0279831 -0.0461351    4.5566 -0.108086  -8.68575 
               150.6 -33.5016  32.3049  90.8962   8.22007 -0.766162   4.40419 0 0 0   -0.011 -0.02329  0.04412  -0.114442   0.546402 -0.0344784 -0.00253408 0.000978875 -0.00358264 -0.0861579  0.0276776 -0.0457988   4.55643 -0.108227  -8.68583 
               150.7 -33.6767  32.3623  90.7791   8.20565 -0.712114   4.40124 0 0 0   -0.011 -0.02329  0.04412  -0.142948   0.551389 -0.0536729 -0.00252089  0.00100321 -0.00361046 -0.0862157  0.0277484 -0.0459837  4.55647 -0.10819 -8.68581 
               150.8 -33.5098  32.2799  90.9504   8.18777 -0.658559   4.39465 0 0 0   -0.011 -0.02329  0.04412  -0.184491   0.527568 -0.0966194 -0.00252168 0.000989545 -0.00358846 -0.0865171  0.0274301 -0.0460591   4.55642 -0.108047  -8.68584 
               150.9 -33.1269  32.1266  91.1804   8.17191 -0.601693   4.38042 0 0 0   -0.011 -0.02329  0.04412 -0.195103   0.51749 -0.125138 -0.00253508  0.00100352 -0.00360225 -0.0869366  0.0274785  -0.045915   4.55648 -0.107961  -8.68581 
                 151 -33.5263  31.9718  90.9804   8.15132 -0.549206   4.37752 0 0 0   -0.011 -0.02329  0.04412 -0.0789881   0.523479   0.001711  -0.0024943 0.000979263 -0.00357776  -0.086792  0.0272342 -0.0463241   4.55641 -0.107897  -8.68585 
               151.1 -33.321 31.8406 91.0804   8.13225 -0.494095   4.36795 0 0 0   -0.011 -0.02329  0.04412 -0.226199  0.578401 -0.163467 -0.00257446 0.000960883 -0.00364802 -0.0868591  0.0270225  -0.046438   4.55637 -0.107829  -8.68587 
               151.2 -33.5615  31.5746  90.7926    8.1128 -0.441808   4.35544 0 0 0   -0.011 -0.02329  0.04412 -0.178813  0.583182 -0.100473  -0.0025439 0.000955895 -0.00357348 -0.0866866  0.0267803 -0.0460985   4.55626 -0.107898  -8.68593 
               151.3 -33.6549  31.7089  90.8613   8.09892 -0.385447   4.34758 0 0 0   -0.011 -0.02329  0.04412  -0.118228   0.551903 -0.0146025 -0.00250316 0.000985719  -0.0036243 -0.0868832  0.0271544 -0.0460236  4.55638 -0.10791 -8.68586 
               151.4 -33.8736  31.6076  90.7965   8.08563 -0.329013   4.33907 0 0 0   -0.011 -0.02329  0.04412  -0.21029  0.545881 -0.137876 -0.00253932  0.00101278 -0.00359652 -0.0871303  0.0269536 -0.0458785   4.55635 -0.107836  -8.68588 
               151.5 -32.6819  31.6842  91.1928   8.07004 -0.277142   4.32348 0 0 0   -0.011 -0.02329  0.04412  -0.145259   0.553774 -0.0790878 -0.00265961  0.00101829 -0.00363051  -0.087022  0.0269601 -0.0454332   4.55631 -0.107939   -8.6859 
               151.6 -33.5213  31.7516  90.5938   8.05158 -0.226561   4.31903 0 0 0   -0.011 -0.02329  0.04412   -0.16433   0.495978 -0.0805651  -0.0025748 0.000903213  -0.0035982  -0.086586  0.0270045 -0.0457232   4.55629 -0.108019  -8.68591 
               151.7 -33.6121  31.7125  90.6105   8.02962 -0.172931    4.3124 0 0 0   -0.011 -0.02329  0.04412  -0.152826   0.538804 -0.0878477 -0.00261305 0.000920237 -0.00365916 -0.0865911  0.0267135  -0.046082   4.55623 -0.107918  -8.68594 
               151.8 -33.8646  31.6207  90.3408   8.01092 -0.116756   4.31182 0 0 0   -0.011 -0.02329  0.04412  -0.185721   0.532662 -0.0496413 -0.00257962 0.000885052 -0.00362436   -0.08668  0.0267453 -0.0466501   4.55628 -0.107807  -8.68592 
               151.9 -33.4809  31.2941  90.7116    8.00361 -0.0618383    4.31455 0 0 0   -0.011 -0.02329  0.04412 -0.0906076   0.568859  0.0313652 -0.00258261 0.000991976 -0.00362432 -0.0867906  0.0274235 -0.0465358   4.55648 -0.107893  -8.68581 
                 152 -33.0504  31.3364  90.8377    7.98934 -0.0076009    4.31016 0 0 0   -0.011 -0.02329  0.04412 -0.266577  0.539634 -0.133605 -0.00259009 0.000953372 -0.00361552 -0.0865395  0.0277084 -0.0465291   4.55653 -0.108003  -8.68579 
               152.1 -33.3585  31.2705  90.5522   7.97388 0.0471704   4.30671 0 0 0   -0.011 -0.02329  0.04412 -0.0700379   0.497342  0.0580532 -0.00255128 0.000941216 -0.00358755 -0.0867642  0.0278168 -0.0466311   4.55659 -0.107942  -8.68575 
               152.2 -33.5129  31.1009  90.4675  7.96076 0.098868  4.30685 0 0 0   -0.011 -0.02329  0.04412 -0.0938227   0.533882 -0.0361381 -0.00255912 0.000918656 -0.00360832   -0.08657  0.0278913 -0.0468703    4.5566 -0.107967  -8.68575 
               152.3 -33.5826  31.2522  90.4804  7.95142 0.136779   4.2984 0 0 0   -0.011 -0.02329  0.04412  -0.147412   0.137673 -0.0921427 -0.00252776 0.000955039 -0.00362744 -0.0865886  0.0275579 -0.0466468    4.5565 -0.107949   -8.6858 
               152.4 -33.0547  32.2524  90.4494  7.94953 0.120658  4.30063 0 0 0   -0.011 -0.02329  0.04412 0.0374298 -0.407322  0.129273 -0.00253148 0.000845896 -0.00361718 -0.0860059  0.0279399 -0.0463152   4.55652 -0.108213  -8.68579 
               152.5 -33.2614  33.2834  92.5173    7.9366 0.0566681   4.28708 0 0 0   -0.011 -0.02329  0.04412 -0.283002 -0.703516  -0.27434 -0.00249527 0.000965517 -0.00367526 -0.0860048  0.0274777 -0.0457535   4.55636 -0.108235  -8.68587 
               152.6 -32.049 35.6538 100.245       7.9099 -0.000886725      4.26791 0 0 0   -0.011 -0.02329  0.04412 -0.152373 -0.345815 -0.129924  -0.0024971 0.000994963 -0.00396897 -0.0856223  0.0269051 -0.0457274   4.55616 -0.108263  -8.68598 
               152.7 -33.1623  37.8392  105.374     7.91587 -0.00558874     4.24137 0 0 0   -0.011 -0.02329  0.04412 0.0397746 0.0795003  -0.10724 -0.00244075  0.00103135 -0.00387563  -0.087327  0.0278833 -0.0449338   4.55655 -0.108043  -8.68577 
               152.8 -33.8661  38.3837  106.064   7.93004 0.0153444   4.24599 0 0 0   -0.011 -0.02329  0.04412 -0.00726518   -0.200969    -0.17978  -0.0026244 0.000983453  -0.0037784  -0.088255  0.0283959 -0.0460822    4.5568 -0.107662  -8.68565 
               152.9 -30.3632  39.7202  108.372    7.91862 -0.0158031     4.2424 0 0 0   -0.011 -0.02329  0.04412  0.0498576  -0.345924 -0.0355496 -0.00280611 0.000943453 -0.00385307 -0.0874133  0.0276491 -0.0470737   4.55658 -0.107706  -8.68576 
                 153 -31.0023  41.5631  112.124    7.90681 -0.0724018    4.23106 0 0 0   -0.011 -0.02329  0.04412 -0.107165 -0.564111 -0.120596 -0.00254499 0.000941915 -0.00391481   -0.08685   0.026578 -0.0472248   4.55629 -0.107807  -8.68591 
               153.1 -30.6001  44.0629   119.46   7.90219 -0.109695   4.23444 0 0 0   -0.011 -0.02329  0.04412 -0.0458538  -0.495036 -0.0963217  -0.0024291 0.000957076 -0.00405899 -0.086678 0.0268837 -0.048336   4.55636 -0.107703  -8.68588 
               153.2 -26.8002  47.8878  127.309   7.90527 -0.152547   4.23861 0 0 0   -0.011 -0.02329  0.04412 0.0933842 -0.280156 0.0372883 -0.00261872 0.000854549 -0.00411862  -0.086483  0.0274418 -0.0487742   4.55649 -0.107677  -8.68581 
               153.3 -24.8937  50.2772   135.04   7.91601 -0.191994   4.24696 0 0 0   -0.011 -0.02329  0.04412  0.0542192  -0.391731 -0.0100681 -0.00258818 0.000835737 -0.00410176 -0.0862944  0.0277814 -0.0489162   4.55657 -0.107678  -8.68577 
               153.4 -21.3121  51.9129  143.554   7.9052 -0.22013  4.24269 0 0 0   -0.011 -0.02329  0.04412 -0.212537 -0.142356 -0.150443 -0.00257253 0.000899469 -0.00408438 -0.0863039  0.0275007 -0.0491357   4.5565 -0.10769  -8.6858 
               153.5 -18.4854    53.32  148.716  7.86839 -0.22891  4.23739 0 0 0   -0.011 -0.02329  0.04412 -0.442334  0.295471 -0.174857 -0.00273172 0.000782242 -0.00402977 -0.0856839  0.0277261 -0.0500733   4.55654 -0.107686  -8.68578 
               153.6 -20.0325  52.7521  149.293   7.81696 -0.196758   4.19921 0 0 0   -0.011 -0.02329  0.04412 -0.420156  0.105113 -0.227042 -0.00270337 0.000844815 -0.00387046 -0.0863002  0.0274968 -0.0493703   4.55649 -0.107692  -8.68581 
               153.7 -18.612 54.4418  149.08   7.78463 -0.189615   4.18354 0 0 0   -0.011 -0.02329  0.04412 -0.0232903  0.0890121  0.0405765 -0.00280501 0.000730363 -0.00384368 -0.0867027  0.0272931 -0.0498789   4.55637 -0.107688  -8.68587 
               153.8 -19.0894  54.0297  149.801   7.78882 -0.190108   4.18548 0 0 0   -0.011 -0.02329  0.04412  -0.103736 -0.0080535  -0.038499 -0.00272741 0.000843219 -0.00386644 -0.0868158  0.0272068 -0.0495903   4.55637 -0.107706  -8.68587 
               153.9 -19.076 53.4135 149.798   7.76599 -0.181533   4.18468 0 0 0   -0.011 -0.02329  0.04412 -0.523846  0.155847 -0.265107 -0.00276255 0.000857386 -0.00384887 -0.0866446  0.0271314  -0.050025   4.55636 -0.107724  -8.68588 
                 154 -17.7794  52.0809  150.638   7.70398 -0.160869   4.14693 0 0 0   -0.011 -0.02329  0.04412  -0.62938  0.285764 -0.252528 -0.00280744 0.000900915  -0.0038478 -0.0862893  0.0268402 -0.0495195   4.55646 -0.107801  -8.68582 
               154.1 -19.1777  54.2191  149.252   7.64952 -0.138856   4.11126 0 0 0   -0.011 -0.02329  0.04412 -0.511673  0.136999 -0.317914 -0.00277203 0.000754792 -0.00386225 -0.0866614  0.0267607 -0.0488089   4.55646 -0.107819  -8.68582 
               154.2 -18.6314  53.9108  149.599   7.60488 -0.123736   4.08709 0 0 0   -0.011 -0.02329  0.04412 -0.403656   0.25571 -0.209394 -0.00277936 0.000895216 -0.00387333 -0.0865473  0.0268965 -0.0487998  4.55649 -0.10779 -8.68581 
               154.3 -19.7394  54.1471  148.923   7.56037 -0.105012   4.05115 0 0 0   -0.011 -0.02329  0.04412 -0.534609   0.12071 -0.354153 -0.00273975 0.000849561 -0.00384742 -0.0870093  0.0266867 -0.0482508   4.55646 -0.107836  -8.68583 
               154.4 -19.0119  54.1142  149.394    7.50221 -0.0885114    4.02238 0 0 0   -0.011 -0.02329  0.04412 -0.473391  0.123377 -0.248916 -0.00277774 0.000890805 -0.00386991  -0.087116  0.0264642 -0.0488589   4.55637 -0.107876  -8.68587 
               154.5 -19.3758  54.5752  148.874   7.45432 -0.061366   4.00296 0 0 0   -0.011 -0.02329  0.04412 -0.496186  0.274608 -0.263692 -0.00274883 0.000877696 -0.00384285 -0.0869145    0.02708 -0.0493363   4.55638 -0.107737  -8.68587 
               154.6 -18.7457  54.3043  149.392   7.40616 -0.038206   3.97695 0 0 0   -0.011 -0.02329  0.04412 -0.509009   0.19717 -0.259822  -0.0027728 0.000937152 -0.00385532  -0.086764  0.0274301 -0.0492637   4.55642 -0.107663  -8.68585 
               154.7 -19.4656  54.6343  148.776    7.36125 -0.0226481    3.95336 0 0 0   -0.011 -0.02329  0.04412 -0.450765   0.14136 -0.216394 -0.00276681 0.000857024 -0.00386953 -0.0866882  0.0271591  -0.048932  4.55646 -0.10773 -8.68583 
               154.8 -19.1385  54.3032  148.916    7.31434 -0.0101372     3.9317 0 0 0   -0.011 -0.02329  0.04412 -0.462153  0.201287 -0.229249 -0.00280738 0.000905301 -0.00387433 -0.0868059  0.0266317 -0.0491481   4.5564 -0.10784 -8.68585 
               154.9 -18.6487   53.657  149.322    7.26768 0.00449266    3.90413 0 0 0   -0.011 -0.02329  0.04412  -0.51966  0.160012 -0.308696 -0.00282053 0.000940788 -0.00385127 -0.0868475  0.0263007 -0.0489012   4.55641 -0.107916  -8.68585 
                 155 -18.7782  53.9037  148.971   7.21069 0.0228284   3.87464 0 0 0   -0.011 -0.02329  0.04412 -0.527933  0.201692 -0.329117 -0.00279873 0.000862364  -0.0038573 -0.0868528  0.0263648 -0.0493774   4.55636 -0.107893  -8.68587 
               155.1 -19.5246  54.3525  148.281   7.16067 0.0371886   3.84489 0 0 0   -0.011 -0.02329  0.04412 -0.495546  0.233725 -0.291989  -0.0027788  0.00084289 -0.00385636 -0.0867052  0.0261719 -0.0491839    4.5564 -0.107943  -8.68585 
               155.2 -19.9007  54.4404  148.025   7.11568 0.0524389   3.82048 0 0 0   -0.011 -0.02329  0.04412 -0.453003 0.0730229 -0.242928 -0.00277421 0.000845411 -0.00385288 -0.0867148  0.0264651 -0.0491961   4.55641 -0.107879  -8.68585 
               155.3 -20.2266   53.821  147.945   7.08069 0.0788323   3.80027 0 0 0   -0.011 -0.02329  0.04412 -0.457572  0.252006 -0.239776 -0.00280225 0.000877226 -0.00385354  -0.086724   0.026995 -0.0487125   4.55647 -0.107773  -8.68582 
               155.4 -18.5017   53.691  148.952  7.02684 0.102143  3.77342 0 0 0   -0.011 -0.02329  0.04412 -0.514666  0.195985 -0.304856 -0.00285038 0.000883517 -0.00388554  -0.086829  0.0270525 -0.0493084   4.55639 -0.107747  -8.68586 
               155.5 -19.0345  53.9097  148.397  6.97662 0.120418  3.74511 0 0 0   -0.011 -0.02329  0.04412 -0.480593  0.190747 -0.216646 -0.00278779 0.000864352 -0.00385147 -0.0867791  0.0271669 -0.0493065   4.55641 -0.107724  -8.68585 
               155.6 -19.9764  53.9805  147.789  6.93016 0.142303  3.72465 0 0 0   -0.011 -0.02329  0.04412 -0.438101  0.151505 -0.237639 -0.00277921 0.000863004 -0.00385152 -0.0867635  0.0272998 -0.0495482   4.55639 -0.107691  -8.68586 
               155.7 -19.2413  54.0171  148.184  6.88251 0.158334  3.69969 0 0 0   -0.011 -0.02329  0.04412 -0.538357  0.254191 -0.287754 -0.00281235 0.000868744 -0.00387744 -0.0868947  0.0270358 -0.0494105   4.55637 -0.107746  -8.68587 
               155.8 -19.5501  54.0032  148.004  6.83404 0.184296  3.67916 0 0 0   -0.011 -0.02329  0.04412 -0.468587  0.167992 -0.259797 -0.00280385 0.000844409 -0.00387311 -0.0865003  0.0272136 -0.0495814   4.55643 -0.107717  -8.68584 
               155.9 -18.677 54.3734 148.111  6.78496 0.199059  3.65198 0 0 0   -0.011 -0.02329  0.04412  -0.42813  0.241079 -0.164373  -0.0028127 0.000830602  -0.0038675 -0.0866456  0.0270261 -0.0495961    4.5564 -0.107752  -8.68586 
                 156 -19.9533  54.2945  147.452  6.73783 0.215957  3.63466 0 0 0   -0.011 -0.02329  0.04412 -0.466212  0.192071 -0.215851 -0.00274697  0.00082705 -0.00382457 -0.0865249  0.0270672 -0.0499754   4.55638 -0.107739  -8.68587 
               156.1 -20.0406  53.7258   147.56  6.69348 0.240445  3.60937 0 0 0   -0.011 -0.02329  0.04412 -0.529439  0.106473 -0.297598 -0.00279135 0.000856652 -0.00384344 -0.0865353  0.0269962 -0.0495257   4.55642 -0.107763  -8.68585 
               156.2 -18.1117  54.0691  148.341   6.6443 0.258636  3.57384 0 0 0   -0.011 -0.02329  0.04412 -0.423388  0.366132 -0.210998 -0.00289858 0.000811946 -0.00388218 -0.0872524   0.026685 -0.0490462   4.55634 -0.107816  -8.68589 
               156.3 -18.9285  54.1091  148.072  6.59097 0.273201  3.54782 0 0 0   -0.011 -0.02329  0.04412 -0.523042  0.102199 -0.339055  -0.0027378  0.00086003 -0.00383154 -0.0873461  0.0263378 -0.0495135   4.55627 -0.107874  -8.68592 
               156.4 -19.1216  53.9204   147.91  6.54211 0.298098  3.52375 0 0 0   -0.011 -0.02329  0.04412 -0.485361  0.173376 -0.236413 -0.00282111 0.000847193 -0.00385623 -0.0871905  0.0268811 -0.0497383   4.55629 -0.107762  -8.68591 
               156.5 -18.6278  54.2887  147.958  6.49404 0.324295  3.49332 0 0 0   -0.011 -0.02329  0.04412 -0.485298  0.166274 -0.273035 -0.00282718 0.000785041  -0.0038758  -0.087341  0.0270843 -0.0495234    4.5563 -0.107721  -8.68591 
               156.6 -18.2295  54.5754  147.745  6.44798 0.334534  3.46683 0 0 0   -0.011 -0.02329  0.04412 -0.424031  0.289221 -0.226978 -0.00284743 0.000818613 -0.00387098 -0.0873568   0.026992 -0.0492221   4.55632 -0.107747   -8.6859 
               156.7 -20.3478   54.017  146.902  6.39041 0.363117  3.43797 0 0 0   -0.011 -0.02329  0.04412  -0.54032  0.162658 -0.362713 -0.00271417 0.000890019 -0.00384194 -0.0877247  0.0268948 -0.0498662    4.5562 -0.107738  -8.68596 
               156.8 -18.6602  54.6801  147.456  6.33687 0.383826  3.40595 0 0 0   -0.011 -0.02329  0.04412 -0.549948  0.210037 -0.337451 -0.00288037  0.00081825 -0.00388531 -0.0877489  0.0270429 -0.0499851   4.55619 -0.107704  -8.68597 
               156.9 -19.4004  54.7309  147.223 6.28902 0.40164 3.37367 0 0 0   -0.011 -0.02329  0.04412 -0.466856  0.266221 -0.218016 -0.00278953 0.000853799 -0.00388322 -0.0879863  0.0271172 -0.0496759  4.55618 -0.10769 -8.68597 
                 157 -20.4326  54.6184  146.695  6.24557 0.418632  3.35177 0 0 0   -0.011 -0.02329  0.04412 -0.480248 0.0498466 -0.274971 -0.00275894  0.00087906 -0.00382524 -0.0875126  0.0266766 -0.0495542   4.55625 -0.107797  -8.68593 
               157.1 -18.9991  54.8619  147.097  6.20405 0.439464  3.32305 0 0 0   -0.011 -0.02329  0.04412 -0.449533  0.267659 -0.225698 -0.00286619 0.000867611 -0.00387245 -0.0872577  0.0269568 -0.0489848   4.55635 -0.107765  -8.68588 
               157.2 -19.2727  55.2172  146.769  6.15731 0.464197  3.30211 0 0 0   -0.011 -0.02329  0.04412 -0.436651  0.268119 -0.298408 -0.00284697 0.000785883 -0.00387814 -0.0869686  0.0273557 -0.0493826   4.55637 -0.107683  -8.68587 
               157.3 -19.5917  55.1807  146.669  6.10593 0.484748  3.27662 0 0 0   -0.011 -0.02329  0.04412 -0.432203  0.199035 -0.202315 -0.00275142 0.000829531 -0.00385849  -0.087118   0.027367 -0.0497572   4.55632 -0.107665   -8.6859 
               157.4 -20.1762  55.1565  146.372 6.06314 0.50763 3.25512 0 0 0   -0.011 -0.02329  0.04412 -0.460114 0.0581105 -0.271674 -0.00269832 0.000865857 -0.00382586 -0.0871736  0.0274288 -0.0498641    4.5563 -0.107648  -8.68591 
               157.5 -18.2057  55.1783  147.171 6.01939 0.52029 3.22485 0 0 0   -0.011 -0.02329  0.04412 -0.466977  0.196453 -0.271192 -0.00285805 0.000817994 -0.00387701 -0.0870556  0.0275899 -0.0496581   4.55634 -0.107627  -8.68589 
               157.6 -20.4032   55.571  145.654  5.96939 0.529329  3.19406 0 0 0   -0.011 -0.02329  0.04412 -0.416213 0.0951476 -0.273275  -0.0028258 0.000757318  -0.0038494 -0.0873146   0.027152 -0.0497806  4.55628  -0.1077 -8.68592 
               157.7 -20.6558  55.0182  145.828  5.91895 0.548718  3.16742 0 0 0   -0.011 -0.02329  0.04412 -0.440055  0.125004 -0.266766 -0.00280332 0.000851422 -0.00386283 -0.0877272  0.0273596 -0.0503291   4.55617 -0.107629  -8.68598 
               157.8 -20.1438  54.7762  146.037  5.87493 0.569918  3.14051 0 0 0   -0.011 -0.02329  0.04412 -0.439168  0.243901  -0.29683 -0.00284845 0.000857273 -0.00386509 -0.0879463  0.0277484 -0.0503819   4.55615 -0.107544  -8.68599 
               157.9 -20.2884  54.4644  146.042  5.81785 0.596057  3.11351 0 0 0   -0.011 -0.02329  0.04412 -0.542195  0.165878 -0.297429 -0.00280524 0.000867266 -0.00387171 -0.0879688  0.0284092 -0.0512298    4.5561 -0.107389  -8.68602 
                 158 -21.3772    54.67  145.357  5.76884 0.621455  3.08943 0 0 0   -0.011 -0.02329  0.04412 -0.446809   0.19935 -0.229336 -0.00278673 0.000853927 -0.00384484 -0.0880406  0.0284896 -0.0513084   4.55608 -0.107369  -8.68603 
               158.1 -19.9912  54.7584  146.132  5.72298 0.642217  3.06669 0 0 0   -0.011 -0.02329  0.04412 -0.479951  0.204917 -0.255685 -0.00289685 0.000837522 -0.00385433 -0.0879587  0.0283049 -0.0512726   4.55609 -0.107408  -8.68602 
               158.2 -19.3035  54.4696  146.513  5.68163 0.654708  3.04147 0 0 0   -0.011 -0.02329  0.04412 -0.436966   0.26236 -0.196485 -0.00291685 0.000872917 -0.00384456 -0.0875856  0.0281816 -0.0506947   4.55619 -0.107461  -8.68597 
               158.3 -20.8027  54.1989   145.73  5.63465 0.682369  3.01136 0 0 0   -0.011 -0.02329  0.04412 -0.500816  0.173659 -0.303974  -0.0028357 0.000859089 -0.00378829  -0.087844  0.0282889 -0.0504549   4.55618 -0.107438  -8.68598 
               158.4 -19.778  54.755 146.013  5.59237 0.694565  2.98273 0 0 0   -0.011 -0.02329  0.04412 -0.527785  0.101521 -0.320318 -0.00287043 0.000812587 -0.00379013 -0.0871463  0.0283704 -0.0502445    4.5563 -0.107454  -8.68591 
               158.5 -21.4677  54.8159  144.975 5.54063 0.71993 2.95777 0 0 0   -0.011 -0.02329  0.04412 -0.407702  0.205905 -0.170347 -0.00281807 0.000821107 -0.00375915 -0.0873685  0.0284045  -0.050738   4.55623 -0.107425  -8.68595 
               158.6 -20.3175  54.9629  145.376  5.49919 0.740473  2.93164 0 0 0   -0.011 -0.02329  0.04412 -0.437445  0.258846 -0.235169 -0.00289328 0.000836839 -0.00377774 -0.0876542  0.0289759 -0.0504251   4.55624 -0.107316  -8.68595 
               158.7 -22.1163  54.4901   144.47  5.45037 0.764756  2.90221 0 0 0   -0.011 -0.02329  0.04412 -0.470559  0.145811 -0.276482 -0.00285414 0.000806739 -0.00376935 -0.0878183  0.0285336 -0.0503897    4.5562 -0.107394  -8.68597 
               158.8 -20.8148   54.974  144.794  5.40204 0.783958  2.87589 0 0 0   -0.011 -0.02329  0.04412 -0.469305  0.270783 -0.280948 -0.00286852 0.000824551 -0.00378755 -0.0877338  0.0286261 -0.0505816    4.5562 -0.107374  -8.68597 
               158.9 -21.5361  54.7976  144.586  5.34892 0.801984  2.85014 0 0 0   -0.011 -0.02329  0.04412 -0.474923  0.180452 -0.272567 -0.00286086 0.000810972 -0.00380357 -0.0879839  0.0281038 -0.0511139   4.55609 -0.107446  -8.68602 
                 159 -21.4928  54.7266   144.39  5.29936 0.822049   2.8188 0 0 0   -0.011 -0.02329  0.04412 -0.481837  0.165218 -0.244627 -0.00285768 0.000842161 -0.00377812 -0.0884788  0.0281693 -0.0510902   4.55603 -0.107415  -8.68605 
               159.1 -21.6862  54.4008  144.265  5.25254 0.845662  2.79142 0 0 0   -0.011 -0.02329  0.04412 -0.458866  0.246019 -0.286223 -0.00286673 0.000862852 -0.00378082 -0.0885364  0.0282519 -0.0509821   4.55604 -0.107401  -8.68605 
               159.2 -21.4141  54.6103  144.202  5.20696 0.863318  2.77013 0 0 0   -0.011 -0.02329  0.04412 -0.460067  0.232255 -0.223072 -0.00286411 0.000814477  -0.0037699 -0.0880787  0.0286449 -0.0511929    4.5561 -0.107342  -8.68602 
               159.3 -22.8449  54.3813  143.581  5.16893 0.886666  2.75318 0 0 0   -0.011 -0.02329  0.04412 -0.463435  0.122296  -0.23561  -0.0028386 0.000815011  -0.0037863 -0.0876628  0.0286266 -0.0507968   4.55619 -0.107374  -8.68597 
               159.4 -20.7146  54.2476   144.71  5.12149 0.903959  2.72827 0 0 0   -0.011 -0.02329  0.04412 -0.401907  0.198752 -0.210216 -0.00290562 0.000812562 -0.00380694 -0.0876468  0.0285074 -0.0510766   4.55616 -0.107388  -8.68599 
               159.5 -21.9211   54.364  143.788  5.09766 0.914047  2.71122 0 0 0   -0.011 -0.02329  0.04412 -0.0541773 -0.0210603  -0.036022 -0.00284826 0.000817043 -0.00375052 -0.0878774  0.0286587 -0.0508304   4.55616 -0.107358  -8.68599 
               159.6 -21.6664  54.8415  144.317  5.10628 0.907795  2.71527 0 0 0   -0.011 -0.02329  0.04412  0.280985 -0.297492  0.160247 -0.00286986 0.000773292 -0.00381738  -0.088065  0.0289684 -0.0508746   4.55614 -0.107293    -8.686 
               159.7 -18.8058  55.5653  148.584   5.1329 0.852897  2.73027 0 0 0   -0.011 -0.02329  0.04412  0.262722 -0.453591  0.173446 -0.00284742 0.000849339 -0.00391636  -0.087865  0.0287668 -0.0508615   4.55616 -0.107338  -8.68599 
               159.8 -15.644 56.3239 158.311  5.15857 0.814799  2.74056 0 0 0   -0.011 -0.02329  0.04412  0.069716 -0.189012  0.050556 -0.00267991 0.000872233 -0.00406881 -0.0875621  0.0282782 -0.0504092  4.55622 -0.10745 -8.68595 
               159.9 -9.96104  57.2172  167.194  5.16128 0.803081   2.7433 0 0 0   -0.011 -0.02329  0.04412 -0.0114252 -0.0110985 0.00342211 -0.00283562 0.000818014 -0.00403167 -0.0877173  0.0282416 -0.0507353   4.55617 -0.107448  -8.68598 
                 160 -8.90785  57.3291  169.254  5.16239 0.809972  2.74784 0 0 0   -0.011 -0.02329  0.04412  0.181951 -0.158028  0.112263 -0.00290127 0.000798191 -0.00387508 -0.0875838  0.0286979 -0.0509175   4.55617 -0.107359  -8.68598 
               160.1 -5.82996  57.5884  171.525  5.17117 0.787521  2.74795 0 0 0   -0.011 -0.02329  0.04412  0.132499  -0.27099 0.0655749 -0.00297673 0.000913964 -0.00390592 -0.0883881  0.0291158 -0.0511908   4.55601 -0.107302  -8.68607 
               160.2 -2.98353  58.0554  179.128  5.19839 0.750652  2.75372 0 0 0   -0.011 -0.02329  0.04412  0.232981 -0.282897  0.111656 -0.00277285 0.000889395  -0.0040725 -0.0888071  0.0287554  -0.050711   4.55601 -0.107379  -8.68606 
               160.3 2.84085 57.9447 -169.68  5.23434 0.727944  2.77554 0 0 0   -0.011 -0.02329  0.04412  0.330248 -0.229612   0.17491  -0.0027966 0.000817474 -0.00418873 -0.0877749  0.0286702 -0.0504656   4.55619 -0.107303  -8.68597 
               160.4 9.26707 57.5711 -158.95  5.26199 0.717584  2.79228 0 0 0   -0.011 -0.02329  0.04412   0.210029 -0.0351542   0.116236 -0.00285355 0.000820861 -0.00416363 -0.0876908  0.0284606  -0.050554  4.55622 -0.10734 -8.68595 
               160.5  13.3141  55.9302 -151.817  5.27469 0.712022  2.80033 0 0 0   -0.011 -0.02329  0.04412   0.0307052   -0.109479 -0.00707231 -0.00292533 0.000878403 -0.00411902 -0.0876049  0.0287916 -0.0507165   4.55617 -0.107282  -8.68598 
               160.6 13.5876 55.6868 -150.31  5.27076 0.717958  2.80117 0 0 0   -0.011 -0.02329  0.04412   -0.020722   0.0328536 -0.00156715 -0.00300633 0.000855045 -0.00394847 -0.0873904  0.0289194 -0.0508686   4.55616 -0.107238  -8.68599 
               160.7    15.01  55.8207 -150.367  5.26154 0.718831   2.7981 0 0 0   -0.011 -0.02329  0.04412 -0.00510062   0.0374914   0.0130214 -0.00311621 0.000835081 -0.00387797 -0.0879063  0.0296764 -0.0513728    4.5559 -0.107302  -8.68612 
               160.8  13.2048  55.9768 -151.457  5.25659 0.723124  2.79615 0 0 0   -0.011 -0.02329  0.04412  -0.0153233  -0.0118381 -0.00121899 -0.00300035 0.000843918 -0.00385137 -0.0881315  0.0299578 -0.0514532  4.55581 -0.10733 -8.68617 
               160.9  13.9076  55.8983 -151.209  5.25552 0.719899  2.79598 0 0 0   -0.011 -0.02329  0.04412 -0.0161886 0.00618895 0.00157248 -0.00306037 0.000859473 -0.00387404 -0.0883081  0.0296281 -0.0515029   4.55587 -0.107416  -8.68614 
                 161  13.9388  55.9842 -151.151  5.25663 0.718928  2.79842 0 0 0   -0.011 -0.02329  0.04412 -0.0092085 0.00238812 0.00774901 -0.00306998  0.00081036 -0.00389721 -0.0880939  0.0294644 -0.0514596   4.55593 -0.107375   -8.6861 
               161.1  13.7346  55.9737 -151.302  5.25543 0.718926  2.79729 0 0 0   -0.011 -0.02329  0.04412 -0.00787886 -0.00502393  0.00318015 -0.00305106 0.000830801 -0.00387946 -0.0882206  0.0295626 -0.0513916    4.5559 -0.107387  -8.68612 
               161.2  13.7888  55.9762 -151.295  5.25384 0.717988  2.79455 0 0 0   -0.011 -0.02329  0.04412  -0.0063437  -0.0130394 -0.00384753 -0.00307886 0.000826223  -0.0038897 -0.0884718   0.029606 -0.0513102   4.55588 -0.107435  -8.68613 
               161.3  13.7283  55.9572 -151.355  5.25623 0.718844  2.79469 0 0 0   -0.011 -0.02329  0.04412  0.0049442 -0.0107838 -0.0016784 -0.00306187 0.000844265 -0.00387526  -0.088275  0.0295768 -0.0510803   4.55591 -0.107361  -8.68612 
               161.4  13.832 55.9361 -151.33  5.25628 0.715982  2.78858 0 0 0   -0.011 -0.02329  0.04412 0.00015693 -0.0033239 -0.0186809 -0.00307718 0.000854719 -0.00387506 -0.088764 0.0294991 -0.050855    4.5559 -0.107462  -8.68612 
               161.5  13.7895  55.9361 -151.309  5.25563 0.723565  2.79082 0 0 0   -0.011 -0.02329  0.04412 -0.00275343   0.0219273 -0.00772107 -0.00303658 0.000853826 -0.00388895 -0.0881922  0.0302016 -0.0509304   4.55578 -0.107254  -8.68619 
               161.6  13.7022  55.9417 -151.424  5.25572 0.720833  2.79158 0 0 0   -0.011 -0.02329  0.04412  0.00601277  -0.0102457 -0.00165661 -0.00307798 0.000860569 -0.00388263 -0.0882621  0.0298618 -0.0510929   4.55584 -0.107328  -8.68615 
               161.7  13.6962  55.9558 -151.385  5.25673 0.723313   2.7956 0 0 0   -0.011 -0.02329  0.04412  0.00883516 -0.00378755   0.0103768 -0.00305137 0.000849981 -0.00389108 -0.0878749  0.0299225 -0.0511939   4.55586 -0.107241  -8.68615 
               161.8  13.7631  55.9542 -151.385  5.25315 0.723889  2.79756 0 0 0   -0.011 -0.02329  0.04412 -0.00840155   0.0134367   0.0135339 -0.00304673 0.000851188 -0.00386681 -0.0879538  0.0300774 -0.0515347    4.5558 -0.107284  -8.68618 
               161.9  13.7967  55.9052 -151.343  5.25521 0.724445   2.7957 0 0 0   -0.011 -0.02329  0.04412 0.00153643  0.0133331 0.00585895 -0.00305288 0.000873201 -0.00388932 -0.0880701  0.0300816 -0.0511971   4.5558 -0.10727 -8.68617 
                 162  13.6126  56.0251 -151.433  5.25177 0.723848  2.79606 0 0 0   -0.011 -0.02329  0.04412 -0.00344744 -0.00765121  0.00663337 -0.00303009 0.000814689 -0.00387177 -0.0882515  0.0301441 -0.0514767  4.55576 -0.10734  -8.6862 
               162.1  13.7058  55.9839 -151.362  5.25566 0.722016  2.79689 0 0 0   -0.011 -0.02329  0.04412  0.0102455 -0.0148196 0.00717367 -0.00304499 0.000830856 -0.00389806 -0.0881587  0.0298134 -0.0512133   4.55586 -0.107323  -8.68615 
               162.2  13.7803  56.0462 -151.357  5.26057 0.724234  2.80328 0 0 0   -0.011 -0.02329  0.04412  0.0167657 0.00547557  0.0210469 -0.00305295  0.00079729   -0.003874 -0.0875241  0.0298107 -0.0511446   4.55592 -0.107166  -8.68612 
               162.3  13.8021  56.0106 -151.352  5.26309 0.723578  2.80182 0 0 0   -0.011 -0.02329  0.04412   0.018633 0.00442631  0.0114867 -0.00305831 0.000816924 -0.00388157 -0.0877599  0.0298223 -0.0509356    4.5559 -0.107195  -8.68612 
               162.4  13.7011  56.0561 -151.416  5.26398 0.722442  2.80789 0 0 0   -0.011 -0.02329  0.04412   0.0177474 -0.00801248   0.0255132 -0.00305694 0.000795152 -0.00387043 -0.0875151  0.0297366 -0.0512832   4.55593 -0.107189  -8.68611 
               162.5  13.6452  55.9652 -151.477  5.26187 0.720693  2.80033 0 0 0   -0.011 -0.02329  0.04412    0.0112887   -0.0179691 -7.92521e-05 -0.00306082 0.000848357 -0.00386928 -0.0883708   0.029934 -0.0510777   4.55582 -0.107342  -8.68617 
               162.6  13.7081  55.9751 -151.411  5.25618 0.717987  2.79457 0 0 0   -0.011 -0.02329  0.04412 -0.00865209  -0.0186842   -0.014887 -0.00304847 0.000839547  -0.0038785  -0.089032    0.03014 -0.0512906   4.55571 -0.107497  -8.68622 
               162.7  13.7086  55.9095 -151.413  5.25028 0.715714  2.78785 0 0 0   -0.011 -0.02329  0.04412 -0.0221649 -0.0151858 -0.0274991 -0.00304043 0.000875009 -0.00387963  -0.089573  0.0303893 -0.0514025    4.5556 -0.107608  -8.68628 
               162.8  13.7001  55.9929 -151.417  5.25619 0.720249  2.79167 0 0 0   -0.011 -0.02329  0.04412   0.00188539 -0.000725298   -0.0101983 -0.00305062 0.000830819 -0.00387523  -0.088628   0.030528 -0.0510229  4.55566 -0.10733 -8.68625 
               162.9  13.6353  56.0169 -151.487  5.25441 0.722945  2.79251 0 0 0   -0.011 -0.02329  0.04412 -0.000845138 -0.000191562   -0.0037483 -0.00306472 0.000823705 -0.00385986 -0.0884692  0.0307947 -0.0511935   4.55561 -0.107285  -8.68628 
                 163  13.7549  55.9201 -151.364  5.25523 0.724336  2.79074 0 0 0   -0.011 -0.02329  0.04412  0.00381342  0.00421526 -0.00605886 -0.00307115 0.000866101 -0.00390582 -0.0885012  0.0308305 -0.0510366  4.55561 -0.10727 -8.68628 
               163.1   13.786  55.8951 -151.356  5.25798 0.721095  2.78738 0 0 0   -0.011 -0.02329  0.04412   0.0098889 0.000194212  -0.0136145 -0.00306579 0.000877286 -0.00389998 -0.0887408  0.0304849 -0.0508164   4.55567 -0.107337  -8.68624 
               163.2  13.7312  55.9552 -151.417   5.2548 0.723284  2.78592 0 0 0   -0.011 -0.02329  0.04412 -0.00160728  0.00719077   -0.013236 -0.00306173 0.000849801  -0.0038746 -0.0887941  0.0308757 -0.0510592   4.55557 -0.107334   -8.6863 
               163.3 13.6004 55.9848  -151.5  5.25848 0.721971  2.79149 0 0 0   -0.011 -0.02329  0.04412   0.0121972 -0.00656076  0.00561483 -0.00304337 0.000840688 -0.00385591 -0.0882829  0.0305467 -0.0511768   4.55568 -0.107268  -8.68624 
               163.4  13.6796  55.9635 -151.434  5.25955 0.725707  2.79608 0 0 0   -0.011 -0.02329  0.04412   0.013657 0.00172139  0.0165944 -0.00305844 0.000845935 -0.00388198 -0.0878745  0.0307944 -0.0512977   4.55565 -0.107162  -8.68626 
               163.5   13.761  55.9709 -151.408  5.26158 0.721856   2.8015 0 0 0   -0.011 -0.02329  0.04412   0.0141143 -0.00595037   0.0263764 -0.00307235 0.000840458 -0.00387796 -0.0877665  0.0303557 -0.0515235   4.55575 -0.107211   -8.6862 
               163.6 13.738 55.982 -151.4  5.25853 0.724503  2.80307 0 0 0   -0.011 -0.02329  0.04412 0.000758366  0.00708551   0.0238421 -0.00304686 0.000833841 -0.00387318 -0.0878672  0.0308143 -0.0517137   4.55563 -0.107206  -8.68627 
               163.7 13.6434 55.9792 -151.45  5.25697 0.725193   2.8008 0 0 0   -0.011 -0.02329  0.04412 -0.000226906   0.00127759    0.0129268 -0.00302741 0.000838053 -0.00386945 -0.0882152  0.0310136 -0.0515979   4.55556 -0.107249   -8.6863 
               163.8  13.6084  56.0173 -151.501  5.25795 0.724803  2.80274 0 0 0   -0.011 -0.02329  0.04412  0.00562316 -0.00795708   0.0154501 -0.00304143 0.000820793 -0.00385718 -0.0881602  0.0309215 -0.0515696   4.55559 -0.107244  -8.68629 
               163.9  13.6761  55.9317 -151.434  5.25519 0.723133  2.79826 0 0 0   -0.011 -0.02329  0.04412  -0.0020375 -0.00848716  0.00109866 -0.00303373 0.000863258 -0.00388181 -0.0887165  0.0310051 -0.0515251   4.55552 -0.107353  -8.68632 
                 164  13.7266   55.966 -151.393  5.25005 0.722556  2.79521 0 0 0   -0.011 -0.02329  0.04412  -0.0170925 -0.00248021 -0.00647235  -0.0030285 0.000841447 -0.00388286 -0.0890785  0.0312513 -0.0517044   4.55543 -0.107427  -8.68637 
               164.1  13.6892  55.9443 -151.429  5.24919 0.723292  2.79437 0 0 0   -0.011 -0.02329  0.04412   -0.012772 -0.00134104 -0.00616116 -0.00303178 0.000855148 -0.00388036 -0.0890161  0.0313625 -0.0516206   4.55542 -0.107392  -8.68638 
               164.2  13.7232  56.0005 -151.384  5.25234 0.723563  2.79471 0 0 0   -0.011 -0.02329  0.04412  0.00180241 -0.00642387 -0.00410433 -0.00303844 0.000820564 -0.00389591 -0.0887825  0.0312381 -0.0513488   4.55548 -0.107323  -8.68635 
               164.3  13.6852  55.9633 -151.421  5.25764 0.724533  2.79811 0 0 0   -0.011 -0.02329  0.04412   0.0173271 -0.00272332  0.00608889 -0.00302805 0.000843484 -0.00388658 -0.0883217  0.0310934 -0.0511496   4.55556 -0.107216  -8.68631 
               164.4 13.7052 55.9777 -151.41  5.25708 0.724275  2.79446 0 0 0   -0.011 -0.02329  0.04412   0.0103126 0.000988003 -0.00494534 -0.00302597 0.000834839 -0.00388146 -0.0886797  0.0312245 -0.0511002    4.5555 -0.107274  -8.68633 
               164.5  13.7975  55.9448 -151.332  5.25848 0.718438  2.79814 0 0 0   -0.011 -0.02329  0.04412  0.0111411 -0.0151785  0.0060756 -0.00304059 0.000847721 -0.00390836 -0.0886079  0.0307381 -0.0514116    4.5556 -0.107345  -8.68628 
               164.6  13.6887  55.9277 -151.423 5.25842 0.71701 2.79537 0 0 0   -0.011 -0.02329  0.04412   0.0116546  -0.0203944 -0.00149756 -0.00303312 0.000864618 -0.00389236 -0.088869 0.0308804 -0.051325   4.55555 -0.107377  -8.68631 
               164.7  13.6683  55.9782 -151.422  5.25519 0.718011  2.79721 0 0 0   -0.011 -0.02329  0.04412 0.00101782  -0.016047 0.00544146 -0.00302277   0.0008362 -0.00388784 -0.0887828  0.0312195 -0.0516695  4.55547 -0.10736 -8.68635 
               164.8  13.7608  55.9721 -151.366  5.25677 0.723247  2.79497 0 0 0   -0.011 -0.02329  0.04412 0.00552644 0.00656904 -0.0013755 -0.00304083 0.000836645 -0.00389783  -0.088681  0.0316934 -0.0512815   4.55539 -0.107245  -8.68639 
               164.9  13.7787   56.033 -151.339  5.25676 0.721319  2.79312 0 0 0   -0.011 -0.02329  0.04412  0.00263548  0.00178033 -0.00597913  -0.0030357 0.000802858 -0.00389412 -0.0888939  0.0315554  -0.051286    4.5554 -0.107306  -8.68638 
                 165  13.7365  56.0232 -151.383  5.25912 0.721516  2.79477 0 0 0   -0.011 -0.02329  0.04412   0.00935707 -0.000514323  0.000204573 -0.00304346 0.000811167 -0.00388882  -0.088666  0.0314934 -0.0512525  4.55544 -0.10726 -8.68637 
               165.1  13.6692  55.9792 -151.434  5.25785 0.721773  2.79751 0 0 0   -0.011 -0.02329  0.04412  0.00531492 -0.00439154  0.00834939 -0.00303733 0.000837287 -0.00388427  -0.088553  0.0315591 -0.0515413   4.55542 -0.107261  -8.68638 
               165.2  13.7431  55.9886 -151.413  5.25954 0.724198  2.80065 0 0 0   -0.011 -0.02329  0.04412   0.008461 0.00453858  0.0143382 -0.00306137 0.000831388   -0.003886 -0.0882748  0.0316692 -0.0515168   4.55542 -0.107187  -8.68638 
               165.3  13.7426  55.9485 -151.414    5.253 0.722476  2.79711 0 0 0   -0.011 -0.02329  0.04412 -0.0123964 0.00133757 0.00184948 -0.00304759 0.000851864 -0.00388545 -0.0889304  0.0318305 -0.0518317   4.55532 -0.107343  -8.68643 
               165.4  13.7529  55.9154 -151.396  5.25312 0.723123  2.79455 0 0 0   -0.011 -0.02329  0.04412 -0.00668674  0.00319809 -0.00498395 -0.00304944 0.000867884 -0.00389758 -0.0890455  0.0319056 -0.0515944    4.5553 -0.107334  -8.68644 
               165.5  13.6768  55.9664 -151.414  5.25005 0.724603  2.79227 0 0 0   -0.011 -0.02329  0.04412  -0.0109496  0.00102733 -0.00905615 -0.00302545 0.000843511 -0.00389288 -0.0891951  0.0321352 -0.0516467   4.55524 -0.107348  -8.68647 
               165.6  13.6832  55.9785 -151.425  5.25607 0.727834  2.79264 0 0 0   -0.011 -0.02329  0.04412   0.0109827   0.0072509 -0.00579577 -0.00303595 0.000838482 -0.00388847 -0.0887743  0.0320901  -0.051148   4.55531 -0.107211  -8.68644 
               165.7  13.6959  55.9766 -151.402  5.25612 0.727922  2.79226 0 0 0   -0.011 -0.02329  0.04412  0.00828114  0.00702149 -0.00442543 -0.00302451 0.000838698 -0.00389031 -0.0888297  0.0320534 -0.0512448   4.55531 -0.107236  -8.68644 
               165.8  13.7541  55.9599 -151.378  5.25913 0.723603   2.7953 0 0 0   -0.011 -0.02329  0.04412   0.163003 -0.0874944   0.106007 -0.00304183 0.000846543 -0.00389831 -0.0889352  0.0318721 -0.0515324   4.55532 -0.107308  -8.68643 
               165.9 15.0052 55.7898 -149.53  5.27679 0.707984  2.80558 0 0 0   -0.011 -0.02329  0.04412  0.333784 -0.244211   0.17498 -0.00299578  0.00085936 -0.00395825 -0.0893118  0.0320897 -0.0518349   4.55523 -0.107396  -8.68647 
                 166  18.5013  54.8693 -142.299  5.30886 0.688838  2.82773 0 0 0   -0.011 -0.02329  0.04412  0.277637 -0.112701  0.190654 -0.00294604 0.000850603 -0.00410165 -0.0891782   0.032004 -0.0520581  4.55525  -0.1074 -8.68646 
               166.1  22.3901  52.7556 -132.881  5.34164 0.679183  2.84632 0 0 0   -0.011 -0.02329  0.04412  0.056567 0.0129128 0.0660093 -0.00285068 0.000863326  -0.0042233   -0.08891  0.0317958 -0.0517539   4.55533 -0.107329  -8.68642 
               166.2  23.9194   50.787 -127.483  5.36166 0.665144  2.85485 0 0 0   -0.011 -0.02329  0.04412 0.0992728 -0.202132 0.0298038 -0.00296465 0.000912668 -0.00418267 -0.0886657  0.0307724  -0.051374   4.55559 -0.107313  -8.68628 
               166.3  24.5542   50.508 -125.975  5.36249 0.670876  2.84978 0 0 0   -0.011 -0.02329  0.04412  0.0761099  -0.102604 0.00790314 -0.00312125  0.00083428 -0.00400588 -0.0885387   0.030702 -0.0507356   4.55564 -0.107201  -8.68626 
               166.4  27.3333  50.1731 -125.287  5.35625 0.666839  2.84556 0 0 0   -0.011 -0.02329  0.04412 -0.0426691  0.0580092 -0.0262154 -0.00323114 0.000824655 -0.00393966 -0.0889964  0.0317821 -0.0512262   4.55533 -0.107347  -8.68642 
               166.5  24.8734    50.83 -126.634  5.35258 0.676381  2.84587 0 0 0   -0.011 -0.02329  0.04412  0.0256446 -0.0266199 0.00200895  -0.0030304 0.000807273 -0.00383982 -0.0883984  0.0327364 -0.0512027   4.55507 -0.107163  -8.68656 
               166.6  25.0998  50.6247 -126.626  5.34872 0.678695  2.84683 0 0 0   -0.011 -0.02329  0.04412 -0.00135429  0.00411592   0.0051943 -0.00312036 0.000863717 -0.00393416 -0.0883639  0.0328989 -0.0514697   4.55502 -0.107191  -8.68659 
               166.7   25.806  50.6486 -126.281  5.34838 0.680062  2.84536 0 0 0   -0.011 -0.02329  0.04412  -0.0202603   0.0303891 -0.00705062 -0.00317159 0.000810882 -0.00393658 -0.0884175  0.0330282 -0.0513409   4.55499 -0.107187   -8.6866 
               166.8  25.2374  50.7091 -126.643  5.34773 0.680658  2.84179 0 0 0   -0.011 -0.02329  0.04412 -0.00174896   0.0102531 -0.00835862 -0.00311133 0.000840759 -0.00389347 -0.0886884  0.0331281  -0.051198   4.55496 -0.107242  -8.68662 
               166.9  25.1501  50.7305 -126.687   5.3475 0.680325  2.84057 0 0 0   -0.011 -0.02329  0.04412  0.00689587   -0.004782 -0.00548526  -0.0031121 0.000827559  -0.0038977 -0.0887923  0.0330159 -0.0512211   4.55499 -0.107274   -8.6866 
                 167   25.179  50.6564 -126.704   5.3458 0.676077  2.83543 0 0 0   -0.011 -0.02329  0.04412 0.00029735 -0.0129184 -0.0171395 -0.00309264 0.000869717 -0.00389272  -0.089385  0.0329519 -0.0512661   4.55501 -0.107446  -8.68659 
               167.1  25.3802  50.6685 -126.574  5.35298 0.676034  2.84007 0 0 0   -0.011 -0.02329  0.04412   0.0156521 -0.00290131 -0.00251438 -0.00312878 0.000843667 -0.00392002 -0.0887733  0.0324286 -0.0511106   4.55515 -0.107255  -8.68652 
               167.2  25.2763  50.6545 -126.633  5.34711 0.673995  2.84148 0 0 0   -0.011 -0.02329  0.04412 -0.00466728 -0.00660829  0.00383011 -0.00310501 0.000856724  -0.0039101 -0.0889309  0.0327771  -0.051739   4.55505 -0.107387  -8.68657 
               167.3 25.2088  50.699 -126.68  5.34595 0.676061  2.84357 0 0 0   -0.011 -0.02329  0.04412 -0.00215512 -0.00548514  0.00987942 -0.00310572 0.000843252 -0.00389636 -0.0886614  0.0330043  -0.051778   4.55499 -0.107317   -8.6866 
               167.4  25.2578  50.6981 -126.651 5.34633 0.68055  2.8445 0 0 0   -0.011 -0.02329  0.04412 0.00511334 0.00275169  0.0113068 -0.00312773 0.000841197 -0.00391048 -0.0883697  0.0332493 -0.0515678   4.55493 -0.107206  -8.68663 
               167.5  25.3136  50.7107 -126.617  5.34911 0.680727  2.84621 0 0 0   -0.011 -0.02329  0.04412 0.00959621 0.00554809  0.0127289 -0.00312444  0.00082778 -0.00390592 -0.0883183  0.0330301 -0.0514555   4.55499 -0.107178   -8.6866 
               167.6  25.3611  50.6615 -126.622  5.34525 0.676924  2.84369 0 0 0   -0.011 -0.02329  0.04412 -0.00880634 0.000748525   0.0011413  -0.0031345 0.000855051 -0.00390613 -0.0889159  0.0331532 -0.0517084   4.55495 -0.107375  -8.68662 
               167.7  25.3085  50.7108 -126.625  5.34623 0.674633  2.84387 0 0 0   -0.011 -0.02329  0.04412 0.00112588 -0.0119816 0.00313628 -0.00312578 0.000831243 -0.00390539 -0.0889852  0.0330202 -0.0516707   4.55499 -0.107389   -8.6866 
               167.8  25.2838  50.7452 -126.597 5.34906 0.67956  2.8478 0 0 0   -0.011 -0.02329  0.04412   0.0163646 -0.00521168   0.0158161 -0.00312468 0.000808453 -0.00392185 -0.0883426  0.0331308 -0.0514792   4.55496 -0.107188  -8.68662 
               167.9  25.2567   50.708 -126.648  5.35063 0.681519  2.84632 0 0 0   -0.011 -0.02329  0.04412  0.0153782 0.00500845 0.00755665 -0.00311008 0.000835918 -0.00390321 -0.0884138  0.0332568  -0.051238   4.55493 -0.107173  -8.68663 
                 168  25.3725  50.7185 -126.575  5.35185 0.678178  2.85022 0 0 0   -0.011 -0.02329  0.04412 0.0070262 0.0027086 0.0140134 -0.00311935 0.000820392 -0.00390846 -0.0884537  0.0329633 -0.0515548    4.555 -0.10723 -8.68659 
               168.1  25.3189  50.6953 -126.614  5.35406 0.678131  2.84914 0 0 0   -0.011 -0.02329  0.04412   0.0160439 -0.00261731  0.00954102 -0.00312531 0.000835919 -0.00391406 -0.0885555   0.033045 -0.0513404   4.55498 -0.107227   -8.6866 
               168.2   25.322   50.721 -126.598  5.35132 0.677106  2.85259 0 0 0   -0.011 -0.02329  0.04412  0.0105338 -0.0153218  0.0187563 -0.00314424 0.000820819  -0.0039271 -0.0885375  0.0331773 -0.0517749   4.55495 -0.107281  -8.68662 
               168.3 25.3047 50.7191 -126.64  5.35118 0.680838  2.85151 0 0 0   -0.011 -0.02329  0.04412  0.00686592 0.000821949    0.010094 -0.00313708 0.000829234  -0.0039016 -0.0884561  0.0335483 -0.0515217   4.55485 -0.107221  -8.68668 
               168.4  25.4382  50.7127 -126.532 5.34883 0.67622 2.84879 0 0 0   -0.011 -0.02329  0.04412  -0.0078715  -0.0048814 -0.00217367 -0.00314096 0.000817638 -0.00392364 -0.0890211  0.0335201 -0.0516732   4.55485 -0.107392  -8.68667 
               168.5  25.3456  50.7066 -126.591  5.35076 0.673463  2.84858 0 0 0   -0.011 -0.02329  0.04412  0.00220788  -0.0139583 -0.00230655 -0.00312532 0.000830847 -0.00391538 -0.0890687  0.0333383 -0.0515803    4.5549 -0.107393  -8.68665 
               168.6  25.2698  50.7416 -126.616  5.35003 0.672581  2.84855 0 0 0   -0.011 -0.02329  0.04412   0.0056165  -0.0219251 0.000264859 -0.00311238 0.000816957 -0.00391417  -0.089038  0.0334541 -0.0516301   4.55487 -0.107391  -8.68666 
               168.7  25.2585  50.7202 -126.648  5.34959 0.679966  2.84938 0 0 0   -0.011 -0.02329  0.04412  0.0032652 0.00426302 0.00270059 -0.00311086 0.000833285 -0.00390698 -0.0884706  0.0339992 -0.0514089   4.55473 -0.107208  -8.68674 
               168.8  25.3443  50.7239 -126.589  5.34292 0.678407   2.8442 0 0 0   -0.011 -0.02329  0.04412  -0.017166 0.00351607 -0.0107825 -0.00310781 0.000825938 -0.00391634 -0.0890759  0.0343802 -0.0516302   4.55463 -0.107393  -8.68679 
               168.9  25.2999  50.6882 -126.646  5.34866 0.679521  2.84407 0 0 0   -0.011 -0.02329  0.04412  0.00405737  0.00685895 -0.00866305 -0.00311075 0.000851116 -0.00391051 -0.0888045  0.0340443 -0.0511834   4.55472 -0.107264  -8.68674 
                 169  25.2207  50.6916 -126.671  5.34677 0.677282  2.84154 0 0 0   -0.011 -0.02329  0.04412  0.00293615 -0.00643398  -0.0101863 -0.00309666 0.000852989 -0.00391216 -0.0891207  0.0340778 -0.0513411   4.55471 -0.107368  -8.68675 
               169.1  25.2432  50.6996 -126.662  5.3479 0.67448 2.84031 0 0 0   -0.011 -0.02329  0.04412  0.00786383  -0.0158838 -0.00996736 -0.00310789 0.000848246 -0.00391533 -0.0892433  0.0338775 -0.0513506   4.55476 -0.107402  -8.68672 
               169.2  25.3501  50.6875 -126.586  5.34896 0.675658  2.84346 0 0 0   -0.011 -0.02329  0.04412  0.00612769 -0.00474993 0.000313271  -0.0031241 0.000841115 -0.00393382 -0.0888314  0.0338842 -0.0514669   4.55476 -0.107312  -8.68672 
               169.3  25.4055  50.7572 -126.552 5.34665 0.67732 2.84948 0 0 0   -0.011 -0.02329  0.04412 -0.0753666 -0.0835216 0.00171002 -0.00313282 0.000801163 -0.00392407 -0.0884013  0.0340748 -0.0518058   4.55471 -0.107244  -8.68675 
               169.4  25.2487  50.2109 -126.662   5.3236 0.656116  2.83732 0 0 0   -0.011 -0.02329  0.04412 -0.421088 -0.371582 -0.237989 -0.00311872  0.00087556 -0.00391777 -0.0887618  0.0343123 -0.0516216  4.55465 -0.10731 -8.68678 
               169.5  24.4552  49.6619 -127.158  5.27552 0.613048  2.80729 0 0 0   -0.011 -0.02329  0.04412  -0.47879 -0.391279 -0.231851 -0.00309553 0.000869993 -0.00389882 -0.0889189  0.0343428 -0.0514412   4.55464 -0.107326  -8.68678 
               169.6 24.6237 49.8375 -126.91  5.23162 0.569147   2.7804 0 0 0   -0.011 -0.02329  0.04412 -0.249579 -0.325695 -0.142549 -0.00310299 0.000830906 -0.00392778 -0.0897206  0.0340137 -0.0517093  4.55472 -0.10757 -8.68674 
               169.7  25.3641  49.8875 -126.415  5.22063 0.565092  2.77713 0 0 0   -0.011 -0.02329  0.04412 0.0395844   0.15168 0.0415036 -0.00313696 0.000838156 -0.00392917 -0.0890327  0.0345927 -0.0515911   4.55458 -0.107373  -8.68682 
               169.8  24.7226  50.0774 -126.671  5.22229 0.573733  2.78087 0 0 0   -0.011 -0.02329  0.04412 -0.00608465   0.0327617   0.0311545 -0.00310901 0.000843013 -0.00391378 -0.0888268  0.0350831 -0.0516482   4.55445 -0.107324  -8.68688 
               169.9  23.6146  49.5258 -127.621  5.21086 0.560468  2.77623 0 0 0   -0.011 -0.02329  0.04412  -0.38974 -0.351207  -0.18313  -0.0030826  0.00088347 -0.00390107 -0.0888268  0.0342865  -0.051161   4.55466 -0.107267  -8.68678 
                 170  23.8824  48.4024 -128.263  5.16003 0.513668  2.74275 0 0 0   -0.011 -0.02329  0.04412  -0.43349 -0.348764 -0.160087 -0.00314398 0.000893461 -0.00391124 -0.0887326  0.0341645 -0.0512326   4.55469 -0.107253  -8.68676 
               170.1  25.1529  50.7133 -126.748  5.11258 0.471224  2.72392 0 0 0   -0.011 -0.02329  0.04412 -0.332484 -0.257176 -0.136366 -0.00313712 0.000740339 -0.00394543 -0.0892021  0.0340393 -0.0517011   4.55472 -0.107433  -8.68674 
               170.2  24.4128  49.6486 -127.449  5.07754 0.440131  2.71311 0 0 0   -0.011 -0.02329  0.04412 -0.372664 -0.266839 -0.141953 -0.00311522 0.000868619 -0.00393745  -0.089018  0.0342227 -0.0519643   4.55467 -0.107418  -8.68677 
               170.3  23.1376  49.2014 -128.376  5.03944 0.411661  2.69055 0 0 0   -0.011 -0.02329  0.04412 -0.409455 -0.331588 -0.193454 -0.00306866  0.00092968 -0.00390124 -0.0895173  0.0344534 -0.0515968   4.55461 -0.107497   -8.6868 
               170.4  23.6537  48.6058 -128.159  5.00209 0.376941  2.66922 0 0 0   -0.011 -0.02329  0.04412 -0.339517 -0.381679 -0.171862 -0.00312299 0.000907327 -0.00393656 -0.0894499  0.0340213 -0.0512514   4.55472 -0.107441  -8.68674 
               170.5  24.4746  48.5961 -127.916  4.96184 0.343267  2.64968 0 0 0   -0.011 -0.02329  0.04412 -0.386137 -0.284946 -0.176145 -0.00314996 0.000905212 -0.00389775 -0.0897475  0.0345222 -0.0513547   4.55459 -0.107524  -8.68681 
               170.6  23.4868  48.2317 -128.431   4.9162 0.315961  2.62732 0 0 0   -0.011 -0.02329  0.04412 -0.406996 -0.347035 -0.203249 -0.00312186 0.000902194 -0.00392457 -0.0897461  0.0350983 -0.0513383   4.55445 -0.107516  -8.68688 
               170.7  23.9713  48.1694 -128.219  4.87384 0.275542  2.60487 0 0 0   -0.011 -0.02329  0.04412 -0.406522 -0.396963 -0.186383 -0.00310457 0.000884918 -0.00394133 -0.0896721  0.0350368 -0.0514929   4.55446 -0.107516  -8.68687 
               170.8  23.3645  48.6438 -128.491  4.83574 0.238847  2.58664 0 0 0   -0.011 -0.02329  0.04412 -0.394254 -0.328126 -0.194955 -0.00306349 0.000893998 -0.00390084 -0.0897297  0.0348893 -0.0515108    4.5545 -0.107534  -8.68686 
               170.9  22.8952  48.3927 -128.879  4.79731 0.208077  2.56306 0 0 0   -0.011 -0.02329  0.04412 -0.380775 -0.405415 -0.219467 -0.00308644 0.000891602 -0.00390518 -0.0894952  0.0351443 -0.0512228   4.55444 -0.107439  -8.68689 
                 171  22.9683  48.4158 -128.879  4.75744 0.172152  2.54418 0 0 0   -0.011 -0.02329  0.04412 -0.443239 -0.258605 -0.204381 -0.00311572 0.000879358 -0.00393804 -0.0893418  0.0347781 -0.0513128   4.55453 -0.107415  -8.68684 
               171.1  22.9652    48.66 -128.886  4.72176 0.142528  2.52555 0 0 0   -0.011 -0.02329  0.04412 -0.340961 -0.345463 -0.163788 -0.00308349  0.00086258 -0.00390611 -0.0890647  0.0349922 -0.0509145   4.55448 -0.107296  -8.68687 
               171.2  22.1342  48.6451 -129.492   4.6765 0.109354  2.50244 0 0 0   -0.011 -0.02329  0.04412 -0.469039 -0.329125 -0.253558 -0.00308663  0.00087316  -0.0039038 -0.0893685  0.0349635 -0.0510775   4.55448 -0.107391  -8.68686 
               171.3  23.2146  48.5171 -128.957   4.63403 0.0652352   2.47399 0 0 0   -0.011 -0.02329  0.04412 -0.407768 -0.409192 -0.257916  -0.0031197 0.000910184 -0.00393418 -0.0901443  0.0349319 -0.0511001   4.55448 -0.107586  -8.68686 
               171.4  22.1783  48.8691 -129.472   4.59818 0.0228596   2.45755 0 0 0   -0.011 -0.02329  0.04412 -0.338027 -0.372849 -0.147218 -0.00308613 0.000852407 -0.00391719 -0.0902184  0.0346189 -0.0513859   4.55456 -0.107642  -8.68682 
               171.5   20.943  48.6564 -130.472    4.55412 -0.0103262    2.43027 0 0 0   -0.011 -0.02329  0.04412 -0.429325 -0.379551 -0.232844   -0.003064 0.000939941 -0.00388838 -0.0904411  0.0347719 -0.0512522   4.55451 -0.107679  -8.68685 
               171.6  22.5383  48.7351 -129.583   4.51499 -0.049381   2.41217 0 0 0   -0.011 -0.02329  0.04412 -0.415558 -0.372317 -0.260406 -0.00313857 0.000881699 -0.00395758   -0.09027  0.0349167 -0.0514684   4.55448 -0.107661  -8.68686 
               171.7  21.0264  48.7152 -130.276    4.46895 -0.0801491    2.39108 0 0 0   -0.011 -0.02329  0.04412 -0.417005 -0.334495 -0.216254 -0.00306624 0.000901312  -0.0039245 -0.0897393  0.0355034 -0.0515759   4.55435 -0.107536  -8.68693 
               171.8   20.991  49.1251 -130.427   4.42875 -0.115217   2.37221 0 0 0   -0.011 -0.02329  0.04412 -0.404629  -0.38957 -0.219112 -0.00309866 0.000890686 -0.00391568 -0.0897771  0.0354136 -0.0516838   4.55438 -0.107559  -8.68692 
               171.9  20.7479  48.8661 -130.642   4.39168 -0.142854   2.35626 0 0 0   -0.011 -0.02329  0.04412 -0.429307 -0.319766 -0.174732 -0.00311378 0.000882663 -0.00393181 -0.0892709  0.0353821  -0.051476   4.55439 -0.107414  -8.68691 
                 172  20.8232  48.8455 -130.668   4.35311 -0.181916   2.33221 0 0 0   -0.011 -0.02329  0.04412 -0.488193 -0.365988 -0.281298 -0.00307779 0.000892433 -0.00391512 -0.0896052  0.0349155 -0.0511649   4.55449 -0.107464  -8.68686 
               172.1  20.832 49.0189 -130.57   4.30448 -0.219688   2.30741 0 0 0   -0.011 -0.02329  0.04412 -0.469539 -0.307047 -0.195701 -0.00308567 0.000888917 -0.00394429 -0.0897334  0.0348209 -0.0513612   4.55451 -0.107519  -8.68685 
               172.2  21.7938  49.4252 -129.718   4.25626 -0.248101   2.28171 0 0 0   -0.011 -0.02329  0.04412  -0.36916 -0.335822 -0.197323 -0.00311109 0.000860166 -0.00396013 -0.0899939  0.0351735 -0.0512989   4.55443 -0.107567  -8.68689 
               172.3  23.0512  49.1802 -129.456    4.2221 -0.281453   2.26839 0 0 0   -0.011 -0.02329  0.04412 -0.403136 -0.306191  -0.21172 -0.00317264 0.000898888 -0.00393767 -0.0893309  0.0354621 -0.0513981   4.55437 -0.107419  -8.68692 
               172.4  20.7594  49.4475 -130.718    4.1809 -0.317849   2.24445 0 0 0   -0.011 -0.02329  0.04412 -0.448871 -0.346617 -0.224381 -0.00306789 0.000899348 -0.00389339 -0.0894815  0.0349339 -0.0511813   4.55449 -0.107438  -8.68686 
               172.5  21.8663  49.7262 -130.121    4.1326 -0.351157   2.22269 0 0 0   -0.011 -0.02329  0.04412 -0.349473 -0.361644 -0.159511 -0.00315028 0.000855382 -0.00394296 -0.0894958  0.0354763 -0.0515566   4.55437 -0.107475  -8.68693 
               172.6  21.5054  49.8102 -130.515   4.08989 -0.383962   2.19846 0 0 0   -0.011 -0.02329  0.04412 -0.486938 -0.308487 -0.289943 -0.00308664 0.000905074 -0.00392047  -0.089822  0.0355212 -0.0513669   4.55435 -0.107528  -8.68693 
               172.7  21.6754  49.8406 -130.384   4.04026 -0.416365   2.16608 0 0 0   -0.011 -0.02329  0.04412 -0.421726   -0.3875 -0.280911 -0.00310244 0.000874949 -0.00393169 -0.0900621   0.035799 -0.0511952   4.55428 -0.107558  -8.68697 
               172.8  22.4715   50.368 -130.055    3.9927 -0.454419   2.13615 0 0 0   -0.011 -0.02329  0.04412 -0.483295 -0.330512 -0.276362 -0.00311613 0.000850554 -0.00391377 -0.0901287  0.0361011 -0.0513197   4.55421 -0.107582  -8.68701 
               172.9  21.9126   51.124 -130.186   3.95207 -0.480971   2.11272 0 0 0   -0.011 -0.02329  0.04412 -0.454222 -0.279687 -0.234288 -0.00309343 0.000846131 -0.00390024 -0.0898659  0.0360596 -0.0509632   4.55423 -0.107481    -8.687 
                 173  22.4981  50.7817 -129.854  3.91601 -0.51317  2.09412 0 0 0   -0.011 -0.02329  0.04412 -0.420137 -0.277393 -0.189107 -0.00312087 0.000866698 -0.00394168 -0.0894905  0.0355437 -0.0509432   4.55435 -0.107405  -8.68693 
               173.1  22.4609  50.7022 -129.932    3.8712 -0.548744   2.07005 0 0 0   -0.011 -0.02329  0.04412 -0.394477 -0.389304 -0.209816 -0.00313695  0.00090739 -0.00394528 -0.0898504   0.035241 -0.0513655   4.55441 -0.107542   -8.6869 
               173.2  23.3909  50.7479 -129.557   3.82342 -0.582429     2.038 0 0 0   -0.011 -0.02329  0.04412 -0.448531  -0.29476 -0.261086 -0.00312324 0.000897015 -0.00392201 -0.0906111  0.0357603 -0.0513422   4.55428 -0.107697  -8.68697 
               173.3  23.1951    50.82 -129.686   3.78282 -0.617815   2.01778 0 0 0   -0.011 -0.02329  0.04412 -0.429865 -0.288855 -0.262664 -0.00307719  0.00088278 -0.00390848 -0.0904495  0.0354302 -0.0515482   4.55435 -0.107693  -8.68693 
               173.4  22.6769  50.6508 -130.064   3.73871 -0.644428   1.99468 0 0 0   -0.011 -0.02329  0.04412 -0.407918 -0.352454 -0.229744 -0.00299624 0.000885067 -0.00387748 -0.0897775  0.0356653 -0.0515024   4.55431 -0.107534  -8.68695 
               173.5  23.4699  50.8099 -129.771   3.69673 -0.674567   1.97756 0 0 0   -0.011 -0.02329  0.04412 -0.365809  -0.35352 -0.219928 -0.00298503 0.000914849 -0.00389419 -0.0895534   0.035666 -0.0518052   4.55432 -0.107519  -8.68695 
               173.6  23.4797  50.3359 -129.911    3.6556 -0.705267   1.95644 0 0 0   -0.011 -0.02329  0.04412 -0.477206 -0.249158 -0.244094 -0.00298059 0.000953709  -0.0039031 -0.0893241  0.0358896 -0.0519907   4.55427 -0.107484  -8.68698 
               173.7  22.5764  50.3983 -130.506   3.61861 -0.741376   1.93967 0 0 0   -0.011 -0.02329  0.04412 -0.335487 -0.433525 -0.229067 -0.00295599 0.000938247 -0.00387039 -0.0891424  0.0352321 -0.0522041   4.55441 -0.107485   -8.6869 
               173.8  22.7081  50.1045 -130.613    3.5747 -0.776515   1.91266 0 0 0   -0.011 -0.02329  0.04412 -0.513049 -0.264442 -0.266103 -0.00296461 0.000974364 -0.00388484 -0.0893825  0.0351942 -0.0520522   4.55442 -0.107522   -8.6869 
               173.9  23.1873  50.4552 -130.045   3.52593 -0.807457    1.8864 0 0 0   -0.011 -0.02329  0.04412 -0.435728 -0.331117 -0.257484   -0.002956 0.000930886 -0.00389678 -0.0897726  0.0357267 -0.0521512   4.55429 -0.107604  -8.68696 
                 174  22.8833  50.3747 -130.369   3.48278 -0.837561   1.85965 0 0 0   -0.011 -0.02329  0.04412 -0.415841 -0.428625 -0.258695 -0.00294365 0.000968974 -0.00387177 -0.0897914  0.0357542 -0.0519537   4.55429 -0.107586  -8.68696 
               174.1  24.2156  50.3266 -129.726   3.44627 -0.875287   1.83601 0 0 0   -0.011 -0.02329  0.04412 -0.432899 -0.357186 -0.215043 -0.00301961 0.000939952 -0.00392386 -0.0895382   0.035378 -0.0517094   4.55438 -0.107514  -8.68692 
               174.2  23.6267   50.714 -129.999 3.40444 -0.9073  1.8147 0 0 0   -0.011 -0.02329  0.04412  -0.42763 -0.305432 -0.233372  -0.0029755 0.000945407   -0.003893 -0.0895182  0.0355894 -0.0517478   4.55433 -0.107508  -8.68694 
               174.3  23.2427  50.5198 -130.363   3.36073 -0.941407   1.79486 0 0 0   -0.011 -0.02329  0.04412 -0.472536 -0.311453 -0.226605 -0.00296404 0.000965661 -0.00390272 -0.0894197  0.0354859 -0.0520683   4.55435 -0.107524  -8.68693 
               174.4  23.3857  50.7029 -130.155   3.31736 -0.970802   1.77262 0 0 0   -0.011 -0.02329  0.04412 -0.364478 -0.380466 -0.204567 -0.00295683 0.000936267 -0.00389274 -0.0891409  0.0358229  -0.051883   4.55429 -0.107435  -8.68697 
               174.5  23.5621  50.6902 -130.292   3.27001 -0.999637    1.7544 0 0 0   -0.011 -0.02329  0.04412  -0.49735 -0.248063 -0.247652 -0.00298704  0.00091491  -0.0039038 -0.0891962  0.0357549 -0.0522774    4.5543 -0.107491  -8.68696 
               174.6  24.7574  50.2421 -129.721   3.233 -1.0314 1.73023 0 0 0   -0.011 -0.02329  0.04412 -0.335961  -0.38313 -0.183731 -0.00301572 0.000933647 -0.00393093  -0.088939  0.0361194 -0.0518655   4.55423 -0.107382    -8.687 
               174.7  22.4994  50.7653 -131.138  3.19504 -1.06256  1.70462 0 0 0   -0.011 -0.02329  0.04412 -0.419782 -0.339182 -0.251666 -0.00285714 0.000912116 -0.00380825 -0.0890193  0.0361182  -0.051549   4.55424 -0.107366    -8.687 
               174.8  23.3444  50.4283 -130.609  3.15491 -1.09346  1.68186 0 0 0   -0.011 -0.02329  0.04412 -0.367241 -0.290225 -0.205051 -0.00297356 0.000926102 -0.00390263  -0.089024  0.0360711 -0.0514767   4.55425 -0.107361  -8.68699 
               174.9  23.2499  50.4857 -130.758  3.11548 -1.12371  1.66379 0 0 0   -0.011 -0.02329  0.04412 -0.379227 -0.267289 -0.200531 -0.00298705 0.000915303 -0.00388213 -0.0890884  0.0359493 -0.0517742   4.55427 -0.107409  -8.68698 
                 175  23.1783   50.228 -130.962  3.06508 -1.15497  1.64225 0 0 0   -0.011 -0.02329  0.04412 -0.452921 -0.317829 -0.238426 -0.00297813 0.000929973 -0.00388471 -0.0894297  0.0365286 -0.0524862   4.55413 -0.107537  -8.68705 
               175.1 22.7723 50.1096 -131.38  3.02304 -1.19114  1.61552 0 0 0   -0.011 -0.02329  0.04412 -0.389496 -0.385088 -0.236634 -0.00296763 0.000920039 -0.00385605 -0.0896792  0.0362106 -0.0522071  4.55419 -0.10757 -8.68702 
               175.2  23.2755  50.4831 -131.085  2.97963 -1.22785  1.59098 0 0 0   -0.011 -0.02329  0.04412 -0.453184 -0.289786 -0.211154 -0.00298487 0.000907998  -0.0038873 -0.0901149  0.0362231 -0.0522767   4.55418 -0.107668  -8.68702 
               175.3  22.7853  50.4348 -131.348  2.93643 -1.25865  1.56334 0 0 0   -0.011 -0.02329  0.04412 -0.424528 -0.395354 -0.290384 -0.00298202 0.000894688 -0.00387516 -0.0900887  0.0365836 -0.0519362   4.55411 -0.107617  -8.68706 
               175.4   22.455  50.5292 -131.584  2.88861 -1.29383  1.53557 0 0 0   -0.011 -0.02329  0.04412 -0.437569 -0.338614 -0.272421 -0.00292067 0.000905676 -0.00384419 -0.0903436   0.036504 -0.0519843   4.55412 -0.107677  -8.68705 
               175.5  23.5928   50.613 -130.813  2.85385 -1.32915  1.51201 0 0 0   -0.011 -0.02329  0.04412 -0.439152 -0.304125 -0.254962 -0.00296671 0.000914161 -0.00386612 -0.0898998  0.0363798 -0.0516341   4.55416 -0.107555  -8.68703 
               175.6  22.0288  50.8736 -131.627  2.80882 -1.35199   1.4987 0 0 0   -0.011 -0.02329  0.04412 -0.399649 -0.240859   -0.1987  -0.0029227 0.000928749 -0.00384022 -0.0893345  0.0367962 -0.0521508   4.55408 -0.107478  -8.68707 
               175.7 22.3244 50.4838 -131.66  2.77115 -1.38249  1.48531 0 0 0   -0.011 -0.02329  0.04412 -0.414963 -0.339841 -0.179116 -0.00298464 0.000935926 -0.00388598 -0.0890585   0.036008  -0.052243   4.55425 -0.107455  -8.68699 
               175.8  23.0505  49.8801 -131.622  2.73053 -1.41454  1.45851 0 0 0   -0.011 -0.02329  0.04412  -0.40366 -0.315571 -0.177971 -0.0029993 0.00095086 -0.0038761 -0.0892356  0.0362401 -0.0518189    4.5542 -0.107441  -8.68701 
               175.9  22.7115  50.3751 -131.821  2.68585 -1.44127  1.43869 0 0 0   -0.011 -0.02329  0.04412 -0.417588 -0.252965 -0.205743  -0.0029674  0.00095407 -0.00385288  -0.089177  0.0366728 -0.0519783   4.55412 -0.107432  -8.68706 
                 176  22.5405  50.0722 -131.971  2.6395 -1.4694 1.41723 0 0 0   -0.011 -0.02329  0.04412  -0.42656 -0.320716 -0.238733 -0.00296717 0.000939287 -0.00386588 -0.0891959  0.0367341 -0.0522102    4.5541 -0.107456  -8.68707 
               176.1  23.6026  50.1007 -131.541  2.59938 -1.50442  1.39633 0 0 0   -0.011 -0.02329  0.04412 -0.482635 -0.277905 -0.248556 -0.00302989  0.00089529 -0.00388529 -0.0890743  0.0368098 -0.0521717   4.55409 -0.107425  -8.68707 
               176.2  21.6849  50.0651 -132.529  2.55206 -1.53462  1.36259 0 0 0   -0.011 -0.02329  0.04412 -0.362114 -0.380641 -0.205675 -0.00290248 0.000959123 -0.00385152 -0.0899398  0.0369433 -0.0517352   4.55404 -0.107553  -8.68709 
               176.3  23.2966  50.3624 -131.862  2.52024 -1.57392  1.34796 0 0 0   -0.011 -0.02329  0.04412 -0.356689  -0.32109 -0.193517 -0.00299959 0.000875181 -0.00386651 -0.0897005  0.0360229 -0.0518524   4.55423 -0.107547    -8.687 
               176.4  22.1592  49.5188 -132.763  2.47344 -1.60534  1.31688 0 0 0   -0.011 -0.02329  0.04412 -0.458189 -0.282222 -0.249452 -0.00292302  0.00106893 -0.00384434 -0.0902065  0.0369002 -0.0517209   4.55405 -0.107606  -8.68709 
               176.5  21.4118  50.2005 -133.063  2.43017 -1.63879   1.2981 0 0 0   -0.011 -0.02329  0.04412 -0.416214 -0.345852 -0.248013 -0.00291062 0.000894779 -0.00383007 -0.0897283    0.03663  -0.051981   4.55411 -0.107545  -8.68706 
               176.6  21.7346  50.2908 -132.849  2.38537 -1.66832  1.27707 0 0 0   -0.011 -0.02329  0.04412 -0.468309 -0.312079 -0.256079 -0.00294283 0.000926948 -0.00384397 -0.0896957   0.036565 -0.0520556   4.55412 -0.107547  -8.68705 
               176.7  22.6656  50.2191 -132.281 2.34229 -1.7026 1.25533 0 0 0   -0.011 -0.02329  0.04412 -0.433115 -0.330143 -0.225827 -0.00297342 0.000924146 -0.00389612 -0.0898861  0.0366595 -0.0521858    4.5541 -0.107594  -8.68707 
               176.8  21.5623   50.363 -133.075    2.298 -1.72667  1.23406 0 0 0   -0.011 -0.02329  0.04412  -0.39455 -0.411672 -0.221187 -0.00291164 0.000905909 -0.00382618  -0.089368  0.0369746 -0.0520639  4.55405 -0.10747 -8.68709 
               176.9  22.9785  50.2629 -132.427  2.25411 -1.76386  1.20829 0 0 0   -0.011 -0.02329  0.04412 -0.437949 -0.237566 -0.168634 -0.00299943 0.000901444 -0.00386714 -0.0896216  0.0369568 -0.0521009   4.55405 -0.107523  -8.68709 
                 177  22.3172  50.6296 -132.674 2.21731 -1.7978  1.1942 0 0 0   -0.011 -0.02329  0.04412 -0.382543  -0.26604 -0.190456 -0.00294871 0.000868723 -0.00385783  -0.089234  0.0368547 -0.0522911   4.55408 -0.107469  -8.68708 
               177.1 20.8621 50.4936 -133.41  2.16998 -1.82271  1.16321 0 0 0   -0.011 -0.02329  0.04412 -0.458964 -0.326362 -0.255196 -0.00294676 0.000934469 -0.00385507 -0.0897732  0.0370943 -0.0518745   4.55402 -0.107526  -8.68711 
               177.2  22.8207  50.6078 -132.594  2.12723 -1.85226   1.1361 0 0 0   -0.011 -0.02329  0.04412 -0.396893 -0.354868 -0.249789 -0.00304227 0.000857864 -0.00388086 -0.0896428  0.0374384 -0.0515158   4.55397 -0.107456  -8.68714 
               177.3  22.2055  50.8258 -132.918  2.08694 -1.89239  1.10392 0 0 0   -0.011 -0.02329  0.04412 -0.456719 -0.368738 -0.272158 -0.00296134 0.000911432 -0.00383254  -0.089952  0.0374569 -0.0513731   4.55395 -0.107501  -8.68714 
               177.4  20.9331  51.4022 -133.294  2.03701 -1.92619  1.07762 0 0 0   -0.011 -0.02329  0.04412 -0.422517 -0.331117 -0.259232 -0.00290929 0.000924569 -0.00382923 -0.0901798  0.0376503 -0.0517985    4.5539 -0.107575  -8.68717 
               177.5  21.6789  51.4211 -132.723  1.99422 -1.96174  1.05818 0 0 0   -0.011 -0.02329  0.04412 -0.390198 -0.334911 -0.206314 -0.00300295 0.000924246 -0.00388515 -0.0899897  0.0370939 -0.0520896   4.55401 -0.107587  -8.68711 
               177.6  22.0049  51.6004 -132.619 1.95368 -1.9924 1.03423 0 0 0   -0.011 -0.02329  0.04412  -0.45864  -0.30377 -0.274557 -0.00297017 0.000896917 -0.00385143 -0.0896616  0.0373217 -0.0518732   4.55398 -0.107498  -8.68713 
               177.7  21.2136  51.8565 -132.961   1.9163 -2.02925   1.0083 0 0 0   -0.011 -0.02329  0.04412 -0.249897 -0.304966 -0.196094 -0.00293948 0.000907298 -0.00383216 -0.0896619  0.0372878 -0.0518798  4.55399  -0.1075 -8.68712 
               177.8  20.3988  52.8342 -133.275  1.89693 -2.04803 0.993046 0 0 0   -0.011 -0.02329  0.04412  0.0316767  -0.137606 -0.0358968  -0.0029458 0.000889686  -0.0038495 -0.0903165  0.0376251 -0.0520958    4.5539 -0.107628  -8.68717 
               177.9  20.7433  52.8402 -132.536   1.9224 -2.04855  1.00995 0 0 0   -0.011 -0.02329  0.04412 0.302131 0.167563 0.299395 -0.00292529 0.000860104 -0.00388711 -0.0897684  0.0362136 -0.0517307   4.55418 -0.107545  -8.68702 
                 178  24.0202   50.968 -127.763  1.95932 -2.05949  1.04987 0 0 0   -0.011 -0.02329  0.04412  0.327198 -0.271081 0.0754129 -0.00289977 0.000935063 -0.00406952 -0.0887353   0.035494 -0.0524481   4.55433 -0.107459  -8.68694 
               178.1  25.4858  48.0572 -122.029  1.97111 -2.07025  1.03415 0 0 0   -0.011 -0.02329  0.04412 -0.0575711 -0.0266008 -0.0444114  -0.0028675 0.000953336 -0.00412977 -0.0893586  0.0368219 -0.0512422   4.55409 -0.107404  -8.68707 
               178.2  24.2008  49.3053 -121.616  1.95691 -2.05845  1.03757 0 0 0   -0.011 -0.02329  0.04412 -0.0337777 -0.0109321  0.0240501 -0.00293011 0.000748122 -0.00394071 -0.0889926  0.0371635 -0.0517299  4.55402 -0.10738 -8.68711 
               178.3 26.4011 48.7211 -121.28  1.95542 -2.05729  1.03784 0 0 0   -0.011 -0.02329  0.04412 -0.0143496 -0.0138769 0.00453778 -0.00307601 0.000853726 -0.00394833 -0.0887845  0.0373843  -0.051579  4.55398 -0.10732 -8.68713 
               178.4  25.1827  49.0156 -122.005  1.97355 -2.05209  1.04377 0 0 0   -0.011 -0.02329  0.04412   0.297182 -0.0174491   0.180761 -0.00295471 0.000827811  -0.0038624 -0.0883255    0.03718 -0.0507366   4.55402 -0.107127  -8.68711 
               178.5  26.7744   47.988 -118.851 2.01702 -2.0471 1.07133 0 0 0   -0.011 -0.02329  0.04412  0.435615 0.0717058  0.289795  -0.0029611 0.000769559  -0.0040192 -0.0874871  0.0362691 -0.0503708    4.5542 -0.106899  -8.68702 
               178.6  28.6506  45.6241 -113.149  2.05356 -2.04379  1.09317 0 0 0   -0.011 -0.02329  0.04412  0.250623 0.0604921  0.101985 -0.00284171 0.000806409 -0.00412017   -0.08789  0.0369393 -0.0504937   4.55406 -0.107011  -8.68709 
               178.7 28.3118 43.1023 -108.66 2.07253 -2.0567 1.09625 0 0 0   -0.011 -0.02329  0.04412 -0.0313901   0.044856 -0.0197533 -0.00277241 0.000835596 -0.00414034 -0.0888939  0.0366745 -0.0507073   4.55415 -0.107245  -8.68704 
               178.8  27.7661  42.9502 -107.678  2.05124 -2.06477  1.09093 0 0 0   -0.011 -0.02329  0.04412 -0.0428366  -0.271266 -0.0210782 -0.00294479 0.000756826 -0.00405817 -0.0898705  0.0367014  -0.051372   4.55419 -0.107548  -8.68702 
               178.9  31.1661  41.6582 -106.482  2.04157 -2.10926     1.07 0 0 0   -0.011 -0.02329  0.04412 -0.336892 -0.573469 -0.232175 -0.00313875 0.000835634 -0.00410983 -0.0902868  0.0368759 -0.0506102   4.55415 -0.107558  -8.68704 
                 179  29.1496   42.239 -106.715  2.00048 -2.17561  1.05204 0 0 0   -0.011 -0.02329  0.04412 -0.248611  -0.69681   -0.2369 -0.00292936 0.000773941 -0.00403761 -0.0899537  0.0370372  -0.051708   4.55413 -0.107633  -8.68705 
               179.1  30.2354  43.1415 -105.949  1.98132 -2.24324  1.02314 0 0 0   -0.011 -0.02329  0.04412 -0.0517768  -0.656196  -0.195949 -0.00300786 0.000734458 -0.00406075  -0.089977  0.0371234 -0.0514063    4.5541 -0.107609  -8.68706 
               179.2  30.2609  44.7588 -104.464   1.9678 -2.27475   1.0112 0 0 0   -0.011 -0.02329  0.04412  -0.123782  0.0895486 -0.0308282 -0.00295971 0.000710222 -0.00404806 -0.0899613  0.0375119 -0.0514833   4.55401 -0.107654  -8.68711 
               179.3  29.6468  45.6813 -104.215  1.97291 -2.25575  1.02646 0 0 0   -0.011 -0.02329  0.04412 -0.120457   0.26269  0.108188  -0.0029743 0.000698413 -0.00406536 -0.0892695  0.0368567 -0.0514323   4.55411 -0.107415  -8.68706 
               179.4   28.918  43.8303 -105.478 1.95544 -2.2358 1.02911 0 0 0   -0.011 -0.02329  0.04412  -0.110727  -0.162822 -0.0333139  -0.0029555 0.000875878 -0.00402352  -0.088701  0.0375581 -0.0512267   4.55389 -0.107332  -8.68718 
               179.5  30.7039  42.5798 -105.452  1.92855 -2.25763  1.01569 0 0 0   -0.011 -0.02329  0.04412 -0.419071 -0.519286 -0.271256 -0.00306637 0.000824419 -0.00406869 -0.0882237  0.0379229 -0.0508055   4.55374 -0.107204  -8.68726 
               179.6  30.8386  42.7924 -105.582  1.89389 -2.34119 0.969853 0 0 0   -0.011 -0.02329  0.04412  -0.177661  -0.850804 -0.0971545 -0.00301661 0.000792282  -0.0040451 -0.0889019  0.0380832  -0.050818   4.55376 -0.107378  -8.68725 
               179.7  31.3444  45.8502 -104.013  1.85827 -2.40128  0.95372 0 0 0   -0.011 -0.02329  0.04412 -0.358116  -0.30164 -0.154002 -0.00293676 0.000634878 -0.00396953 -0.0893985  0.0379085 -0.0511044   4.55385 -0.107512  -8.68719 
               179.8  31.7487  45.4053 -104.067  1.84329 -2.43879 0.948765 0 0 0   -0.011 -0.02329  0.04412   -0.18791  -0.341763 -0.0413176 -0.00300656 0.000780237 -0.00405795 -0.0885397  0.0373499 -0.0508465   4.55391 -0.107224  -8.68717 
               179.9  29.1493  44.5131 -105.885  1.81994 -2.48156 0.945983 0 0 0   -0.011 -0.02329  0.04412 -0.323479 -0.464964 -0.148858 -0.00284379 0.000746516 -0.00397934 -0.0881701   0.036957 -0.0513227   4.55399 -0.107165  -8.68713 
                 180  29.3825  44.4686 -105.801  1.80103 -2.53371 0.922416 0 0 0   -0.011 -0.02329  0.04412 -0.241762 -0.479171 -0.155705 -0.00298289 0.000700584 -0.00405402 -0.0889367  0.0367304    -0.0504   4.55406 -0.107189  -8.68709 
               180.1  28.5833  44.6453 -106.262  1.76904 -2.58608 0.901008 0 0 0   -0.011 -0.02329  0.04412 -0.225401 -0.513877 -0.125751 -0.00295335 0.000697582 -0.00401158 -0.0897357  0.0369452 -0.0505719   4.55408 -0.107412  -8.68708 
               180.2  29.6836  44.3544 -105.976   1.7516 -2.62726 0.879757 0 0 0   -0.011 -0.02329  0.04412 -0.198522  -0.39751 -0.139701 -0.00303805 0.000737455 -0.00407567 -0.0900242  0.0374126 -0.0498593   4.55396 -0.107425  -8.68714 
               180.3  27.6298   43.353 -107.576  1.72192 -2.67128 0.871813 0 0 0   -0.011 -0.02329  0.04412 -0.281328 -0.448213 -0.150737 -0.00295138 0.000795247 -0.00405264 -0.0897367  0.0375117 -0.0507682   4.55396 -0.107494  -8.68714 
               180.4  27.4178  43.0375 -107.872  1.69303 -2.71408 0.851433 0 0 0   -0.011 -0.02329  0.04412 -0.287736  -0.44563 -0.181773  -0.0029533 0.000753007 -0.00404642 -0.0899405  0.0376326 -0.0505064   4.55393 -0.107516  -8.68715 
               180.5  27.7739  42.2931 -107.851  1.66686 -2.75125 0.839092 0 0 0   -0.011 -0.02329  0.04412 -0.312412 -0.434031 -0.176994 -0.00297881  0.00075411 -0.00406757  -0.089067  0.0375158 -0.0502257   4.55389 -0.107272  -8.68718 
               180.6  28.1082  42.5736 -107.424   1.6292 -2.79877 0.822272 0 0 0   -0.011 -0.02329  0.04412 -0.263345 -0.517725  -0.14054 -0.00298242 0.000752639 -0.00406856 -0.0895725  0.0376286   -0.05073   4.55392 -0.107461  -8.68716 
               180.7  29.4022  42.4237 -106.989  1.59739 -2.85535 0.807831 0 0 0   -0.011 -0.02329  0.04412 -0.306411 -0.475582 -0.136271 -0.00298468 0.000751577 -0.00404049 -0.0900304  0.0376607 -0.0512408   4.55397 -0.107632  -8.68713 
               180.8  28.9006   42.213 -107.282  1.57913 -2.89613 0.790936 0 0 0   -0.011 -0.02329  0.04412 -0.342166  -0.39856 -0.187977 -0.00300118 0.000731026 -0.00406893 -0.0893964  0.0373091 -0.0501968   4.55395 -0.107327  -8.68714 
               180.9  28.0693  42.2515 -107.758  1.54949 -2.94127 0.767724 0 0 0   -0.011 -0.02329  0.04412 -0.250425 -0.493949 -0.151966 -0.00295589 0.000756552  -0.0040458 -0.0895334  0.0376935 -0.0498417   4.55386 -0.107351  -8.68719 
                 181 28.3049 42.7956 -107.56  1.51538  -2.9846 0.760298 0 0 0   -0.011 -0.02329  0.04412 -0.288721  -0.38711 -0.119661 -0.00295526 0.000691083 -0.00402504 -0.0890145  0.0376575 -0.0506602   4.55387 -0.107328  -8.68719 
               181.1  28.7578  42.0098 -107.634   1.4938 -3.03157 0.741788 0 0 0   -0.011 -0.02329  0.04412 -0.257648  -0.46593 -0.169792 -0.00295903 0.000774482 -0.00404888 -0.0893685  0.0373374 -0.0501177   4.55394 -0.107314  -8.68715 
               181.2  28.4142  42.1603 -107.872  1.46408 -3.07814 0.731654 0 0 0   -0.011 -0.02329  0.04412 -0.266395 -0.519174 -0.112913 -0.00294989 0.000725497   -0.004035 -0.0889348  0.0372178 -0.0505721   4.55396 -0.107259  -8.68714 
               181.3  28.8728  42.3423 -107.594  1.43261 -3.12456 0.719238 0 0 0   -0.011 -0.02329  0.04412 -0.268389 -0.444609  -0.10942 -0.00294572 0.000669295 -0.00404706 -0.0888383  0.0375518 -0.0508952   4.55389 -0.107306  -8.68718 
               181.4  28.8228  42.0075 -107.819   1.4076 -3.17545  0.70051 0 0 0   -0.011 -0.02329  0.04412 -0.334457 -0.429662 -0.187038 -0.00296846 0.000755356 -0.00406944 -0.0893206  0.0376611 -0.0506109   4.55389 -0.107391  -8.68718 
               181.5  27.8346  42.5689 -108.198  1.37925 -3.22917 0.684452 0 0 0   -0.011 -0.02329  0.04412 -0.324056 -0.547124  -0.20215 -0.00293805 0.000737041 -0.00404308 -0.0896439    0.03725 -0.0507538   4.55401 -0.107443  -8.68711 
               181.6   28.096  42.7186 -107.979  1.33907 -3.27414 0.673092 0 0 0   -0.011 -0.02329  0.04412  -0.26544 -0.450815 -0.136297 -0.00295029 0.000717719 -0.00406331 -0.0893129  0.0381351 -0.0514532   4.55382 -0.107529  -8.68721 
               181.7  28.0179  42.3126 -108.261   1.3132   -3.318 0.655344 0 0 0   -0.011 -0.02329  0.04412 -0.285916 -0.469883 -0.131965 -0.00295419  0.00077085 -0.00403807 -0.0894439  0.0379504 -0.0508634   4.55384 -0.107473   -8.6872 
               181.8  28.2489  42.2173 -108.188  1.27896 -3.36428 0.635369 0 0 0   -0.011 -0.02329  0.04412 -0.314417 -0.450848 -0.129847 -0.00296012  0.00072972   -0.004055 -0.0896914   0.038353 -0.0507757   4.55377 -0.107553  -8.68724 
               181.9  28.3598  42.3382 -108.172  1.26023 -3.41257 0.616526 0 0 0   -0.011 -0.02329  0.04412 -0.294624 -0.486758 -0.165336 -0.00299198 0.000699669 -0.00406191 -0.0897152  0.0376797 -0.0500696   4.55388 -0.107418  -8.68718 
                 182 27.9942 42.5773 -108.21  1.23157 -3.46029 0.599376 0 0 0   -0.011 -0.02329  0.04412 -0.224524 -0.527213 -0.174942  -0.0029504 0.000690707 -0.00404643 -0.0896585  0.0376786 -0.0501148   4.55388 -0.107411  -8.68718 
               182.1  28.3435  42.4134 -108.179  1.20593 -3.50904 0.580321 0 0 0   -0.011 -0.02329  0.04412 -0.352278 -0.471622 -0.226338 -0.00296164 0.000767334 -0.00403269 -0.0900092  0.0375052 -0.0499178  4.55393 -0.10745 -8.68715 
               182.2    28.33  42.5466 -108.127  1.18011 -3.55538 0.570216 0 0 0   -0.011 -0.02329  0.04412 -0.252214 -0.417772 -0.125866 -0.00297402 0.000696258 -0.00403474 -0.0894784  0.0375189  -0.050267   4.55391 -0.107375  -8.68716 
               182.3  27.3723  42.6101 -108.735  1.14057 -3.59576 0.554535 0 0 0   -0.011 -0.02329  0.04412 -0.288782 -0.469867 -0.121436 -0.00294754   0.0007454 -0.00403649  -0.089291  0.0383014 -0.0506326   4.55375 -0.107443  -8.68725 
               182.4  28.4352  42.2669 -108.385  1.10936 -3.64256 0.542992 0 0 0   -0.011 -0.02329  0.04412 -0.284457 -0.412958  -0.10843 -0.00299847 0.000754181 -0.00405368  -0.089276  0.0381504 -0.0509509   4.55379 -0.107463  -8.68723 
               182.5  28.3327  42.2741 -108.446  1.08234 -3.69253 0.525348 0 0 0   -0.011 -0.02329  0.04412 -0.334246 -0.456483 -0.171011 -0.00296581 0.000762868 -0.00405424   -0.08983  0.0380463 -0.0507265   4.55384 -0.107549   -8.6872 
               182.6  28.0037  42.2751 -108.633  1.05419 -3.73821 0.516237 0 0 0   -0.011 -0.02329  0.04412 -0.249195 -0.531173 -0.162848 -0.00300362 0.000698274 -0.00405782 -0.0891524  0.0375907 -0.0509099   4.55391 -0.107385  -8.68717 
               182.7  28.4568  42.3137 -108.432  1.02705  -3.7865 0.496877 0 0 0   -0.011 -0.02329  0.04412 -0.291309 -0.507147 -0.165198 -0.00299928 0.000747191 -0.00405443 -0.0893643  0.0376376 -0.0505657   4.55389 -0.107396  -8.68717 
               182.8  28.2585   42.388 -108.604  1.00017 -3.83615 0.478626 0 0 0   -0.011 -0.02329  0.04412  -0.25715  -0.49749 -0.138473 -0.00297388 0.000692363 -0.00402071 -0.0896105  0.0374787 -0.0504411   4.55394 -0.107423  -8.68715 
               182.9  28.7722  42.4835 -108.391  0.97174 -3.88662 0.467465 0 0 0   -0.011 -0.02329  0.04412 -0.329253 -0.449556 -0.142209 -0.00302034  0.00070315 -0.00407181 -0.0894608   0.037153 -0.0508662   4.55402 -0.107411  -8.68711 
                 183  28.6657  42.6216 -108.457  0.93602 -3.93561   0.4494 0 0 0   -0.011 -0.02329  0.04412 -0.310298  -0.45038 -0.196688 -0.00295223   0.0006889 -0.00402798 -0.0896524  0.0379977 -0.0511994   4.55386 -0.107557  -8.68719 
               183.1  28.2041  42.7758 -108.605 0.910957 -3.97826 0.431015 0 0 0   -0.011 -0.02329  0.04412 -0.243091 -0.477838 -0.162087  -0.0029724 0.000732031 -0.00405225 -0.0892948  0.0383093 -0.0507831   4.55376 -0.107459  -8.68725 
               183.2  27.8825  42.9605 -108.782 0.872172  -4.0244 0.413025 0 0 0   -0.011 -0.02329  0.04412 -0.323367 -0.527734 -0.199196 -0.00301744 0.000786145 -0.00406669 -0.0893645  0.0388769  -0.051176   4.55366 -0.107562   -8.6873 
               183.3  28.7273   42.759 -108.449 0.840085 -4.08272 0.385741 0 0 0   -0.011 -0.02329  0.04412 -0.198695 -0.655561 -0.247662 -0.00308918 0.000817723 -0.00407169 -0.0898201  0.0392617 -0.0513204   4.55361 -0.107704  -8.68732 
               183.4  28.5163  43.5797 -108.146 0.826079 -4.13649 0.365158 0 0 0   -0.011 -0.02329  0.04412  -0.078285  -0.193364 -0.0381824 -0.00306092 0.000778039 -0.00406976 -0.0897072   0.038689 -0.0509679   4.55371 -0.107597  -8.68727 
               183.5  27.9258  45.5713 -107.836 0.817854 -4.12824 0.366732 0 0 0   -0.011 -0.02329  0.04412  0.049413  0.230174 0.0637649 -0.00305358 0.000705172 -0.00404187 -0.0892514  0.0393343 -0.0513364   4.55356 -0.107592  -8.68735 
               183.6  27.9739  43.7149 -108.606 0.830755 -4.12199 0.375613 0 0 0   -0.011 -0.02329  0.04412   0.114979 -0.0428855  0.0110612  -0.0030683 0.000853566 -0.00402799 -0.0887954  0.0385952 -0.0515506    4.5537 -0.107466  -8.68728 
               183.7 27.9562  44.063 -108.42 0.837192 -4.11529 0.377263 0 0 0   -0.011 -0.02329  0.04412 0.227095 0.140801 0.101044 -0.00306271 0.000708138 -0.00403577 -0.0887881  0.0389269 -0.0517467   4.55364 -0.107513  -8.68731 
               183.8 29.2734 43.8954 -106.46 0.873059 -4.09995 0.392798 0 0 0   -0.011 -0.02329  0.04412 0.508038  0.20557 0.296415 -0.00305638 0.000735621 -0.00405559 -0.0896947  0.0389757 -0.0516089   4.55367 -0.107684  -8.68729 
               183.9   30.418  40.1133 -100.873 0.933536 -4.08623 0.433207 0 0 0   -0.011 -0.02329  0.04412  0.498157 0.0863472  0.269709 -0.00291337 0.000715634 -0.00420865 -0.0885392  0.0386497 -0.0518372   4.55368 -0.107453  -8.68728 
                 184   30.748  37.0339 -93.0604 0.970599 -4.08921 0.457506 0 0 0   -0.011 -0.02329  0.04412    0.373776 -0.00748443    0.198811 -0.00292489 0.000705149  -0.0043505 -0.0892256   0.038803 -0.0523475   4.55371 -0.107667  -8.68727 
               184.1  31.3403  34.2678 -88.2349 0.976084 -4.09948 0.448654 0 0 0   -0.011 -0.02329  0.04412 -0.0598009 0.00771045 -0.0516004  -0.0030801 0.000789307 -0.00432974 -0.0912973  0.0395053 -0.0523149   4.55373 -0.108175  -8.68725 
               184.2  31.0415  33.5043 -87.7848 0.971168 -4.10171 0.456518 0 0 0   -0.011 -0.02329  0.04412  0.265323 0.0207741  0.129634 -0.00314305 0.000785796  -0.0041853 -0.0913889  0.0394968 -0.0534453   4.55381 -0.108333  -8.68721 
               184.3  32.8728  32.3128 -85.6041 0.999535 -4.09362 0.487252 0 0 0   -0.011 -0.02329  0.04412 0.297874 0.241976 0.273724 -0.00315895 0.000747345 -0.00418278  -0.090596   0.039907 -0.0541862   4.55368 -0.108321  -8.68728 
               184.4  30.8596  30.4961 -80.9194  1.03779 -4.07385 0.494418 0 0 0   -0.011 -0.02329  0.04412 0.354467 0.120947 0.233239 -0.00296522 0.000755507 -0.00428495 -0.0908895  0.0400162 -0.0529944    4.5536 -0.108264  -8.68732 
               184.5  30.3599  26.3745 -75.1136   1.0675 -4.04073 0.518438 0 0 0   -0.011 -0.02329  0.04412 0.284078 0.270003  0.13747 -0.00306231 0.000816264 -0.00443862 -0.0897119     0.0397  -0.053127   4.55348 -0.107965  -8.68738 
               184.6  29.6916  23.4051 -69.1716  1.10652 -4.00981 0.528858 0 0 0   -0.011 -0.02329  0.04412 0.438999 0.419934 0.151825 -0.00307357 0.000790205 -0.00442369 -0.0901185  0.0389518 -0.0521323   4.55361 -0.107761  -8.68732 
               184.7 29.1099 20.3978 -63.598  1.13321 -3.98191 0.540195 0 0 0   -0.011 -0.02329  0.04412  0.0569072  0.0711906 -0.0211747 -0.00313028 0.000801327 -0.00440179 -0.0899618  0.0392264 -0.0520647   4.55352 -0.107796  -8.68737 
               184.8  26.9874  18.4895 -60.5515  1.15565 -3.96971 0.549469 0 0 0   -0.011 -0.02329  0.04412  0.101023 0.0130491 0.0405007 -0.00314673 0.000786095 -0.00430002 -0.0904603  0.0386487 -0.0525536   4.55379 -0.107767  -8.68722 
               184.9 25.3411 17.0396 -59.482  1.16747 -3.99236 0.553991 0 0 0   -0.011 -0.02329  0.04412 0.380978 -0.47717  0.10546 -0.00315715 0.000894059 -0.00419018 -0.0902059  0.0392471  -0.052611   4.55364 -0.107918   -8.6873 
                 185  26.3184  16.5956 -57.4981  1.18827 -4.07008 0.561526 0 0 0   -0.011 -0.02329  0.04412  0.153042  -0.81069 0.0415155 -0.00330281  0.00081931 -0.00421909 -0.0911723  0.0404671 -0.0531917   4.55378 -0.108527  -8.68722 
               185.1   26.226  16.4684 -57.6203  1.21058 -4.13473 0.575311 0 0 0   -0.011 -0.02329  0.04412  0.244725 -0.388406  0.115853 -0.00333696 0.000884055  -0.0041752 -0.0911049  0.0402169 -0.0538174   4.55389 -0.108475  -8.68716 
               185.2  26.2233   17.699 -56.5426  1.21228 -4.14407 0.567466 0 0 0   -0.011 -0.02329  0.04412 -0.0382754    0.17716 -0.0491042 -0.00332797 0.000715276  -0.0041723 -0.0915566   0.040055 -0.0531762   4.55394 -0.108438  -8.68714 
               185.3  27.5071  16.8055 -56.3508  1.20957 -4.12314 0.579013 0 0 0   -0.011 -0.02329  0.04412   -0.126056  -0.0243232 -0.00659196 -0.00344995 0.000859884 -0.00423751 -0.0900121  0.0390195 -0.0537354   4.55374 -0.107898  -8.68725 
               185.4  25.9371  16.7556 -57.7179  1.21476 -4.15267 0.588399 0 0 0   -0.011 -0.02329  0.04412  0.325206 -0.839024  0.135863 -0.00330606 0.000837033 -0.00411455 -0.0893738  0.0393342 -0.0534052   4.55347 -0.107906  -8.68739 
               185.5  25.0734  16.3883 -58.9152  1.24105 -4.24033 0.587912 0 0 0   -0.011 -0.02329  0.04412  0.194112 -0.712437 0.0759456 -0.00325976 0.000868712 -0.00405408  -0.090003  0.0389204 -0.0529812   4.55363 -0.107813  -8.68731 
               185.6  28.0965   16.548 -56.5431  1.27736 -4.30916 0.602552 0 0 0   -0.011 -0.02329  0.04412  0.152301 -0.373959 0.0785866   -0.003485 0.000842882 -0.00426521 -0.0911673  0.0388006 -0.0536449   4.55407 -0.107966  -8.68708 
               185.7 26.2877 17.2465   -57.1  1.29553 -4.36111 0.614148 0 0 0   -0.011 -0.02329  0.04412  0.250855 -0.441839  0.128579 -0.00327996 0.000862303 -0.00415243  -0.091604  0.0386424 -0.0542642    4.5543 -0.108007  -8.68695 
               185.8  27.2787  17.0199 -56.8424  1.32205 -4.41276 0.622796 0 0 0   -0.011 -0.02329  0.04412  0.393005 -0.738258 0.0326966 -0.00335584 0.000785225 -0.00415687 -0.0911001  0.0385453 -0.0540207  4.55414 -0.10789 -8.68704 
               185.9  26.6952   17.416 -56.8465  1.34111 -4.47324 0.633068 0 0 0   -0.011 -0.02329  0.04412  0.159656 -0.699158  0.073152 -0.00335021 0.000743972 -0.00417986 -0.0912563  0.0392808 -0.0539029   4.55407 -0.108162  -8.68707 
                 186  26.2672  16.8293 -57.2673  1.35259  -4.5286 0.637277 0 0 0   -0.011 -0.02329  0.04412  0.192958 -0.479529 0.0912858 -0.00333887 0.000815846 -0.00413547 -0.0912594  0.0400606  -0.053559   4.55391 -0.108412  -8.68715 
               186.1  26.5534  17.2432 -57.2925  1.36147 -4.57941 0.646697 0 0 0   -0.011 -0.02329  0.04412  0.104275  -0.58894 0.0243292 -0.00334048  0.00081286 -0.00409617  -0.090661  0.0397527 -0.0537077   4.55382 -0.108235   -8.6872 
               186.2  27.5954  16.5246 -56.8765  1.38094 -4.62624 0.659338 0 0 0   -0.011 -0.02329  0.04412  0.287281 -0.557681 0.0814793 -0.00340323 0.000791241 -0.00419401 -0.0898611  0.0394141 -0.0535227  4.55362   -0.108 -8.68731 
               186.3  26.4069  17.2385 -57.3822  1.39948   -4.672 0.668272 0 0 0   -0.011 -0.02329  0.04412  0.197021 -0.460042  0.105582 -0.00326989 0.000735786 -0.00406849 -0.0890203  0.0388982 -0.0532245   4.55342 -0.107689  -8.68742 
               186.4  27.0725  17.1064 -57.1728  1.42187 -4.72382 0.676599 0 0 0   -0.011 -0.02329  0.04412  0.111251 -0.490618  0.107863 -0.00337481 0.000781033 -0.00415863 -0.0893441  0.0389363 -0.0531764   4.55349 -0.107742  -8.68738 
               186.5   26.329  17.0348 -57.5228  1.43836 -4.77646 0.684415 0 0 0   -0.011 -0.02329  0.04412  0.105804 -0.443497  0.100689  -0.0033285 0.000826517 -0.00416016 -0.0901658  0.0391907  -0.053162   4.55367 -0.107937  -8.68728 
               186.6   26.353  16.3148 -57.8814  1.45838 -4.82091 0.694443 0 0 0   -0.011 -0.02329  0.04412  0.222871 -0.442239  0.102745 -0.00336007 0.000844167 -0.00414483  -0.090325  0.0386576 -0.0533046   4.55381 -0.107784  -8.68721 
               186.7  26.5762   15.799 -58.1797  1.48074 -4.86097 0.708467 0 0 0   -0.011 -0.02329  0.04412  0.239457 -0.535359   0.11382 -0.00334777 0.000842361 -0.00412034 -0.0903971  0.0383897 -0.0532998   4.55386 -0.107702  -8.68719 
               186.8  25.6732   15.932 -58.5725   1.4864 -4.90613 0.715534 0 0 0   -0.011 -0.02329  0.04412  0.142167 -0.503113  0.114839 -0.00328629 0.000749179 -0.00410068 -0.0891891  0.0382078 -0.0528359    4.5535 -0.107449  -8.68738 
               186.9  27.4436  15.1369 -57.7621  1.51153 -4.96353 0.729981 0 0 0   -0.011 -0.02329  0.04412  0.110741 -0.576076 0.0990302 -0.00343218 0.000845186 -0.00419544 -0.0894751  0.0388199 -0.0532069   4.55355 -0.107719  -8.68735 
                 187  25.5889  16.2066 -58.5745   1.5222  -5.0242 0.735309 0 0 0   -0.011 -0.02329  0.04412 0.179226  -0.4906 0.126159 -0.00333552 0.000720792 -0.00410809 -0.0900756  0.0386938 -0.0531228   4.55371 -0.107752  -8.68727 
               187.1  27.5871  15.6042 -57.6303  1.53464 -5.07633 0.745821 0 0 0   -0.011 -0.02329  0.04412 0.0876198 -0.401053  0.117142 -0.00340656 0.000718329 -0.00416203 -0.0898284  0.0392346 -0.0532301   4.55359 -0.107908  -8.68733 
               187.2  27.1472  15.6787 -58.1953  1.54786 -5.12079 0.760882 0 0 0   -0.011 -0.02329  0.04412 0.0976895 -0.454236  0.144736 -0.00336491 0.000803518   -0.004125 -0.0898011  0.0388424  -0.053509   4.55367 -0.107789  -8.68728 
               187.3  27.2695  14.6458 -58.5769  1.56444   -5.169 0.770677 0 0 0   -0.011 -0.02329  0.04412   0.12442 -0.476719  0.124931 -0.00340031 0.000850102 -0.00416288 -0.0903608  0.0391052 -0.0532919  4.55376 -0.10794 -8.68724 
               187.4  26.7344   14.405 -59.3317  1.58428 -5.22156 0.787628 0 0 0   -0.011 -0.02329  0.04412  0.283168 -0.662636  0.139305 -0.00336978 0.000799496 -0.00411616 -0.0901918   0.038899 -0.0536588  4.55379 -0.10787 -8.68722 
               187.5    26.22  14.7019 -59.4958  1.60289 -5.29234 0.795561 0 0 0   -0.011 -0.02329  0.04412  0.159647  -0.62587 0.0802205 -0.00328998 0.000735629 -0.00410187 -0.0903696  0.0392799  -0.053776    4.5538 -0.108028  -8.68721 
               187.6  27.0798  15.0758 -58.6711  1.62121 -5.35214 0.799767 0 0 0   -0.011 -0.02329  0.04412  0.178116 -0.579582 0.0435798 -0.00338778  0.00075331 -0.00415905 -0.0900327  0.0392226 -0.0532462   4.55365 -0.107932   -8.6873 
               187.7  27.2281  15.1879 -58.6332  1.63532 -5.41045 0.808493 0 0 0   -0.011 -0.02329  0.04412 0.0713993 -0.436887  0.104599 -0.00335488 0.000757544 -0.00411109 -0.0895984   0.039366 -0.0533982   4.55354 -0.107928  -8.68735 
               187.8  27.6943  16.4241 -58.4678  1.66489 -5.45714 0.815949 0 0 0   -0.011 -0.02329  0.04412  0.150537 -0.567644 0.0948609 -0.00340606 0.000757118  -0.0041258 -0.0904047  0.0386954 -0.0529058  4.55377 -0.10779 -8.68723 
               187.9 26.4457 15.8913 -59.078  1.68038 -5.51735 0.820729 0 0 0   -0.011 -0.02329  0.04412  0.254659 -0.568631  0.117299 -0.00333696  0.00076934  -0.0041231 -0.0908644  0.0386179 -0.0527511   4.55388 -0.107818  -8.68718 
                 188  27.9033  15.5977 -58.4374  1.70094 -5.56887 0.834663 0 0 0   -0.011 -0.02329  0.04412  0.199797 -0.618022 0.0773391 -0.00340803 0.000739694 -0.00414196  -0.090227  0.0383754 -0.0529879   4.55378 -0.107666  -8.68723 
               188.1  27.2317  16.1151 -58.7563  1.72662 -5.62511 0.846861 0 0 0   -0.011 -0.02329  0.04412 0.0964869 -0.573318  0.131752 -0.00334593 0.000778106 -0.00411233 -0.0904921  0.0377867 -0.0529303   4.55392 -0.107506  -8.68716 
               188.2  27.1242  16.6247 -58.5442  1.73363 -5.68508 0.851983 0 0 0   -0.011 -0.02329  0.04412  0.245847 -0.622517   0.07883   -0.003362 0.000711335  -0.0041273 -0.0900815  0.0380202 -0.0528163  4.55377 -0.10752 -8.68724 
               188.3  28.7313  16.7087 -57.8602  1.74829 -5.74463 0.861966 0 0 0   -0.011 -0.02329  0.04412  0.259317 -0.515313  0.104993 -0.00343185   0.0007809 -0.00413833 -0.0897473  0.0394147 -0.0531236   4.55354 -0.107946  -8.68735 
               188.4  27.2807  17.1138 -58.5981  1.76846 -5.79988 0.875042 0 0 0   -0.011 -0.02329  0.04412 0.0394652 -0.525379  0.104248 -0.00324061 0.000746788 -0.00405651 -0.0898927  0.0388341 -0.0532842   4.55367 -0.107788  -8.68729 
               188.5 27.3204 17.1765 -58.589  1.79046 -5.85752 0.883032 0 0 0   -0.011 -0.02329  0.04412  0.186776 -0.557395 0.0375355 -0.00329625 0.000799023 -0.00407251 -0.0907477  0.0386092 -0.0533161   4.55392 -0.107832  -8.68716 
               188.6  26.8588  16.7068 -58.7981  1.79848   -5.908 0.882743 0 0 0   -0.011 -0.02329  0.04412  0.165324 -0.687773 0.0549885 -0.00328082 0.000748383 -0.00407397 -0.0899306  0.0388538   -0.05268   4.5536 -0.10776 -8.68732 
               188.7   27.408  16.4607 -58.4639  1.81735 -5.96114 0.892246 0 0 0   -0.011 -0.02329  0.04412  0.139214 -0.558482 0.0656757 -0.00330426 0.000776779 -0.00408119 -0.0895831  0.0381163 -0.0527813   4.55362 -0.107484  -8.68731 
               188.8  27.3589  16.9061 -58.6017  1.83644 -6.02134 0.895545 0 0 0   -0.011 -0.02329  0.04412  0.207584 -0.594946  0.100349 -0.00328608 0.000736164 -0.00403914 -0.0897607  0.0378778 -0.0525374   4.55367 -0.107416  -8.68729 
               188.9    28.09  17.2997 -58.0848  1.84992 -6.07216 0.909694 0 0 0   -0.011 -0.02329  0.04412   0.19589  -0.56012 0.0710163 -0.00330472 0.000714657  -0.0040402 -0.0896782  0.0381961 -0.0529844   4.55366 -0.107535  -8.68729 
                 189  27.3508  17.1928 -58.7258  1.87019 -6.11309 0.925311 0 0 0   -0.011 -0.02329  0.04412 0.0352097 -0.424088   0.13857 -0.00321908 0.000774606 -0.00400081 -0.0893082  0.0376607 -0.0530036   4.55365 -0.107318   -8.6873 
               189.1  26.3495  17.4233 -59.0903  1.87842 -6.16467 0.936833 0 0 0   -0.011 -0.02329  0.04412  0.181636 -0.490778  0.115479 -0.00323489 0.000739634   -0.004017 -0.0899544  0.0369316 -0.0531677   4.55392 -0.107184  -8.68716 
               189.2  28.7136  16.4432 -58.6054   1.9098 -6.21641 0.952924 0 0 0   -0.011 -0.02329  0.04412  0.248239 -0.405298  0.138405 -0.00342059 0.000822993 -0.00409178   -0.09046  0.0368517 -0.0534597    4.5541 -0.107244  -8.68707 
               189.3  26.8826  16.9234 -59.6458  1.93905 -6.27371 0.961615 0 0 0   -0.011 -0.02329  0.04412  0.295683 -0.657905 0.0597779 -0.00324485 0.000756202 -0.00401349 -0.0911631  0.0369727 -0.0535921   4.55427 -0.107384  -8.68698 
               189.4 26.7088 16.7265 -59.434  1.97056 -6.33354 0.971233 0 0 0   -0.011 -0.02329  0.04412  0.273371 -0.605905 0.0691639 -0.00329865 0.000735442 -0.00406746 -0.0911341  0.0366897 -0.0535535   4.55429 -0.107289  -8.68697 
               189.5  26.3825  17.7486 -59.4256  1.98894 -6.39036 0.972761 0 0 0   -0.011 -0.02329  0.04412  0.170615 -0.572639 0.0314793  -0.0033164 0.000729905 -0.00404735 -0.0912626  0.0371406 -0.0528996   4.55418 -0.107405  -8.68702 
               189.6  26.6582  17.4881 -59.4001  2.00081 -6.44078 0.975713 0 0 0   -0.011 -0.02329  0.04412  0.123878 -0.473625 0.0762975 -0.00331711 0.000738313 -0.00405028 -0.090999 0.0380124 -0.052577   4.55396 -0.107619  -8.68714 
               189.7  26.1508  17.3237 -59.7129  2.01058 -6.49056 0.978365 0 0 0   -0.011 -0.02329  0.04412  0.235209 -0.514353 0.0834004 -0.00326643   0.0007788 -0.00402994 -0.0907657  0.0380756 -0.0524444   4.55388 -0.107599  -8.68718 
               189.8  27.5057    16.98 -59.3187  2.03404 -6.54758 0.988417 0 0 0   -0.011 -0.02329  0.04412  0.241431 -0.567423 0.0887515 -0.00340191 0.000755197  -0.0040846 -0.0908932  0.0383388  -0.052776   4.55392 -0.107717  -8.68716 
               189.9  26.2652  17.3282 -59.8371  2.05726 -6.61292 0.997564 0 0 0   -0.011 -0.02329  0.04412  0.179996 -0.647123 0.0292271 -0.00325606 0.000773073 -0.00402065 -0.0913933  0.0387989 -0.0532839   4.55404 -0.107957  -8.68709 
                 190  25.7249  17.8107 -60.0092  2.08156 -6.68058  1.00119 0 0 0   -0.011 -0.02329  0.04412  0.218523  -0.69594 0.0753542  -0.0032628 0.000760164 -0.00402785 -0.0915652   0.038453  -0.053327   4.55413 -0.107877  -8.68704 
               190.1    26.17  18.7996 -59.6513   2.0927 -6.74048    1.002 0 0 0   -0.011 -0.02329  0.04412  0.226767 -0.571946  0.046755 -0.00330616 0.000692175 -0.00403771 -0.0907185  0.0386971 -0.0528048   4.55383 -0.107806   -8.6872 
               190.2 27.2944  19.273  -59.04  2.12013 -6.79785  1.01129 0 0 0   -0.011 -0.02329  0.04412 0.0743735 -0.595564 0.0215038 -0.00336899 0.000684778 -0.00408821 -0.0904832  0.0381004 -0.0529357   4.55387 -0.107602  -8.68718 
               190.3  26.3215  20.1098 -59.1255  2.13919 -6.85631  1.02329 0 0 0   -0.011 -0.02329  0.04412  0.286334 -0.548914  0.142021 -0.00327929 0.000693294 -0.00405121 -0.0904928  0.0379336 -0.0534075   4.55396 -0.107583  -8.68714 
               190.4  26.3891  19.9109 -59.1487   2.1529 -6.90376  1.02998 0 0 0   -0.011 -0.02329  0.04412 0.0336932 -0.449237 0.0399734 -0.00329108 0.000766721 -0.00402431 -0.0906707  0.0376515 -0.0529221   4.55397 -0.107489  -8.68713 
               190.5  26.9927  19.5216 -58.8082  2.15283 -6.95668  1.04079 0 0 0   -0.011 -0.02329  0.04412  0.115724 -0.641484 0.0379225   -0.003339  0.00072307 -0.00407357 -0.0900847  0.0378407 -0.0533809   4.55388 -0.107502  -8.68718 
               190.6  28.0495  19.2126 -58.7034   2.1737 -7.01579  1.04993 0 0 0   -0.011 -0.02329  0.04412  0.316127 -0.492873  0.182117 -0.00336139 0.000722663 -0.00406366 -0.0904311  0.0381321 -0.0534756  4.55393 -0.10764 -8.68715 
               190.7  27.3677  19.4388 -59.3042  2.20665 -7.06782  1.05717 0 0 0   -0.011 -0.02329  0.04412  0.158241 -0.545609  0.040365 -0.00329538 0.000747105 -0.00402718 -0.0913529  0.0373759 -0.0529901   4.55417 -0.107499  -8.68703 
               190.8   26.803  19.5414 -59.6131   2.2236 -7.12224  1.06321 0 0 0   -0.011 -0.02329  0.04412  0.208587 -0.598209 0.0416552  -0.0033343 0.000731315  -0.0040576 -0.0908853  0.0372608 -0.0530541   4.55409 -0.107409  -8.68707 
               190.9    27.14  19.6458 -59.4962  2.23154 -7.18154  1.06792 0 0 0   -0.011 -0.02329  0.04412 0.0824289 -0.583327 0.0378211 -0.00333764 0.000723129 -0.00406008 -0.0906352  0.0378465 -0.0531324   4.55397 -0.107555  -8.68713 
                 191   27.643  19.1061 -59.2329  2.23897 -7.23943  1.07414 0 0 0   -0.011 -0.02329  0.04412  0.192651 -0.424987 0.0706281 -0.00333841 0.000735387 -0.00407915 -0.0906882  0.0388451 -0.0535738   4.55391 -0.107887  -8.68716 
               191.1   27.576  18.7138 -59.7297  2.26364 -7.28809   1.0843 0 0 0   -0.011 -0.02329  0.04412  0.229569 -0.543051  0.096318  -0.0032899 0.000782661 -0.00403679 -0.0912392  0.0386345 -0.0537271   4.55408 -0.107907  -8.68707 
               191.2  26.4278  18.3585 -60.6136  2.27601 -7.32941  1.08685 0 0 0   -0.011 -0.02329  0.04412  0.044712 -0.533352 0.0507666 -0.00326366  0.00075776 -0.00400599 -0.0907676  0.0381585 -0.0528743   4.55393 -0.107647  -8.68715 
               191.3  26.8922  17.6582 -60.7594  2.29524 -7.39186  1.08142 0 0 0   -0.011 -0.02329  0.04412    0.169896   -0.691608 -0.00405409 -0.00334838 0.000802336 -0.00407623 -0.0911821  0.0377536 -0.0521729   4.55398 -0.107535  -8.68713 
               191.4  28.0274  18.5622 -59.6096  2.31406 -7.45704  1.09455 0 0 0   -0.011 -0.02329  0.04412  0.181019 -0.584513 0.0644133 -0.00336564 0.000699236 -0.00408516 -0.0911248  0.0378256  -0.052982   4.55406 -0.107603  -8.68708 
               191.5  27.4256  18.2961 -59.8952  2.33274 -7.50733  1.09622 0 0 0   -0.011 -0.02329  0.04412  0.219223 -0.497652 0.0866135 -0.00330302 0.000794992 -0.00404264 -0.0912537  0.0377891  -0.052353   4.55402 -0.107567  -8.68711 
               191.6  27.6232  18.4504 -59.8122  2.34794 -7.55723  1.10624 0 0 0   -0.011 -0.02329  0.04412  0.227114 -0.574703 0.0223691 -0.00328301 0.000768924 -0.00402047  -0.090836  0.0375386 -0.0527762   4.55401 -0.107469  -8.68711 
               191.7  27.9606  18.8105 -59.8439  2.36852 -7.60641  1.11251 0 0 0   -0.011 -0.02329  0.04412 0.0906321 -0.619774 0.0189241  -0.0033435 0.000699312 -0.00402906 -0.0901518  0.0370936 -0.0524736   4.55388 -0.107232  -8.68718 
               191.8 27.3805 18.8141 -59.904  2.38921 -7.66686  1.12843 0 0 0   -0.011 -0.02329  0.04412  0.322209 -0.397994  0.136511 -0.00332082 0.000723498 -0.00405832 -0.0903477   0.036961 -0.0533703   4.55405 -0.107281  -8.68709 
               191.9  27.3514  19.2204 -59.7993  2.40474 -7.71836   1.1305 0 0 0   -0.011 -0.02329  0.04412  0.112767 -0.543624 0.0516868 -0.00330176 0.000708617 -0.00401733 -0.0907629  0.0373481 -0.0530052   4.55405 -0.107419  -8.68709 
                 192  27.803 18.4797 -59.716  2.42725 -7.77744  1.13813 0 0 0   -0.011 -0.02329  0.04412   0.24085  -0.51605 0.0954995 -0.00330834   0.0007866 -0.00404677 -0.0909707  0.0376615 -0.0532134   4.55408 -0.107549  -8.68708 
               192.1   26.747  19.2784 -60.4885  2.43557 -7.84132  1.15411 0 0 0   -0.011 -0.02329  0.04412 0.0193725 -0.577254 0.0813185 -0.00323826 0.000762161  -0.0039825 -0.0912217  0.0379557 -0.0540703    4.5542 -0.107723  -8.68701 
               192.2 27.3707   19.03 -60.074  2.43706 -7.89645  1.16395 0 0 0   -0.011 -0.02329  0.04412  0.218323 -0.501429  0.119449 -0.00325907 0.000748923 -0.00402462 -0.0903275  0.0388831 -0.0543791   4.55392 -0.107889  -8.68715 
               192.3  27.3802   18.648 -60.6689 2.45978 -7.9524 1.17146 0 0 0   -0.011 -0.02329  0.04412  0.143387 -0.535892  0.117029 -0.00327668 0.000791148 -0.00400811 -0.0903937  0.0387021 -0.0541936   4.55394 -0.107835  -8.68715 
               192.4  26.6569  19.4288 -60.2025  2.47245 -8.00479  1.17601 0 0 0   -0.011 -0.02329  0.04412  0.136511 -0.577605 0.0614028  -0.0031888 0.000696767 -0.00400783 -0.0904356  0.0382542   -0.05354   4.55392 -0.107671  -8.68716 
               192.5  27.7387  18.9939 -60.1659  2.48897 -8.05088  1.18398 0 0 0   -0.011 -0.02329  0.04412 0.0926059 -0.494349 0.0953207 -0.00329294 0.000749748 -0.00400885 -0.0899637  0.0380096 -0.0532004   4.55381 -0.107519  -8.68721 
               192.6  26.7366  19.1764 -60.8922  2.4908    -8.1 1.19415 0 0 0   -0.011 -0.02329  0.04412 0.0287777   -0.4764 0.0601808 -0.00320969 0.000719335 -0.00396216 -0.0899382  0.0378854 -0.0533232  4.55384 -0.10749  -8.6872 
               192.7  28.2462    18.25 -60.5448  2.51522 -8.14365   1.2003 0 0 0   -0.011 -0.02329  0.04412  0.258155 -0.453896  0.120393  -0.0033611 0.000752924 -0.00404023 -0.0901523  0.0375984 -0.0529328   4.55387 -0.107412  -8.68718 
               192.8  26.7108  18.1671 -61.8318  2.53224 -8.20094  1.21127 0 0 0   -0.011 -0.02329  0.04412 0.0742012 -0.622029 0.0422696 -0.00323324  0.00075001 -0.00396776 -0.0901695  0.0372438 -0.0533939   4.55398 -0.107348  -8.68713 
               192.9  27.3675  18.2737 -61.4561  2.55372 -8.26741   1.2123 0 0 0   -0.011 -0.02329  0.04412  0.368266  -0.61856 0.0867793 -0.00330318 0.000761438 -0.00402489 -0.0911862  0.0373603 -0.0531943  4.55415  -0.1075 -8.68704 
                 193 28.0109 18.3829 -61.311  2.5733 -8.3192 1.22765 0 0 0   -0.011 -0.02329  0.04412  0.130948 -0.491855  0.122627 -0.00334749  0.00071106 -0.00404965 -0.0908942  0.0374886 -0.0534634   4.55411 -0.107514  -8.68706 
               193.1   26.769  18.7364 -61.7633  2.57847 -8.36897  1.23591 0 0 0   -0.011 -0.02329  0.04412  0.157443 -0.497617 0.0803281 -0.00320915 0.000722422 -0.00396321 -0.0905242  0.0377924 -0.0535142    4.554 -0.10755 -8.68712 
               193.2  27.7295  18.0884 -61.9374  2.60691 -8.42265  1.24133 0 0 0   -0.011 -0.02329  0.04412  0.152923 -0.508238  0.075513 -0.00328602 0.000796346 -0.00400715 -0.0910678  0.0379223 -0.0532247   4.55406 -0.107638  -8.68709 
               193.3   26.014  18.4537 -62.6396  2.61734 -8.46367  1.25396 0 0 0   -0.011 -0.02329  0.04412 0.0738123  -0.40929  0.101064 -0.00317157 0.000718638 -0.00398752 -0.0903815  0.0377535 -0.0532806   4.55395 -0.107505  -8.68715 
               193.4  26.2434  17.6418 -62.7595  2.62153 -8.52716  1.25698 0 0 0   -0.011 -0.02329  0.04412  0.103527 -0.656657 0.0550583 -0.00327655 0.000809451 -0.00407077 -0.0911704  0.0380062 -0.0534815   4.5541 -0.10769 -8.68706 
               193.5  27.9175  17.4708 -61.9589  2.62688 -8.59498  1.25956 0 0 0   -0.011 -0.02329  0.04412  0.172378  -0.69337 0.0326426 -0.00327877 0.000764493 -0.00405846 -0.0907693  0.0384386 -0.0535127   4.55396 -0.107752  -8.68713 
               193.6 28.8999  18.356 -61.146 2.64877 -8.6614 1.26089 0 0 0   -0.011 -0.02329  0.04412  0.168326 -0.598243 0.0155649 -0.00322293 0.000689936 -0.00401894  -0.091408  0.0389759 -0.0533184     4.554 -0.107968  -8.68711 
               193.7  27.5536   18.759 -61.5257  2.65967 -8.72302   1.2622 0 0 0   -0.011 -0.02329  0.04412  0.137554 -0.635635 0.0361967 -0.00311647 0.000731395 -0.00397704 -0.0914611  0.0387816 -0.0532666   4.55403 -0.107921   -8.6871 
               193.8   29.243  18.5418 -60.6969  2.68224 -8.78207  1.26191 0 0 0   -0.011 -0.02329  0.04412  0.346109 -0.538789 0.0719278 -0.00329539 0.000766621 -0.00405209 -0.0911004  0.0391436 -0.0531455  4.55389 -0.10796 -8.68717 
               193.9 28.2547 19.4703 -61.419  2.70543 -8.83918  1.27301 0 0 0   -0.011 -0.02329  0.04412  0.019337 -0.576064 0.0509561 -0.00319681 0.000752206  -0.0039648 -0.0912049  0.0386271 -0.0533565   4.55401 -0.107853  -8.68711 
                 194  27.7021  19.9466 -61.2774  2.71627 -8.88965  1.28799 0 0 0   -0.011 -0.02329  0.04412  0.219348 -0.515172  0.119832 -0.00317464 0.000712572 -0.00399557 -0.0905082  0.0382211 -0.0537718   4.55397 -0.107684  -8.68713 
               194.1  28.2658  19.8162 -61.3479  2.72862 -8.94269  1.30023 0 0 0   -0.011 -0.02329  0.04412  0.110724 -0.515906  0.070341 -0.00333075 0.000770318 -0.00404648 -0.0908818  0.0380312  -0.053936   4.55408 -0.107694  -8.68707 
               194.2  28.7653  19.1093 -61.4309  2.74812 -8.99912  1.30378 0 0 0   -0.011 -0.02329  0.04412  0.160239 -0.581367 0.0679686 -0.00332853 0.000789483 -0.00402851 -0.0910276  0.0384352 -0.0535181   4.55401 -0.107788  -8.68711 
               194.3  27.6166  19.8092 -62.0143  2.76423 -9.06605   1.3071 0 0 0   -0.011 -0.02329  0.04412  0.165237 -0.578356 0.0915615  -0.0032204 0.000766726  -0.0039542 -0.0914357  0.0386173 -0.0534802   4.55406 -0.107884  -8.68708 
               194.4  28.5285  20.0728 -61.2432  2.77608 -9.12107    1.312 0 0 0   -0.011 -0.02329  0.04412  0.0956181  -0.560971 -0.0209212 -0.00328365 0.000740314 -0.00402826 -0.0913469  0.0387595 -0.0535261   4.55403 -0.107912  -8.68709 
               194.5  28.0964  20.2038 -62.5645  2.77464 -9.16008  1.31339 0 0 0   -0.011 -0.02329  0.04412 -0.0791374  -0.368499 -0.0863529 -0.00327464 0.000818233 -0.00395183 -0.0908784  0.0386822 -0.0537992   4.55398 -0.107852  -8.68712 
               194.6  28.3974  21.6614 -66.1463  2.75642 -9.18047  1.30279 0 0 0   -0.011 -0.02329  0.04412 -0.0874496  -0.101117 -0.0762842 -0.00333764 0.000792974 -0.00383809 -0.0904361  0.0392293 -0.0535461    4.5538 -0.107914  -8.68722 
               194.7  29.7552  23.3773 -69.3099  2.76234 -9.17164  1.29791 0 0 0   -0.011 -0.02329  0.04412  0.155677 0.0873998 0.0181085 -0.00338011  0.00077604 -0.00384561 -0.0906062  0.0388207 -0.0530883   4.55384 -0.107804   -8.6872 
               194.8  29.4333  23.0238 -69.0567  2.76403 -9.16929  1.29065 0 0 0   -0.011 -0.02329  0.04412 0.00948258   0.010898 -0.0237119 -0.00325692 0.000811965  -0.0040168 -0.0908851  0.0386719 -0.0527606   4.55387 -0.107783  -8.68718 
               194.9  30.477 22.6142 -68.404  2.76004 -9.17557   1.2918 0 0 0   -0.011 -0.02329  0.04412 -0.271077 -0.140312 -0.163182 -0.00332986 0.000814591  -0.0040367 -0.0905074  0.0386162 -0.0532148   4.55386 -0.107751  -8.68719 
                 195  29.0895  24.3554 -71.2338  2.74303 -9.19212  1.28697 0 0 0   -0.011 -0.02329  0.04412 -0.0883327  -0.209871 -0.0755705 -0.00321283 0.000802157 -0.00383817 -0.0906047   0.038759 -0.0538603   4.55392 -0.107845  -8.68716 
               195.1  29.3492  27.1633 -76.6165  2.71848 -9.20964  1.27531 0 0 0   -0.011 -0.02329  0.04412 -0.285327 -0.235839  -0.11836 -0.00324167 0.000833328 -0.00367167 -0.0907457  0.0389567  -0.054206   4.55394 -0.107933  -8.68714 
               195.2  30.3444  29.8368 -82.2835  2.67009 -9.24113  1.24541 0 0 0   -0.011 -0.02329  0.04412 -0.543862 -0.282723 -0.291593 -0.00330894 0.000824297 -0.00370594 -0.0908423  0.0390957 -0.0539898   4.55391 -0.107957  -8.68716 
               195.3  31.1807   33.663 -87.8069  2.62617 -9.26768  1.22169 0 0 0   -0.011 -0.02329  0.04412 -0.306698 -0.149423 -0.164395 -0.00329718 0.000760456 -0.00367632 -0.0908656  0.0394403 -0.0540932   4.55387 -0.108027  -8.68718 
               195.4  31.1936  36.7847 -93.0643  2.60908 -9.28109  1.20608 0 0 0   -0.011 -0.02329  0.04412 -0.281074 -0.114471 -0.168437 -0.00325025 0.000788297 -0.00368184 -0.0913354  0.0390582 -0.0537031  4.55396 -0.10802 -8.68713 
               195.5 28.7465 39.8366 -99.641   2.5455 -9.28068  1.18244 0 0 0   -0.011 -0.02329  0.04412  -0.800214 -0.0384275  -0.358194  -0.0031171 0.000796554 -0.00358166 -0.0905913  0.0392428 -0.0537584   4.55387 -0.107917  -8.68718 
               195.6  29.0917  42.7136 -105.514  2.49493 -9.27486  1.16201 0 0 0   -0.011 -0.02329  0.04412  -0.0888651 -0.00907366  -0.0541807   -0.003213 0.000833183 -0.00363614 -0.0905336  0.0388186 -0.0538878   4.55395 -0.107896  -8.68714 
               195.7   30.941  44.2418 -108.881 2.48665 -9.2662 1.15635 0 0 0   -0.011 -0.02329  0.04412  0.0729185 -0.0894696 0.00324557 -0.00322441 0.000816824  -0.0037172 -0.0904963  0.0397942 -0.0537321   4.55378 -0.107892  -8.68723 
               195.8  29.9819  44.3432 -109.595  2.49791 -9.26324  1.16488 0 0 0   -0.011 -0.02329  0.04412 -0.0461818  0.0637319 0.00297186 -0.00302387 0.000810237 -0.00386365 -0.0896872  0.0389558 -0.0535593  4.55393 -0.10778 -8.68715 
               195.9 29.5464 44.3002 -109.27   2.4984 -9.27121  1.17465 0 0 0   -0.011 -0.02329  0.04412   -0.24163  -0.134541 -0.0392767 -0.00298801 0.000855824 -0.00391152 -0.0892543  0.0379742 -0.0536552   4.55408 -0.107781  -8.68707 
                 196  28.5828  44.0764 -110.684  2.47609 -9.29295  1.17258 0 0 0   -0.011 -0.02329  0.04412  -0.193025  -0.444958 -0.0696097 -0.00298025 0.000849298 -0.00384661 -0.0891454  0.0381158 -0.0535557   4.55408 -0.107752  -8.68707 
               196.1  28.7703  43.0981 -110.927  2.43498 -9.34985  1.14706 0 0 0   -0.011 -0.02329  0.04412 -0.307913 -0.478226 -0.129799 -0.00298662 0.000889039 -0.00385017 -0.0909429  0.0384719 -0.0540715   4.55391 -0.107964  -8.68716 
               196.2  29.5848  42.8387 -110.629  2.41463 -9.39687   1.1329 0 0 0   -0.011 -0.02329  0.04412 -0.278383 -0.311913 -0.155714 -0.00308316 0.000838343 -0.00391928 -0.0908632  0.0376754 -0.0534999   4.55402 -0.107985   -8.6871 
               196.3  29.3814  43.4467 -110.404  2.40962 -9.41082  1.13164 0 0 0   -0.011 -0.02329  0.04412      0.15 0.0289863 0.0889804 -0.00300394 0.000784171  -0.0038772 -0.0904123  0.0376861 -0.0535636   4.55405 -0.107936  -8.68709 
               196.4  29.3099  43.8599 -110.911  2.40843 -9.38785  1.13958 0 0 0   -0.011 -0.02329  0.04412 -0.217499  0.155147  0.058619 -0.00301954 0.000785488 -0.00383287 -0.0901493  0.0383791 -0.0535251   4.55399 -0.107846  -8.68712 
               196.5  29.0905  41.6947 -111.556  2.37572 -9.39353  1.13169 0 0 0   -0.011 -0.02329  0.04412 -0.487699 -0.376174 -0.272527 -0.00305551 0.000913688 -0.00390904 -0.0898928  0.0385217 -0.0530463     4.554 -0.107776  -8.68711 
               196.6  29.4389  42.1738 -113.368  2.32779 -9.44778  1.10791 0 0 0   -0.011 -0.02329  0.04412 -0.208025 -0.753476 -0.115325 -0.00310295 0.000798484 -0.00378107 -0.0895109  0.0387069 -0.0537249   4.55398 -0.107754  -8.68712 
               196.7  29.8665   43.158 -113.126   2.2895 -9.51622   1.0878 0 0 0   -0.011 -0.02329  0.04412 -0.446341 -0.437327    -0.229 -0.00301729 0.000736436 -0.00381028 -0.0907155  0.0389441 -0.0543814   4.55386 -0.107913  -8.68719 
               196.8  27.7027  43.6733 -113.994  2.25756 -9.56339  1.05797 0 0 0   -0.011 -0.02329  0.04412 -0.280905 -0.550528 -0.262543 -0.00290377 0.000794719 -0.00379519 -0.0910628  0.0388322 -0.0537155   4.55387 -0.107932  -8.68718 
               196.9  28.8068  43.8203 -113.463  2.22672 -9.61634  1.03476 0 0 0   -0.011 -0.02329  0.04412 -0.275314 -0.433346 -0.121576 -0.00303345 0.000794942 -0.00385533 -0.0908161  0.0392173 -0.0537712   4.55384 -0.107872   -8.6872 
                 197   26.859  44.6625 -114.451  2.19299 -9.65828  1.01355 0 0 0   -0.011 -0.02329  0.04412 -0.359395  -0.34705  -0.15231 -0.00294574 0.000783788 -0.00378562 -0.0910547  0.0387673 -0.0534653   4.55388 -0.107925  -8.68717 
               197.1  28.5465  43.2852 -114.012  2.15323 -9.70231  0.99527 0 0 0   -0.011 -0.02329  0.04412 -0.326483 -0.466491 -0.133688 -0.00313694  0.00089267 -0.00394688 -0.0917236  0.0389122 -0.0538348   4.55381 -0.108005  -8.68721 
               197.2  28.2411  43.6459 -114.577  2.12495 -9.73895 0.978777 0 0 0   -0.011 -0.02329  0.04412 -0.397946 -0.425694 -0.256963 -0.00304085 0.000843873 -0.00382666 -0.0904661  0.0389693 -0.0531335   4.55392 -0.107827  -8.68716 
               197.3  28.0051  44.1663 -114.732  2.09723 -9.78463 0.959616 0 0 0   -0.011 -0.02329  0.04412 -0.236176 -0.472499 -0.194293 -0.00305944 0.000798999 -0.00385011 -0.0899931  0.0387378 -0.0527969   4.55399 -0.107781  -8.68712 
               197.4 27.4318 44.5437 -114.94  2.06238  -9.8334 0.939496 0 0 0   -0.011 -0.02329  0.04412 -0.360838 -0.393101 -0.205406 -0.00299796 0.000802417 -0.00383714 -0.0902174  0.0386849 -0.0530312   4.55397 -0.107821  -8.68713 
               197.5  27.6215  44.9747 -114.591  2.01579 -9.87968 0.923589 0 0 0   -0.011 -0.02329  0.04412 -0.425913 -0.507494  -0.24967 -0.00301209 0.000776988 -0.00385773 -0.0898413  0.0388928 -0.0538046   4.55395 -0.107799  -8.68714 
               197.6  28.6649  45.7892 -113.519  1.98616 -9.93706 0.893834 0 0 0   -0.011 -0.02329  0.04412  -0.26873 -0.541851 -0.150043 -0.00306558 0.000749841 -0.00388803 -0.0901858  0.0382811 -0.0531885   4.55401 -0.107862  -8.68711 
               197.7  28.9386  46.2543 -113.105  1.95391 -9.98046 0.880449 0 0 0   -0.011 -0.02329  0.04412  -0.226007  -0.345222 -0.0598225 -0.00301501 0.000772381 -0.00384765 -0.0903386  0.0384346 -0.0534765   4.55397 -0.107878  -8.68713 
               197.8  28.1529  45.4583 -114.085  1.92257 -10.0107 0.870152 0 0 0   -0.011 -0.02329  0.04412  -0.33491 -0.303039 -0.125086 -0.00301756 0.000844037 -0.00383333 -0.0901466  0.0393188 -0.0536872   4.55389 -0.107788  -8.68717 
               197.9 26.7332 45.1941 -114.81  1.89259  -10.046 0.851823 0 0 0   -0.011 -0.02329  0.04412 -0.490417 -0.370842 -0.235556 -0.00297899 0.000797958  -0.0038379 -0.0905232  0.0387845 -0.0530866   4.55394 -0.107842  -8.68715 
                 198  27.6764   44.578 -114.412  1.84689 -10.0824 0.829691 0 0 0   -0.011 -0.02329  0.04412 -0.327191 -0.517066 -0.205931 -0.00305169 0.000816102 -0.00388499 -0.0902232  0.0388825 -0.0530577   4.55395 -0.107802  -8.68714 
               198.1  29.9852   44.706 -113.283  1.81404 -10.1303  0.80256 0 0 0   -0.011 -0.02329  0.04412 -0.415887 -0.423835 -0.267507 -0.00315496 0.000774046 -0.00389979 -0.0905622  0.0386766 -0.0527868  4.55396 -0.10784 -8.68714 
               198.2 29.6195 44.8055 -113.21   1.7834 -10.1796 0.780962 0 0 0   -0.011 -0.02329  0.04412 -0.200149 -0.471029  -0.13496 -0.00300741 0.000798173 -0.00382677 -0.0908509  0.0387797 -0.0529018   4.55392 -0.107865  -8.68715 
               198.3  28.367 45.2192 -113.97   1.7571 -10.2188 0.783635 0 0 0   -0.011 -0.02329  0.04412 -0.360724 -0.399755 -0.186297  -0.0030231  0.00082389 -0.00381458 -0.0895815   0.037792 -0.0536787   4.55408 -0.107866  -8.68707 
               198.4  29.3628  44.7182 -113.721  1.71615 -10.2633 0.769159 0 0 0   -0.011 -0.02329  0.04412 -0.317363 -0.420101 -0.158803 -0.00310374 0.000802094 -0.00384948 -0.0897563  0.0384824  -0.054355   4.55397 -0.107855  -8.68713 
               198.5  28.0172  44.8633 -114.545  1.69319 -10.3084 0.754502 0 0 0   -0.011 -0.02329  0.04412 -0.269955 -0.485207 -0.153701 -0.00303152 0.000785048 -0.00384238  -0.089705  0.0381969 -0.0540182   4.55402 -0.107859   -8.6871 
               198.6  27.2303  44.4171 -115.392  1.66176 -10.3501 0.731603 0 0 0   -0.011 -0.02329  0.04412  -0.35536 -0.451589 -0.183328 -0.00307177 0.000839721 -0.00388671 -0.0899245  0.0379039 -0.0535783   4.55405 -0.107887  -8.68709 
               198.7  29.0446  44.8953 -114.368  1.62472 -10.3917 0.712266 0 0 0   -0.011 -0.02329  0.04412 -0.273147 -0.441458 -0.148931 -0.00313074 0.000731735 -0.00392029  -0.090347  0.0389375 -0.0538494   4.55391 -0.107848  -8.68716 
               198.8  26.9699  44.7261 -115.812  1.59166 -10.4338 0.689915 0 0 0   -0.011 -0.02329  0.04412 -0.319573 -0.282697 -0.212573 -0.00301089 0.000782277 -0.00384739 -0.0904024  0.0385786 -0.0536247   4.55394 -0.107876  -8.68714 
               198.9  28.7139  45.3817 -114.043  1.56812 -10.4536  0.66946 0 0 0   -0.011 -0.02329  0.04412   0.034048 -0.0275938 0.00166178 -0.00307553 0.000737805   -0.003913 -0.0908763  0.0390777 -0.0534396   4.55387 -0.107868  -8.68718 
                 199  29.4761  46.0664 -113.562  1.58049 -10.4392  0.67737 0 0 0   -0.011 -0.02329  0.04412 0.00791468   0.113807 0.00138644 -0.00302377 0.000766388 -0.00385815 -0.0899389   0.039217 -0.0530906   4.55394 -0.107748  -8.68715 
               199.1  28.5231  45.4739 -114.197   1.5861 -10.4406 0.679754 0 0 0   -0.011 -0.02329  0.04412  0.0665294 -0.0222737 0.00841354 -0.00304335 0.000802928 -0.00390023 -0.0901864  0.0386821 -0.0532668   4.55396 -0.107829  -8.68713 
               199.2  28.6322  45.2913 -114.253  1.58226 -10.4412 0.679373 0 0 0   -0.011 -0.02329  0.04412 -0.0123535 -0.0346357  -0.021991 -0.00307646 0.000795214 -0.00391309 -0.0902353  0.0388731 -0.0535884   4.55393 -0.107832  -8.68715 
               199.3 29.0687  45.297 -113.94  1.57356  -10.441 0.673217 0 0 0   -0.011 -0.02329  0.04412 -0.0644537   0.126283 -0.0203873 -0.00303571 0.000813001 -0.00390619 -0.0907824  0.0391004 -0.0538537   4.55386 -0.107876  -8.68719 
               199.4  28.0112  46.1274 -116.365  1.55189 -10.4321 0.666948 0 0 0   -0.011 -0.02329  0.04412 -0.390395  0.134213 -0.205825 -0.00307262 0.000808878 -0.00379549 -0.0907191  0.0393492 -0.0542009   4.55383 -0.107864   -8.6872 
               199.5  24.6023  47.9257 -123.453  1.49693  -10.414 0.634851 0 0 0   -0.011 -0.02329  0.04412 -0.665036  0.289123 -0.379211 -0.00311674 0.000807319 -0.00366111 -0.0905136  0.0393277 -0.0539769   4.55385 -0.107837  -8.68719 
               199.6  23.0142  51.0577 -131.433  1.46175 -10.4065 0.614567 0 0 0   -0.011 -0.02329  0.04412  -0.071372  0.0527795 -0.0516804 -0.00315652 0.000765803 -0.00357678 -0.0909459  0.0393827 -0.0541017   4.55381 -0.107873  -8.68721 
               199.7  20.6267  53.3337 -136.902  1.46819  -10.392 0.621221 0 0 0   -0.011 -0.02329  0.04412  0.0999947 0.00325549  0.0670176 -0.00313144 0.000737159  -0.0036771 -0.0905903  0.0392558  -0.054105   4.55385 -0.107864  -8.68719 
               199.8 19.5161 52.3789 -139.26  1.45998 -10.3739 0.612592 0 0 0   -0.011 -0.02329  0.04412 -0.274549  0.323121 -0.122283 -0.00307363 0.000872919 -0.00380902 -0.0905238  0.0394777 -0.0537016   4.55387 -0.107823  -8.68718 
               199.9   17.345  53.1231 -142.947  1.43138 -10.3479 0.601259 0 0 0   -0.011 -0.02329  0.04412  -0.266047   0.362875 -0.0864425 -0.00305312 0.000829879 -0.00374523 -0.0904711  0.0393653 -0.0540088  4.55386 -0.10784 -8.68719 
                 200 13.3502 54.4891 -151.39  1.39948 -10.3232  0.59126 0 0 0   -0.011 -0.02329  0.04412  -0.288436   0.302685 -0.0955904 -0.00305713 0.000819538 -0.00356719 -0.0904678  0.0389915 -0.0542932   4.55384 -0.107897   -8.6872 
               200.1   8.5299  55.6715 -161.469  1.36664 -10.2981 0.566691 0 0 0   -0.011 -0.02329  0.04412 -0.333805  0.378064 -0.123423 -0.00311436 0.000822075  -0.0035292 -0.0908152  0.0386285 -0.0538263   4.55382 -0.107958   -8.6872 
               200.2  3.75948  56.7568 -170.972  1.34162 -10.2697 0.543349 0 0 0   -0.011 -0.02329  0.04412 -0.149503  0.144409 -0.128199 -0.00308839 0.000801615 -0.00353969 -0.0908671  0.0389758  -0.053259   4.55387 -0.107914  -8.68718 
               200.3 0.159552  57.7005 -177.944  1.35002  -10.271 0.541686 0 0 0   -0.011 -0.02329  0.04412  0.123457  -0.18958 0.0194683 -0.00300324 0.000779021 -0.00359397 -0.0905813    0.03876 -0.0527916   4.55393 -0.107993  -8.68715 
               200.4 0.181188  56.9875 -177.502  1.34803 -10.2654 0.534207 0 0 0   -0.011 -0.02329  0.04412 0.00968692   0.049067 -0.0266334 -0.00287531 0.000953348 -0.00380063 -0.0913698   0.038831 -0.0529655   4.55382 -0.107892  -8.68721 
               200.5 2.35079 57.1846 -176.08    1.342  -10.272 0.534833 0 0 0   -0.011 -0.02329  0.04412 -0.0090314   0.100722 -0.0118898 -0.00299955 0.000869481 -0.00385776 -0.0914879  0.0385877  -0.053722   4.55371 -0.107862  -8.68726 
               200.6 -0.232541   57.0897  -177.452  1.33524 -10.2732 0.537412 0 0 0   -0.011 -0.02329  0.04412 -0.0159457 -0.0610677 -0.0174867 -0.00285016 0.000918943 -0.00377658  -0.091479   0.038283 -0.0543249   4.55363 -0.107864  -8.68731 
               200.7 0.248176  57.0578   -177.2  1.33556 -10.2718 0.538245 0 0 0   -0.011 -0.02329  0.04412  -0.0114842 -0.00721482 -0.00247197 -0.00290838  0.00093125 -0.00378415  -0.09125 0.0383632   -0.0542   4.55368 -0.107893  -8.68728 
               200.8  1.25469  57.1879 -176.609  1.33084 -10.2761 0.547193 0 0 0   -0.011 -0.02329  0.04412 -0.0261107  0.0140139  0.0205806 -0.00300595 0.000855213 -0.00382904 -0.0907625  0.0381011 -0.0548215   4.55366 -0.107953  -8.68729 
               200.9 0.650969  57.1429 -176.925  1.33124 -10.2763 0.545869 0 0 0   -0.011 -0.02329  0.04412  -0.0177384 -0.00340782   0.0112017 -0.00294995 0.000885174 -0.00381241 -0.0908366  0.0381594 -0.0544833   4.55368 -0.107961  -8.68728 
                 201 0.587573  57.1487 -176.967  1.33325 -10.2749 0.551558 0 0 0   -0.011 -0.02329  0.04412 -0.00515786 -0.00585078    0.023154 -0.00296238 0.000877917 -0.00380637 -0.0903612  0.0383838 -0.0544029   4.55378 -0.107998  -8.68723 
               201.1 0.660205  57.1046 -176.877  1.33247 -10.2761 0.547622 0 0 0   -0.011 -0.02329  0.04412    -0.01386 -0.00282731  0.00624908 -0.00294957 0.000901036 -0.00381366 -0.0907762  0.0381711 -0.0541541   4.55371 -0.107995  -8.68726 
               201.2 0.567121  57.0458  -176.99  1.32671 -10.2666 0.542837 0 0 0   -0.011 -0.02329  0.04412  -0.163903   0.129072 -0.0775308 -0.00294109 0.000905087 -0.00379732 -0.0906937  0.0383759 -0.0538777   4.55377 -0.107995  -8.68723 
               201.3 -1.01305  57.0823  179.997  1.29355 -10.2392 0.516497 0 0 0   -0.011 -0.02329  0.04412 -0.386547   0.43565 -0.222651 -0.00301176 0.000922314 -0.00372458 -0.0913982  0.0382311 -0.0539057  4.55366 -0.10792 -8.68729 
               201.4 -7.19973   57.705  169.677  1.26538 -10.2052 0.505213 0 0 0   -0.011 -0.02329  0.04412  -0.0921134 -0.00665746  -0.0763506 -0.00306014  0.00090195 -0.00353866 -0.0918848  0.0386315 -0.0543085   4.55363 -0.107755  -8.68731 
               201.5 -9.45468  57.0431  163.609  1.27725 -10.1949 0.507409 0 0 0   -0.011 -0.02329  0.04412   0.0251356   0.0209144 -0.00458082 -0.00297578 0.000963098 -0.00355273   -0.09112   0.040028 -0.0536126   4.55398 -0.107704  -8.68712 
               201.6 -10.1201  56.7164  164.078  1.28232 -10.1966 0.503911 0 0 0   -0.011 -0.02329  0.04412  0.0181696 -0.0170684 -0.0297642 -0.00283042 0.000943801 -0.00374707 -0.0910993  0.0393548  -0.053209    4.5539 -0.107848  -8.68716 
               201.7 -8.75046  56.9287  165.109  1.28913 -10.2031 0.507211 0 0 0   -0.011 -0.02329  0.04412  0.0367112  0.0666648 0.00448663 -0.00289778 0.000935532 -0.00379264 -0.0904491   0.038901 -0.0530137   4.55391 -0.108044  -8.68716 
               201.8 -9.39781  56.9729  164.909  1.28673  -10.212 0.507999 0 0 0   -0.011 -0.02329  0.04412    0.014016  -0.0268839 -0.00671657 -0.00289321 0.000895423 -0.00378623 -0.0904607   0.037998 -0.0533657   4.55372 -0.108131  -8.68725 
               201.9 -9.77213  56.9712  164.681  1.28566 -10.2153 0.509041 0 0 0   -0.011 -0.02329  0.04412   0.0069736   -0.043887 -0.00287631 -0.00288381  0.00088224 -0.00375423 -0.0904403  0.0376951 -0.0535654   4.55366 -0.108155  -8.68729 
                 202 -9.18185  56.9701  165.055  1.28831 -10.2151  0.50304 0 0 0   -0.011 -0.02329  0.04412   0.011868 -0.0105778 -0.0138362 -0.00290914 0.000901123 -0.00377596 -0.0907605  0.0378617 -0.0532179  4.55368 -0.10811 -8.68728 
               202.1 -9.21427   56.975  165.054  1.29101 -10.2225 0.506247 0 0 0   -0.011 -0.02329  0.04412    0.014666  -0.0167202 -0.00332771 -0.00289791 0.000898802 -0.00376894 -0.0902917  0.0375307 -0.0532337   4.55366 -0.108241  -8.68729 
               202.2 -9.35217  56.9785  164.991  1.28842 -10.2238 0.502396 0 0 0   -0.011 -0.02329  0.04412 0.00304234  -0.021987 -0.0128345 -0.00288895 0.000892659 -0.00376114  -0.090713  0.0375003 -0.0534026    4.5536 -0.108149  -8.68732 
               202.3 -9.36357  56.9372   165.04  1.28494 -10.2227 0.508106 0 0 0   -0.011 -0.02329  0.04412 -0.00692264  -0.0206507  0.00355487 -0.00288636 0.000918268 -0.00377273 -0.0905034  0.0377962 -0.0540039   4.55364 -0.108084   -8.6873 
               202.4 -9.28397  56.9057  165.118  1.28308   -10.22 0.505033 0 0 0   -0.011 -0.02329  0.04412 -0.00971505  -0.0105518 -0.00481876 -0.00288636 0.000937283 -0.00378175 -0.0908574   0.038028 -0.0539911   4.55365 -0.107988   -8.6873 
               202.5 -9.12049  56.9641  165.183  1.28312 -10.2195 0.511738 0 0 0   -0.011 -0.02329  0.04412 -0.0043836 0.00492623  0.0150551    -0.00293 0.000909595 -0.00378699 -0.0903876  0.0382374 -0.0542118   4.55372 -0.108022  -8.68726 
               202.6 -9.16272   56.962   165.15  1.28267 -10.2162 0.502841 0 0 0   -0.011 -0.02329  0.04412 -0.00512852   0.0159685 -0.00940796 -0.00292356 0.000909149 -0.00377419 -0.0910856  0.0383471 -0.0538364   4.55369 -0.107919  -8.68727 
               202.7 -9.33225  56.9965  165.061  1.28061 -10.2136 0.502383 0 0 0   -0.011 -0.02329  0.04412  -0.0103095   0.0107324 -0.00915527 -0.00289459 0.000885439 -0.00376438 -0.0911441  0.0384613 -0.0539802    4.5537 -0.107878  -8.68727 
               202.8 -9.32903  56.9822  165.061  1.28276 -10.2108 0.499911 0 0 0   -0.011 -0.02329  0.04412 -0.00173339  0.00957821  -0.0131713  -0.0029085 0.000892583  -0.0037683 -0.0911266  0.0386301 -0.0537059   4.55375 -0.107886  -8.68724 
               202.9 -9.27587  56.9663  165.111  1.28051 -10.2081 0.502237 0 0 0   -0.011 -0.02329  0.04412 -0.00708643     0.02027 -0.00313644 -0.00290011 0.000902513 -0.00376927 -0.0910093  0.0387001 -0.0540059   4.55376 -0.107866  -8.68724 
                 203 -9.22375  56.9453   165.14  1.28093 -10.2053 0.503008 0 0 0   -0.011 -0.02329  0.04412 -0.00299584   0.0309775  0.00114967 -0.00290422  0.00091489 -0.00376608 -0.0909017  0.0388411 -0.0539814    4.5538 -0.107869  -8.68722 
               203.1 -9.33288  56.9343  165.086  1.28553 -10.2141   0.4996 0 0 0   -0.011 -0.02329  0.04412  0.00844592 -0.00718765 -0.00926427 -0.00288583 0.000916963 -0.00375709 -0.0907055  0.0380109 -0.0533804    4.5537 -0.108078  -8.68727 
               203.2 -9.19515  56.8946  165.193   1.2817 -10.2176 0.499593 0 0 0   -0.011 -0.02329  0.04412 -0.00406466  -0.0219652 -0.00846815 -0.00292773 0.000943201 -0.00379131 -0.0908181  0.0376416 -0.0537267    4.5536 -0.108073  -8.68732 
               203.3 -9.28914  56.9043   165.12  1.28174 -10.2143 0.497024 0 0 0   -0.011 -0.02329  0.04412 -0.00217565 -0.00480464  -0.0120188 -0.00289526 0.000935528 -0.00376262 -0.0909972  0.0380225 -0.0536744   4.55366 -0.107995  -8.68729 
               203.4 -9.30717  56.9435  165.122  1.27995 -10.2099 0.503146 0 0 0   -0.011 -0.02329  0.04412 -0.00535193   0.0158225  0.00732776 -0.00287044 0.000915936 -0.00375839 -0.0906932   0.038517 -0.0541323   4.55375 -0.107936  -8.68724 
               203.5 -9.27699  56.9224  165.114  1.28252 -10.2104 0.497622 0 0 0   -0.011 -0.02329  0.04412  0.00350883  0.00862222 -0.00739592 -0.00290313 0.000927534 -0.00376141 -0.0909225  0.0383788  -0.053649   4.55373 -0.107963  -8.68725 
               203.6 -9.23202  56.9799  165.125  1.28311 -10.2187 0.502876 0 0 0   -0.011 -0.02329  0.04412 0.00265087 -0.0220999 0.00393016 -0.00293587  0.00089705 -0.00377865 -0.0903757  0.0377509  -0.053781  4.55366 -0.10813 -8.68729 
               203.7 -9.16775  56.9424  165.208  1.28736 -10.2212 0.500431 0 0 0   -0.011 -0.02329  0.04412   0.0143462   -0.024547 -0.00241152 -0.00293438 0.000921904 -0.00380027 -0.0903788  0.0377168 -0.0533659   4.55368 -0.108175  -8.68728 
               203.8 -9.26779  56.9151   165.13  1.28886 -10.2224 0.505045 0 0 0   -0.011 -0.02329  0.04412  0.0158029 -0.0151476  0.0113736 -0.00290031 0.000932792 -0.00376462 -0.0900949  0.0378772 -0.0535728   4.55373 -0.108182  -8.68725 
               203.9 -9.17867  56.9483  165.184  1.28753 -10.2183 0.503162 0 0 0   -0.011 -0.02329  0.04412 0.00890924 0.00262849 0.00551769 -0.00292157 0.000915469 -0.00378296 -0.0904997  0.0382384 -0.0537167  4.55374 -0.10805 -8.68725 
                 204 -9.29119  56.9812    165.1  1.28722  -10.214 0.505056 0 0 0   -0.011 -0.02329  0.04412 0.00538908  0.0090556 0.00838261 -0.00291292 0.000894508 -0.00377082 -0.0905282  0.0386127 -0.0539025   4.55379 -0.107976  -8.68722 
               204.1 -9.27872  56.9743  165.102  1.28397 -10.2109 0.503357 0 0 0   -0.011 -0.02329  0.04412 -0.00614478   0.0109362 0.000870397  -0.0029252  0.00089617 -0.00377427 -0.0908845  0.0386224 -0.0540863   4.55375 -0.107896  -8.68724 
               204.2 -9.23813  57.1409  165.116  1.28304 -10.2106 0.515456 0 0 0   -0.011 -0.02329  0.04412 -0.00963086   0.0154921   0.0291652 -0.00293097 0.000807291 -0.00378711 -0.0901033  0.0387106 -0.0545725  4.55381 -0.10797 -8.68721 
               204.3 -9.15679  56.9836  165.214  1.27921 -10.2112 0.510686 0 0 0   -0.011 -0.02329  0.04412 -0.0181957  0.0125051  0.0110167 -0.00292484 0.000897119 -0.00379655 -0.0907009  0.0383369 -0.0544492   4.5537 -0.10793 -8.68727 
               204.4 -9.30452  56.8646  165.126  1.28225 -10.2177 0.503023 0 0 0   -0.011 -0.02329  0.04412 -0.00448243   -0.011916  -0.0106259   -0.002891 0.000956133 -0.00376584  -0.090927  0.0377364 -0.0536913   4.55361 -0.108044  -8.68731 
               204.5 -9.18257  56.9476  165.196  1.28153  -10.222 0.498411 0 0 0   -0.011 -0.02329  0.04412 -0.00632978  -0.0251172  -0.0206084 -0.00293511 0.000913311 -0.00380029 -0.0911131  0.0374188 -0.0535342  4.55355 -0.10807 -8.68735 
               204.6 -9.33512  56.8977   165.12  1.28474 -10.2188 0.499397 0 0 0   -0.011 -0.02329  0.04412 0.00636489 -0.0109279 -0.0116498 -0.00288093 0.000936849 -0.00377132  -0.090854  0.0380154 -0.0534418   4.55368 -0.108044  -8.68728 
               204.7 -9.16855  56.9262  165.203  1.28149 -10.2201 0.496555 0 0 0   -0.011 -0.02329  0.04412 0.00206484 -0.0104634 -0.0115653  -0.0029268 0.000926201 -0.00379312 -0.0911298  0.0378271 -0.0536458   4.55361 -0.108003  -8.68731 
               204.8 -9.1238 56.9455 165.256   1.2849 -10.2209 0.495243 0 0 0   -0.011 -0.02329  0.04412 0.0992213 -0.134289 0.0386263 -0.00292006 0.000921504 -0.00378896 -0.0912088  0.0382318 -0.0536257   4.55368 -0.107938  -8.68728 
               204.9 -7.85095  57.3801  167.148  1.29152 -10.2335  0.50128 0 0 0   -0.011 -0.02329  0.04412 -0.0646412   0.080151 -0.0571479 -0.00292063 0.000913289 -0.00383764 -0.0909006  0.0381636 -0.0538054   4.55368 -0.107982  -8.68728 
                 205 -8.61075  57.0437  167.797  1.28852 -10.2189 0.503007 0 0 0   -0.011 -0.02329  0.04412 -0.0808972  0.0492051 -0.0218483 -0.00287548 0.000946413 -0.00381555 -0.0905863  0.0384743  -0.053782   4.55377 -0.107995  -8.68723 
               205.1 -7.90333  56.7153  166.723  1.26425 -10.1941 0.492671 0 0 0   -0.011 -0.02329  0.04412  -0.226284   0.500605 -0.0670711 -0.00297037 0.000957536 -0.00377547  -0.090648  0.0383069 -0.0538409   4.55373 -0.108002  -8.68725 
               205.2 -14.6498  56.2656  156.322  1.24129 -10.1595 0.485639 0 0 0   -0.011 -0.02329  0.04412  -0.0691231  0.00154792 -0.00259751 -0.00301639 0.000861443 -0.00351099 -0.0912304  0.0382389 -0.0544756   4.55362 -0.107858  -8.68731 
               205.3 -16.5175  55.1388  150.161  1.24593  -10.152 0.486099 0 0 0   -0.011 -0.02329  0.04412  0.0587198 -0.0118976  0.0300092 -0.00300743 0.000998321 -0.00362375 -0.0911352  0.0388217 -0.0541477  4.55375 -0.10783 -8.68724 
               205.4 -16.0818  55.2893  150.937  1.25403 -10.1602 0.480384 0 0 0   -0.011 -0.02329  0.04412 0.0486541 0.0393912  0.011212 -0.00287976 0.000951938 -0.00381732 -0.0910932  0.0385764 -0.0533673   4.55376 -0.107947  -8.68724 
               205.5 -17.5052  55.1765   150.47  1.25143 -10.1488 0.475566 0 0 0   -0.011 -0.02329  0.04412  -0.105847   0.399015 -0.0701446  -0.0028093 0.000942528 -0.00373731 -0.0909353  0.0380726 -0.0530739   4.55369 -0.108064  -8.68727 
               205.6 -19.9446  54.2051  145.782  1.22889 -10.1023  0.46905 0 0 0   -0.011 -0.02329  0.04412  -0.100696    0.43188 -0.0167264 -0.00292141 0.000952462 -0.00360896 -0.0916904  0.0374187 -0.0539138   4.55345 -0.107891   -8.6874 
               205.7 -21.8262  52.7753  138.437   1.2183 -10.0489 0.470164 0 0 0   -0.011 -0.02329  0.04412 -0.0243187   0.585243  0.0221632  -0.0030461 0.000911952 -0.00352867 -0.0915522  0.0377911 -0.0542665   4.55352 -0.107841  -8.68736 
               205.8 -25.8909  49.9876  129.215  1.21795 -10.0148 0.471513 0 0 0   -0.011 -0.02329  0.04412 -0.0880275   0.151899 -0.0821316 -0.00301306 0.000943686 -0.00345406 -0.0910784  0.0381637 -0.0541241   4.55364 -0.107925   -8.6873 
               205.9 -27.8429  48.4907   123.98  1.22791 -10.0117 0.477562 0 0 0   -0.011 -0.02329  0.04412 -0.0496699  -0.153824  -0.048706 -0.00293342 0.000929499 -0.00353427 -0.0903291  0.0389614  -0.053752   4.55389 -0.108082  -8.68717 
                 206  -27.02 48.4565  125.08  1.22448 -9.99278 0.473986 0 0 0   -0.011 -0.02329  0.04412   0.06264  0.320485 0.0480474 -0.00284435  0.00095515 -0.00373826 -0.0907664  0.0387055 -0.0538831    4.5538 -0.107975  -8.68722 
               206.1 -28.6096  47.5698  121.216  1.20979  -9.9684 0.467035 0 0 0   -0.011 -0.02329  0.04412   0.0253981     0.60801 -0.00226092 -0.00282548 0.000996445 -0.00360374 -0.0911733  0.0369499 -0.0539886   4.55333 -0.107931  -8.68746 
               206.2 -32.0425  44.1822  114.269  1.21427 -9.93713  0.47567 0 0 0   -0.011 -0.02329  0.04412  -0.034563    0.24044 -0.0920448 -0.00284267 0.000996728 -0.00344024 -0.0904069  0.0364811 -0.0538505   4.55323 -0.108159  -8.68751 
               206.3 -31.5202  41.5418  109.156  1.23276 -9.89539 0.493372 0 0 0   -0.011 -0.02329  0.04412  0.197483   0.48705 0.0821341 -0.00297239 0.000924925 -0.00344294 -0.0895706  0.0376368 -0.0540471   4.55355 -0.108331  -8.68734 
               206.4 -32.403  38.545 102.489  1.24791 -9.84155 0.504118 0 0 0   -0.011 -0.02329  0.04412 0.413085 0.447235 0.286411 -0.00294778 0.000905151 -0.00341979  -0.089972  0.0377698 -0.0547905   4.55359 -0.108112  -8.68733 
               206.5   -34.6 35.3861 94.5806  1.27277 -9.80204 0.516213 0 0 0   -0.011 -0.02329  0.04412 0.0719464  0.061291 0.0609467 -0.00285575 0.000874405 -0.00332008 -0.0910323  0.0383601 -0.0550203   4.55377 -0.107799  -8.68723 
               206.6 -33.3421  33.7469  91.1026  1.27915 -9.80126 0.532035 0 0 0   -0.011 -0.02329  0.04412  -0.0326973  -0.0232295 -0.00012946 -0.00292337 0.000868611  -0.0034511 -0.0903857  0.0385129 -0.0554758    4.5538 -0.107915  -8.68722 
               206.7 -32.6298  33.4744   91.643    1.278 -9.80672 0.522022 0 0 0   -0.011 -0.02329  0.04412 0.0892645  0.011198 0.0718695 -0.00276683 0.000976664 -0.00370647 -0.0903496  0.0385443 -0.0546447   4.55379 -0.108061  -8.68722 
               206.8 -34.8888  33.5151   91.009  1.27952 -9.80266 0.507294 0 0 0   -0.011 -0.02329  0.04412 -0.0387691 -0.0152862 -0.0584706 -0.00258902 0.000991766 -0.00364752 -0.0913204   0.037649 -0.0539202   4.55356 -0.107823  -8.68734 
               206.9 -33.9284  33.7904  91.4592  1.28171 -9.79762 0.505416 0 0 0   -0.011 -0.02329  0.04412 -0.00859022    0.269136   0.0452767 -0.00272732 0.000972873 -0.00366936 -0.0908813  0.0375542 -0.0532367   4.55347 -0.108048  -8.68739 
                 207 -33.829 32.6652  91.343  1.26945  -9.7606 0.501722 0 0 0   -0.011 -0.02329  0.04412 -0.128011  0.609402 -0.127672  -0.0026904  0.00102903 -0.00360147 -0.0902972  0.0373506 -0.0531551   4.55336 -0.108205  -8.68745 
               207.1 -34.4839   31.814  90.4571  1.25076 -9.69705  0.48364 0 0 0   -0.011 -0.02329  0.04412 -0.265395   0.51378  -0.17984 -0.00267737  0.00100399 -0.00359135 -0.0906067  0.0373436 -0.0532725   4.55339 -0.108098  -8.68743 
               207.2 -34.6679  32.4523  90.2032  1.22823 -9.64616 0.490403 0 0 0   -0.011 -0.02329  0.04412 -0.00629161    0.387888   0.0547715 -0.00268669 0.000863499 -0.00363341 -0.0898357  0.0369458 -0.0543368   4.55325 -0.108102   -8.6875 
               207.3 -34.0142  33.1349  90.2772  1.22133  -9.6364 0.488612 0 0 0   -0.011 -0.02329  0.04412 -0.00944399   -0.182738   0.0165101 -0.00276182  0.00089234 -0.00371103 -0.0898817  0.0366742  -0.054344   4.55318 -0.108058  -8.68754 
               207.4 -34.1349  32.6307  90.3219 1.22625 -9.6455 0.49141 0 0 0   -0.011 -0.02329  0.04412 -0.00618074    0.143926   0.0886478 -0.00272348 0.000994037   -0.003678 -0.0898283  0.0370495 -0.0539686   4.55326 -0.108175   -8.6875 
               207.5 -34.1545  31.7498  90.6422  1.22654 -9.60763 0.502406 0 0 0   -0.011 -0.02329  0.04412 -0.0502664   0.698756 -0.0245222 -0.00269246 0.000973113 -0.00364546 -0.0896599  0.0374311 -0.0540519   4.55336 -0.108251  -8.68744 
               207.6 -32.7296  30.8635  90.6742  1.21075 -9.51203 0.470678 0 0 0   -0.011 -0.02329  0.04412  -0.34642  0.524351 -0.034938 -0.00278363  0.00103375 -0.00366149 -0.0904221  0.0376869 -0.0540127    4.5535 -0.108069  -8.68737 
               207.7 -35.0217  33.7286  87.3737  1.18942   -9.452 0.463463 0 0 0   -0.011 -0.02329  0.04412 -0.0898008    0.61265 -0.0750381 -0.00270424  0.00070164 -0.00363811 -0.0905332  0.0373739 -0.0539578   4.55342 -0.108012  -8.68742 
               207.8 -34.411 32.0944 89.0239  1.16901  -9.4013 0.470415 0 0 0   -0.011 -0.02329  0.04412 -0.0908339   0.591207 -0.0211204 -0.00271737  0.00090139 -0.00370296 -0.0892466  0.0369183 -0.0546225    4.5532 -0.108221  -8.68753 
               207.9 -34.1345  32.8573  88.8729  1.15644 -9.34752 0.457054 0 0 0   -0.011 -0.02329  0.04412  -0.226484   0.517433 -0.0922054 -0.00273405 0.000929401 -0.00370717 -0.0896999  0.0368787 -0.0540611   4.55321 -0.108177  -8.68752 
                 208 -34.2229  32.5906  88.8579  1.14485 -9.28735  0.44728 0 0 0   -0.011 -0.02329  0.04412  -0.131655   0.637501 -0.0865571 -0.00271241 0.000981275 -0.00367449 -0.0899397  0.0368304 -0.0535882   4.55319 -0.108179  -8.68753 
               208.1 -33.3868  33.1482  89.0191  1.13124 -9.22973  0.43002 0 0 0   -0.011 -0.02329  0.04412 -0.156656   0.60502 -0.193046 -0.00276859 0.000940151 -0.00368635 -0.0899087  0.0369322  -0.053165    4.5532 -0.108265  -8.68753 
               208.2 -34.2632  32.9395  88.7079  1.11769 -9.15893  0.39833 0 0 0   -0.011 -0.02329  0.04412  -0.12978    0.7232 -0.189261 -0.00268415  0.00105244 -0.00365445 -0.0908252  0.0371451 -0.0526408   4.55332 -0.108118  -8.68746 
               208.3 -35.7744  33.6313  87.4099  1.10631 -9.09402 0.383845 0 0 0   -0.011 -0.02329  0.04412 -0.163106   0.54397 -0.137021 -0.00267763 0.000961592 -0.00366728 -0.0909831   0.037022 -0.0525148   4.5533 -0.10808 -8.68748 
               208.4 -35.0635  34.2167  87.3127  1.08159 -9.05824 0.381367 0 0 0   -0.011 -0.02329  0.04412   -0.13331   0.383302 -0.0265174 -0.0027947 0.00098485  -0.003698 -0.0897218  0.0361837 -0.0527257  4.55296  -0.1083 -8.68765 
               208.5 -35.1679  32.8843  87.8478  1.07077 -9.01498 0.383266 0 0 0   -0.011 -0.02329  0.04412  -0.122635   0.564391 -0.0330023 -0.00273785  0.00108476  -0.0036686 -0.0894278  0.0361705 -0.0529192   4.55293 -0.108348  -8.68767 
               208.6 -33.673 32.6033 88.8975  1.05432 -8.96502 0.376136 0 0 0   -0.011 -0.02329  0.04412 -0.217182  0.476139 -0.114346 -0.00282895  0.00106107 -0.00370563  -0.089392  0.0367253 -0.0528474   4.55308 -0.108431  -8.68759 
               208.7 -35.277 32.0352 88.0159  1.03776 -8.91175  0.36723 0 0 0   -0.011 -0.02329  0.04412  -0.171829   0.521838 -0.0955632 -0.00269102  0.00103549 -0.00364213 -0.0893675  0.0368511  -0.053005   4.55312 -0.108426  -8.68757 
               208.8 -35.3732  31.8535  88.0417  1.02746 -8.85899 0.364424 0 0 0   -0.011 -0.02329  0.04412   -0.14237   0.530764 -0.0918862 -0.00275006  0.00102753 -0.00365681 -0.089596 0.0370068 -0.053152   4.55319 -0.108358  -8.68753 
               208.9 -34.4115    31.65  88.4353  1.00924 -8.81023 0.363055 0 0 0   -0.011 -0.02329  0.04412 -0.0620842   0.607389 -0.0356467 -0.00278121 0.000976444 -0.00367168 -0.0890538  0.0371822 -0.0534737   4.55321 -0.108474  -8.68752 
                 209 -35.4056  31.6133  88.3059 0.991881 -8.74878 0.350508 0 0 0   -0.011 -0.02329  0.04412 -0.249357  0.528732  -0.11766  -0.0026796 0.000957744 -0.00367625 -0.0893179  0.0370353 -0.0537369    4.5532 -0.108344  -8.68753 
               209.1 -35.8448  31.4469  87.9131 0.985601 -8.69361 0.347502 0 0 0   -0.011 -0.02329  0.04412 -0.0117231   0.537392  0.0416468 -0.00268683  0.00100973 -0.00366973 -0.0894783  0.0369716 -0.0534739   4.55319 -0.108335  -8.68753 
               209.2 -34.4046   31.512  88.9958 0.970666 -8.63567  0.33729 0 0 0   -0.011 -0.02329  0.04412 -0.218588  0.546406 -0.162857 -0.00280071   0.0010026  -0.0037049 -0.0902439  0.0366301 -0.0535028   4.55316 -0.108085  -8.68755 
               209.3 -34.4856  31.1059  88.9942 0.954619 -8.58004 0.334929 0 0 0   -0.011 -0.02329  0.04412  -0.111971   0.750164 -0.0601241 -0.00276988   0.0009661 -0.00369388 -0.0892099  0.0366367 -0.0535028   4.55307 -0.108366  -8.68759 
               209.4 -34.8549  31.8548  88.2417 0.940793 -8.51136 0.324924 0 0 0   -0.011 -0.02329  0.04412  -0.133054    0.63523 -0.0400926 -0.00276052 0.000899865 -0.00367192 -0.0892786  0.0362739 -0.0531553  4.55296 -0.10836 -8.68765 
               209.5 -34.4977  32.6525  88.0817  0.92162 -8.45369 0.310541 0 0 0   -0.011 -0.02329  0.04412 -0.209765  0.507448  -0.13259  -0.0027856 0.000894756 -0.00370315 -0.0892463  0.0359459 -0.0528134   4.55286 -0.108385  -8.68771 
               209.6 -34.9348  32.2765  87.7278 0.900677 -8.40389 0.297856 0 0 0   -0.011 -0.02329  0.04412  -0.140764   0.584381 -0.0724526 -0.00276107 0.000950859 -0.00367181 -0.0890705  0.0358542 -0.0527025   4.55281 -0.108439  -8.68773 
               209.7 -36.2368  32.0791  87.1238 0.894572 -8.34241 0.287523 0 0 0   -0.011 -0.02329  0.04412 -0.176463  0.548416 -0.116881 -0.00270625 0.000935725 -0.00366012  -0.089158  0.0364219 -0.0523109   4.55296 -0.108536  -8.68765 
               209.8 -35.568 32.4554  87.093 0.878882 -8.29187 0.280152 0 0 0   -0.011 -0.02329  0.04412   -0.11847   0.518202 -0.0724107 -0.00279643  0.00093867 -0.00367507 -0.0890476  0.0364894 -0.0522937   4.55297 -0.108575  -8.68765 
               209.9 -36.0347  31.9109  87.2383 0.864183 -8.24128 0.277506 0 0 0   -0.011 -0.02329  0.04412 -0.0689703   0.582693 -0.0231143 -0.00275603 0.000973097 -0.00366841 -0.0890415  0.0361945 -0.0526701    4.5529 -0.108488  -8.68768 
                 210 -35.5584  31.4424  87.6406 0.855604 -8.18176 0.271328 0 0 0   -0.011 -0.02329  0.04412 -0.167202  0.664996 -0.151376 -0.00276131 0.000960507 -0.00367144 -0.0887131  0.0366068 -0.0526481   4.55298 -0.108623  -8.68764 
               210.1 -35.5442  32.0921  87.3861 0.845627 -8.11636 0.263498 0 0 0   -0.011 -0.02329  0.04412  -0.161279   0.487444 -0.0773539 -0.00275449 0.000886677 -0.00368155 -0.0887572   0.037078 -0.0527662   4.55312 -0.108644  -8.68757 
               210.2 -35.3084  32.3033  87.1722 0.834552  -8.0706 0.255902 0 0 0   -0.011 -0.02329  0.04412 -0.0978519   0.401528  0.0340258  -0.0027738 0.000962597   -0.003676  -0.088781  0.0367134 -0.0523973   4.55301 -0.108654  -8.68762 
               210.3 -34.505 31.4521 88.1805 0.821827 -8.03338 0.250451 0 0 0   -0.011 -0.02329  0.04412 -0.0611409   0.461924  0.0297522 -0.00279168  0.00104019 -0.00369533 -0.0886145  0.0366836  -0.052058   4.55297 -0.108746  -8.68764 
               210.4 -35.6813  30.6582  87.7917 0.810532 -7.98204 0.251545 0 0 0   -0.011 -0.02329  0.04412 -0.210686  0.598048 -0.203268 -0.00268895 0.000939624  -0.0036431 -0.0880843  0.0364288 -0.0520789   4.55286 -0.108855   -8.6877 
               210.5 -34.0659  30.9634  88.3983 0.784203 -7.93078 0.234992 0 0 0   -0.011 -0.02329  0.04412  -0.139605   0.498484 -0.0495026 -0.00279761  0.00095781 -0.00368972 -0.0882476  0.0363927 -0.0521717   4.55287 -0.108794   -8.6877 
               210.6 -36.632 30.1643 87.2674 0.771591 -7.87876 0.234636 0 0 0   -0.011 -0.02329  0.04412  -0.172313   0.505481 -0.0536047 -0.00267156 0.000931226 -0.00362627 -0.0882785  0.0362164 -0.0525042   4.55283 -0.108719  -8.68771 
               210.7 -35.3228  30.3221  87.9421 0.751451 -7.82195 0.226474 0 0 0   -0.011 -0.02329  0.04412 -0.148057  0.619163 -0.104833 -0.00277659 0.000904474 -0.00368806 -0.0883512  0.0360669 -0.0527057   4.55281 -0.108654  -8.68773 
               210.8 -36.0725  30.4082   87.488 0.738939 -7.75753  0.21765 0 0 0   -0.011 -0.02329  0.04412 -0.0629264   0.622113 -0.0145514 -0.00272937 0.000923022 -0.00368341 -0.0887686   0.036069 -0.0525636   4.55284 -0.108565  -8.68771 
               210.9 -35.9725  30.8264  87.3028 0.721513 -7.70286 0.211816 0 0 0   -0.011 -0.02329  0.04412  -0.25106   0.49914 -0.139896 -0.00274108 0.000884399 -0.00367738 -0.0891546  0.0360914 -0.0528823   4.55289 -0.108421  -8.68769 
                 211 -36.1161  29.8975  87.6027 0.701671 -7.65809 0.212313 0 0 0   -0.011 -0.02329  0.04412 -0.150329  0.365928 0.0742074 -0.00273456 0.000924508 -0.00363494 -0.0890854  0.0358575 -0.0532228   4.55284 -0.108366  -8.68772 
               211.1 -35.7042  29.2021  88.3128 0.696661 -7.61337 0.220443 0 0 0   -0.011 -0.02329  0.04412  -0.105116   0.643106 -0.0424888 -0.00276589 0.000959576   -0.003696 -0.0887715  0.0360824 -0.0528571   4.55286 -0.108524   -8.6877 
               211.2 -33.9772  29.0243  89.1994 0.677052  -7.5505 0.195605 0 0 0   -0.011 -0.02329  0.04412 -0.24591 0.640759 -0.19733  -0.0028311 0.000963216 -0.00370564  -0.088878  0.0359788 -0.0521865   4.55281 -0.108579  -8.68773 
               211.3 -36.3058  29.1616  87.6353 0.655045 -7.48744 0.183226 0 0 0   -0.011 -0.02329  0.04412  -0.217906   0.538545 -0.0697516 -0.00269064  0.00087159 -0.00359865 -0.0889637  0.0359053 -0.0524378   4.55281 -0.108514  -8.68773 
               211.4 -36.9706  29.7284  86.9995 0.642341 -7.43773 0.183076 0 0 0   -0.011 -0.02329  0.04412   -0.14393   0.535687 -0.0406983 -0.00272513  0.00084263 -0.00363695  -0.089076  0.0360244 -0.0523869   4.55285 -0.108504  -8.68771 
               211.5 -35.8414  29.0767  88.1293 0.628157 -7.38137 0.174024 0 0 0   -0.011 -0.02329  0.04412 -0.219286  0.642648 -0.191178 -0.00282285 0.000974872 -0.00368052  -0.088794  0.0359967 -0.0521667   4.55281 -0.108605  -8.68773 
               211.6 -35.8261  29.3124  87.7599 0.613781 -7.32674 0.162248 0 0 0   -0.011 -0.02329  0.04412 -0.0958261   0.602223 -0.0303496 -0.00279889 0.000886333 -0.00366282 -0.0880939  0.0366079 -0.0518732    4.5529 -0.108891  -8.68768 
               211.7 -37.1675  29.4672   87.188 0.609806 -7.26945 0.158083 0 0 0   -0.011 -0.02329  0.04412 -0.0818796   0.503766  -0.029222 -0.00274608 0.000928027 -0.00367175 -0.0883975  0.0366894 -0.0515157   4.55293 -0.108869  -8.68766 
               211.8 -35.975 29.4087 87.7101 0.602802 -7.21058 0.154793 0 0 0   -0.011 -0.02329  0.04412 -0.102306  0.671807 -0.163549 -0.00283038 0.000973845 -0.00367802 -0.0887438  0.0370787  -0.051689   4.55307 -0.108797  -8.68759 
               211.9 -35.7025  29.3445  87.5315 0.574548 -7.15215 0.135082 0 0 0   -0.011 -0.02329  0.04412 -0.230004  0.602225 -0.143971 -0.00282447 0.000961873 -0.00366241 -0.0884557  0.0364904  -0.051801    4.5529 -0.108794  -8.68768 
                 212 -37.8859  29.4246  86.2047 0.553759 -7.09661 0.134259 0 0 0   -0.011 -0.02329  0.04412  -0.0850489    0.536697 -0.00808972 -0.00271663 0.000915904 -0.00363632 -0.0880908  0.0364383 -0.0522615   4.55287 -0.108821   -8.6877 
               212.1 -37.9269  29.6633   85.987 0.541728 -7.04438 0.128679 0 0 0   -0.011 -0.02329  0.04412 -0.260351    0.5077 -0.164976 -0.00280079 0.000857049 -0.00368368 -0.0873448  0.0364237 -0.0521692   4.55279 -0.109023  -8.68773 
               212.2 -37.326 30.0897 85.9267 0.522037  -6.9904 0.111097 0 0 0   -0.011 -0.02329  0.04412  -0.192811   0.519154 -0.0228707 -0.00281807 0.000862578 -0.00367495 -0.0874259  0.0367146 -0.0519481   4.55287 -0.109063  -8.68769 
               212.3 -39.3272  29.9589  85.0006 0.504804  -6.9293 0.109497 0 0 0   -0.011 -0.02329  0.04412  -0.139089   0.533032 -0.0111466 -0.00274817 0.000875684 -0.00365634 -0.0877684  0.0360692 -0.0523389   4.55275 -0.108855  -8.68776 
               212.4 -37.8394  30.4418  85.6047  0.48818 -6.87335 0.107307 0 0 0   -0.011 -0.02329  0.04412 -0.112534   0.61518 -0.108166  -0.0028512  0.00086284 -0.00369522 -0.0878079  0.0361159  -0.052674   4.55277 -0.108804  -8.68775 
               212.5 -38.2632   30.248  85.4758  0.473954  -6.80544 0.0848097 0 0 0   -0.011 -0.02329  0.04412 -0.220811  0.605665 -0.142151  -0.0027828 0.000921674 -0.00365977 -0.0883868  0.0363039 -0.0523769   4.55286 -0.108719   -8.6877 
               212.6 -39.4624  30.6068  84.5636  0.462447   -6.7427 0.0742126 0 0 0   -0.011 -0.02329  0.04412 -0.169973  0.564852 -0.105923 -0.00274282 0.000868481 -0.00365059 -0.0887319  0.0366502 -0.0522109   4.55298 -0.108692  -8.68764 
               212.7 -39.4513  31.1754  84.4219  0.456606  -6.68847 0.0723254 0 0 0   -0.011 -0.02329  0.04412   -0.127593    0.513838 -0.00114155 -0.00276426 0.000857446  -0.0036709 -0.0885021  0.0372101 -0.0519848   4.55309 -0.108839  -8.68758 
               212.8 -38.9958  30.7757  84.6799  0.446334  -6.63844 0.0637572 0 0 0   -0.011 -0.02329  0.04412 -0.191862  0.558817 -0.250413 -0.00280735   0.0009301 -0.00365873   -0.08797  0.0373072 -0.0517355   4.55306 -0.109015  -8.68759 
               212.9 -38.993 31.0206 84.2744  0.420022  -6.58239 0.0411849 0 0 0   -0.011 -0.02329  0.04412 -0.0886243   0.742537  -0.184527 -0.00280731 0.000851108 -0.00367653 -0.0873654  0.0372574 -0.0517598   4.55299 -0.109156  -8.68762 
                 213 -41.8962   31.046  82.9348  0.402294   -6.5132 0.0163519 0 0 0   -0.011 -0.02329  0.04412  -0.19787  0.645881 -0.193398 -0.00267627 0.000842551 -0.00364069 -0.0877925  0.0368334 -0.0516224   4.55292 -0.109027  -8.68766 
               213.1 -42.7616  31.6087  82.1884     0.381684     -6.44954 -0.000827832 0 0 0   -0.011 -0.02329  0.04412 -0.210292  0.525666 -0.199171  -0.0027318 0.000866161 -0.00366818 -0.0879727   0.036269 -0.0519092   4.55281 -0.108885  -8.68773 
               213.2 -42.5935  31.8997  81.7821   0.362778   -6.39863 -0.0154669 0 0 0   -0.011 -0.02329  0.04412  -0.201445   0.466945 -0.0641765 -0.00277624  0.00087598 -0.00366435 -0.0877014  0.0361387 -0.0518631   4.55275 -0.108944  -8.68776 
               213.3 -43.7146  31.4286  81.2512   0.354812   -6.34996 -0.0223487 0 0 0   -0.011 -0.02329  0.04412   -0.106888    0.457022 -0.00758347 -0.00273476 0.000969268 -0.00362936  -0.087931  0.0365891 -0.0516468   4.55288 -0.108966  -8.68769 
               213.4 -43.2264  31.2084  81.8321   0.350242   -6.30479 -0.0177164 0 0 0   -0.011 -0.02329  0.04412 -0.0980321   0.461642 -0.0423961 -0.00277863 0.000906013 -0.00369659 -0.0875916  0.0370542 -0.0515445   4.55296 -0.109109  -8.68764 
               213.5 -42.0529  30.7222  82.7719   0.331885   -6.25272 -0.0342903 0 0 0   -0.011 -0.02329  0.04412 -0.146839  0.512169 -0.129209 -0.00280891 0.000992615  -0.0037068  -0.087523  0.0365122 -0.0514941   4.55282 -0.109078  -8.68772 
               213.6 -42.8374  30.5415   82.294   0.319122    -6.1855 -0.0546486 0 0 0   -0.011 -0.02329  0.04412 -0.244117   0.62555 -0.389549 -0.00278667 0.000888545 -0.00366238 -0.0882487  0.0369689 -0.0517087    4.553 -0.10892 -8.68762 
               213.7 -43.7952  31.0278  81.0843   0.288509   -6.12378 -0.0852117 0 0 0   -0.011 -0.02329  0.04412 -0.308307  0.555243  -0.11341 -0.00274558 0.000772457  -0.0036881 -0.0878859  0.0366024 -0.0523978  4.55289 -0.10887 -8.68768 
               213.8 -46.575 30.2773 79.8571   0.283329   -6.08423 -0.0816183 0 0 0   -0.011 -0.02329  0.04412 -0.0807754   0.476828  0.0331932 -0.00266195 0.000833393 -0.00361865 -0.0879733  0.0369444  -0.051674   4.55297 -0.108987  -8.68764 
               213.9 -44.1058   29.574  82.1089   0.280236   -6.04083 -0.0785137 0 0 0   -0.011 -0.02329  0.04412  -0.132235   0.448816 -0.0179516 -0.00284689  0.00099711 -0.00371272 -0.0880646  0.0372648 -0.0513415   4.55305 -0.109045   -8.6876 
                 214 -43.0165  29.3172  82.4811   0.262438   -5.99111 -0.0861119 0 0 0   -0.011 -0.02329  0.04412 -0.0533283   0.442514  0.0304542 -0.00285216 0.000928951 -0.00367599 -0.0880707  0.0368804 -0.0516405   4.55296 -0.108963  -8.68764 
               214.1 -43.4508  28.5088  82.7384   0.253138   -5.94383 -0.0906006 0 0 0   -0.011 -0.02329  0.04412  -0.123162   0.510594 -0.0868253 -0.00277797  0.00097594 -0.00364366 -0.0882641  0.0370092 -0.0515896   4.55301 -0.108937  -8.68762 
               214.2 -42.8564  28.2334  83.0271   0.234749   -5.90296 -0.0903312 0 0 0   -0.011 -0.02329  0.04412  -0.24212  0.395198 -0.196224 -0.00287289 0.000912342 -0.00370278 -0.0883533  0.0371482 -0.0524635  4.55306 -0.10881 -8.68759 
               214.3 -42.5674  26.5705  84.3728   0.216607   -5.85355 -0.0990698 0 0 0   -0.011 -0.02329  0.04412 -0.163885  0.418153 -0.026983   -0.002798   0.0010104 -0.00370508 -0.0886617  0.0371703 -0.0527495    4.5531 -0.108701  -8.68758 
               214.4 -43.0637  25.6272  84.5414  0.197407  -5.82442 -0.102917 0 0 0   -0.011 -0.02329  0.04412    -0.14993    0.337896 -0.00547324 -0.00278772 0.000998662  -0.0036778 -0.0881485  0.0368762 -0.0525111   4.55298 -0.108825  -8.68764 
               214.5 -43.0284  24.2263  85.6397  0.180194  -5.78864 -0.103992 0 0 0   -0.011 -0.02329  0.04412  -0.159224   0.448001 -0.0189991 -0.00282865  0.00101802 -0.00366802 -0.0877692  0.0368766 -0.0526105   4.55294 -0.108903  -8.68766 
               214.6 -42.8099  23.4173  86.1532  0.162347  -5.73831 -0.102415 0 0 0   -0.011 -0.02329  0.04412 -0.085873  0.528259  0.030696 -0.00282115 0.000988669 -0.00367688  -0.087809   0.037197 -0.0533135   4.55303 -0.108842  -8.68761 
               214.7 -42.9045  22.8445  86.9349   0.151434   -5.68774 -0.0894992 0 0 0   -0.011 -0.02329  0.04412 -0.0670228   0.630783  0.0418818  -0.0027746 0.000929831 -0.00367795 -0.0873145   0.037395 -0.0535655   4.55303 -0.108954  -8.68761 
               214.8 -41.7959  23.0234  87.2872    0.14315   -5.61885 -0.0920069 0 0 0   -0.011 -0.02329  0.04412 -0.0960512   0.756052  0.0180961 -0.00286391 0.000870846 -0.00372407 -0.0874683  0.0374627 -0.0533772   4.55306 -0.108943  -8.68759 
               214.9 -41.4639  23.9674  86.5416  0.144093  -5.54821 -0.090085 0 0 0   -0.011 -0.02329  0.04412 -0.129182   0.61938 0.0298404  -0.0028655  0.00085872 -0.00368909 -0.0873702  0.0378431 -0.0527715   4.55313 -0.109068  -8.68755 
                 215 -39.9873  25.2526   86.542   0.134509   -5.49091 -0.0839045 0 0 0   -0.011 -0.02329  0.04412 -0.0902141   0.424474  0.0715902  -0.0028936 0.000835633 -0.00370696 -0.0875428  0.0376854 -0.0527598   4.55311 -0.109011  -8.68756 
               215.1 -39.2114  25.2307  86.8998  0.119348  -5.45507 -0.081604 0 0 0   -0.011 -0.02329  0.04412  -0.13341  0.405317 0.0663978 -0.00286036 0.000910037 -0.00368664   -0.08757  0.0375029 -0.0526241  4.55307   -0.109 -8.68759 
               215.2 -39.3345  23.9815  87.5451   0.112108   -5.40948 -0.0775917 0 0 0   -0.011 -0.02329  0.04412 -0.125533  0.620247 0.0257988 -0.00278849 0.000918058  -0.0036353 -0.0875699  0.0376718 -0.0524169   4.55311 -0.109038  -8.68757 
               215.3 -38.4497  23.3448  88.2284   0.103869   -5.35376 -0.0804642 0 0 0   -0.011 -0.02329  0.04412  -0.154551   0.571067 -0.0609213 -0.00286214 0.000944581 -0.00366447 -0.0874238   0.037354  -0.051852  4.55301  -0.1091 -8.68762 
               215.4 -37.4421  23.9614  88.0251  0.084716  -5.29544 -0.085444 0 0 0   -0.011 -0.02329  0.04412 -0.112831  0.525838 0.0390868 -0.00290425  0.00089497 -0.00368704  -0.087827  0.0373313 -0.0521114   4.55305 -0.108973   -8.6876 
               215.5 -38.4571  23.8118  87.7179  0.0728401   -5.23444 -0.0804493 0 0 0   -0.011 -0.02329  0.04412 -0.0577744   0.598294  0.0295992  -0.0028018  0.00086223 -0.00366592 -0.0881907  0.0374422 -0.0525136   4.55311 -0.108855  -8.68757 
               215.6 -37.6323  23.7593  88.1904  0.0678724   -5.16401 -0.0816801 0 0 0   -0.011 -0.02329  0.04412 -0.0140143   0.731641 -0.0117458 -0.00289352  0.00096069 -0.00367966 -0.0881373  0.0371576 -0.0523411   4.55304 -0.108857   -8.6876 
               215.7 -36.5904  24.9503  87.8694  0.0632804   -5.10204 -0.0756681 0 0 0   -0.011 -0.02329  0.04412 -0.146038  0.438124 0.0631067 -0.00290575 0.000838059 -0.00368145 -0.0877294  0.0375588 -0.0524829    4.5531 -0.108981  -8.68757 
               215.8 -35.4174    25.59  88.1902  0.0454225   -5.06986 -0.0781019 0 0 0   -0.011 -0.02329  0.04412   -0.21166   0.520015 -0.0659372 -0.00291878 0.000887738 -0.00370632 -0.0875078   0.037538 -0.0523285   4.55307 -0.109048  -8.68759 
               215.9 -36.6523  23.3806  89.0093  0.0316897   -5.02669 -0.0769777 0 0 0   -0.011 -0.02329  0.04412 -0.200063  0.632717 -0.046535 -0.00279522 0.000974089   -0.003646 -0.0870991  0.0368992 -0.0521339   4.55289 -0.109104  -8.68768 
                 216 -35.4109  23.7906  89.3602 0.0260346  -4.96263 -0.060107 0 0 0   -0.011 -0.02329  0.04412 0.0371628  0.732429   0.21696 -0.00289359 0.000797576  -0.0037217 -0.0860921  0.0374731 -0.0526763   4.55295 -0.109347  -8.68765 
               216.1 -34.296  25.155 88.9711 0.0258683   -4.8926 -0.057863 0 0 0   -0.011 -0.02329  0.04412 -0.0200828   0.540654   0.130458 -0.00297705  0.00084064 -0.00376811 -0.0867702  0.0377762 -0.0521096  4.55306 -0.10927 -8.68759 
               216.2 -34.136 25.9904  88.481  0.0141725   -4.84326 -0.0462069 0 0 0   -0.011 -0.02329  0.04412 -0.169842  0.513994  0.018655 -0.00290928 0.000782746 -0.00368199 -0.0864404  0.0375424 -0.0525936   4.55299 -0.109278  -8.68762 
               216.3 -32.9373  25.7659  89.2073 -0.0027466   -4.79904 -0.0505189 0 0 0   -0.011 -0.02329  0.04412  -0.17232  0.609315 -0.084295 -0.00291316 0.000871427 -0.00365105 -0.0862925  0.0370201 -0.0521077   4.55285 -0.109312   -8.6877 
               216.4 -33.3905  24.9467  89.0048 -0.00867563    -4.71918  -0.0583138 0 0 0   -0.011 -0.02329  0.04412  -0.035424   0.875301 0.00745046  -0.0028487  0.00090256 -0.00361476 -0.0868305  0.0368291  -0.051905   4.55284 -0.109187  -8.68771 
               216.5 -32.3888  26.8334  88.6287 -0.0187764   -4.64201 -0.0663409 0 0 0   -0.011 -0.02329  0.04412 -0.209509  0.573032 -0.102054 -0.00295515  0.00080643 -0.00371068 -0.0872658  0.0364562 -0.0518102   4.55278 -0.109059  -8.68774 
               216.6   -31.4   27.96 88.4664 -0.0428666   -4.58969 -0.0711558 0 0 0   -0.011 -0.02329  0.04412 -0.170329  0.756148 -0.157867 -0.00293922  0.00079369 -0.00369659 -0.0872341  0.0368216 -0.0524109   4.55289 -0.109039  -8.68768 
               216.7 -33.0281  26.6887  88.6216 -0.0441655   -4.52873 -0.0798983 0 0 0   -0.011 -0.02329  0.04412 -0.0894743   0.549266  0.0340635 -0.00288076 0.000965571 -0.00364923 -0.0872128  0.0364123 -0.0516523   4.55276 -0.109085  -8.68775 
               216.8 -30.5712  28.0829  89.5572 -0.0448679   -4.47287 -0.0799313 0 0 0   -0.011 -0.02329  0.04412 -0.0480016   0.684125 -0.0195471 -0.00297696 0.000837648 -0.00372519 -0.0873025  0.0374918 -0.0513621     4.553 -0.109197  -8.68762 
               216.9 -31.634 27.8243 88.9334  -0.058251   -4.40577 -0.0914352 0 0 0   -0.011 -0.02329  0.04412  -0.236605   0.470466 -0.0151662 -0.00288857 0.000811843 -0.00363335  -0.086947  0.0374522 -0.0512372   4.55296 -0.109289  -8.68764 
                 217 -32.7175  29.1767  86.9716 -0.0699857   -4.34379 -0.0823211 0 0 0   -0.011 -0.02329  0.04412 -0.0630585   0.551453  0.0303952 -0.00288282  0.00075999 -0.00360745 -0.0870739  0.0375527 -0.0520114   4.55302 -0.109184  -8.68761 
               217.1 -31.4235  29.0327  88.2683 -0.0928778   -4.28709 -0.0697985 0 0 0   -0.011 -0.02329  0.04412  -0.159847   0.664629 -0.0395359 -0.00294818 0.000759087 -0.00368815   -0.08643  0.0372557 -0.0532493   4.55297 -0.109164  -8.68764 
               217.2 -31.9461    29.31  87.6849  -0.102751   -4.23317 -0.0835645 0 0 0   -0.011 -0.02329  0.04412 -0.0358708   0.509205  0.0816484 -0.00289747 0.000839226 -0.00364154 -0.0865638   0.037303 -0.0518215   4.55292 -0.109301  -8.68766 
               217.3 -32.825 28.9673 87.2509  -0.107894   -4.18392 -0.0890137 0 0 0   -0.011 -0.02329  0.04412 -0.0516934   0.641314 -0.0519827 -0.00286557 0.000879392 -0.00362026 -0.0871081  0.0363937 -0.0510972   4.55273 -0.109179  -8.68776 
               217.4 -30.5269  28.2461  89.2363   -0.11847   -4.13008 -0.0980844 0 0 0   -0.011 -0.02329  0.04412 -0.206158  0.610751 -0.115015 -0.00294539 0.000940279 -0.00367204 -0.0864426  0.0365028 -0.0507448   4.55269 -0.109378  -8.68778 
               217.5 -31.4938  28.7082  87.8991 -0.112751  -4.06255 -0.109562 0 0 0   -0.011 -0.02329  0.04412 -0.0806482   0.542546 -0.0536885 -0.00285979 0.000912409 -0.00357085 -0.0872218  0.0373932 -0.0502275   4.55292 -0.109347  -8.68766 
               217.6 -30.1488  28.9816  88.0953 -0.131504   -4.0106 -0.112529 0 0 0   -0.011 -0.02329  0.04412 2.53472e-05    0.553241  -0.0403773 -0.00301274 0.000920205 -0.00367001 -0.0867832  0.0372112 -0.0510191   4.55288 -0.109335  -8.68768 
               217.7 -31.912 28.5359 87.4005 -0.142165   -3.9556 -0.117793 0 0 0   -0.011 -0.02329  0.04412  -0.147075   0.530793 -0.0850237 -0.00283185 0.000917474 -0.00361999 -0.0864977  0.0371437 -0.0512453   4.55286 -0.109366  -8.68769 
               217.8 -31.9936  28.8208  86.8641 -0.156003  -3.89792 -0.127059 0 0 0   -0.011 -0.02329  0.04412  -0.169399   0.581958 -0.0416997 -0.00289962 0.000875046 -0.00365138 -0.0865573  0.0366381 -0.0510005   4.55274 -0.109335  -8.68776 
               217.9 -31.5606   28.811  87.0804 -0.173464  -3.84154  -0.12402 0 0 0   -0.011 -0.02329  0.04412   -0.100189    0.520797 -0.00850432 -0.00292638 0.000878638 -0.00363106 -0.0865032  0.0363987 -0.0516537   4.55271 -0.109249  -8.68777 
                 218 -31.8879  28.8062  86.7354 -0.190603  -3.79263 -0.127329 0 0 0   -0.011 -0.02329  0.04412 -0.215698  0.586998 -0.169189 -0.00287962  0.00088263  -0.0036174 -0.0863614  0.0367826 -0.0516094   4.55279 -0.109321  -8.68773 
               218.1 -32.9486  28.0088  86.5052 -0.188385  -3.71542 -0.137466 0 0 0   -0.011 -0.02329  0.04412 -0.00328721     0.62932   0.0385397 -0.00285255 0.000919264 -0.00360293 -0.0867595  0.0369133  -0.051166   4.55282 -0.109298  -8.68771 
               218.2 -31.4312    30.64   85.748 -0.212537  -3.64976  -0.12682 0 0 0   -0.011 -0.02329  0.04412 -0.123582  0.592547 0.0230008 -0.00299666  0.00065675 -0.00364539 -0.0861465  0.0372168 -0.0527759   4.55292 -0.109274  -8.68766 
               218.3 -33.4919  30.4611  85.2859 -0.209235  -3.58717 -0.138411 0 0 0   -0.011 -0.02329  0.04412 -0.184234  0.570451 -0.148235 -0.00281213 0.000819542 -0.00362873 -0.0868395  0.0373638 -0.0515917   4.55295 -0.109275  -8.68765 
               218.4 -31.6224  31.1174  86.1142 -0.226129  -3.52839 -0.150957 0 0 0   -0.011 -0.02329  0.04412  -0.00388288     0.641279 -0.000523791 -0.00295905 0.000812476 -0.00367783 -0.0870227   0.036793 -0.0514669   4.55283 -0.109198  -8.68771 
               218.5 -32.7573  30.9471  85.5696 -0.242606  -3.47243 -0.149143 0 0 0   -0.011 -0.02329  0.04412  -0.148549     0.5849 -0.0912935 -0.00289457  0.00080142 -0.00361109 -0.0862305  0.0366075 -0.0519683   4.55276 -0.109289  -8.68775 
               218.6 -32.9222  30.9554  85.2708 -0.249796  -3.42302 -0.163501 0 0 0   -0.011 -0.02329  0.04412 -0.0928365   0.389253  0.0691815 -0.00289589 0.000846508 -0.00361762 -0.0864962  0.0364026 -0.0508619   4.55268 -0.109348  -8.68779 
               218.7 -32.688 30.4703 85.7225 -0.253035  -3.37044 -0.166454 0 0 0   -0.011 -0.02329  0.04412 -0.176478  0.533945 -0.114703 -0.00291257 0.000918333 -0.00364384 -0.0867402  0.0359301 -0.0505364   4.55258 -0.109294  -8.68784 
               218.8 -30.2937  31.1385  86.1942 -0.277248  -3.31145 -0.178888 0 0 0   -0.011 -0.02329  0.04412  -0.123753   0.669753 -0.0818248 -0.00309508 0.000862843 -0.00372456 -0.0863738  0.0362825 -0.0511065   4.55266 -0.109332   -8.6878 
               218.9 -33.7717  30.8098  84.6501 -0.285706  -3.25271  -0.18797 0 0 0   -0.011 -0.02329  0.04412 -0.162699  0.585843 -0.167307 -0.00280204 0.000783129 -0.00357231 -0.0864346  0.0361956 -0.0506223   4.55262 -0.109371  -8.68782 
                 219 -32.2356  31.1051   85.286 -0.301628  -3.20013 -0.196093 0 0 0   -0.011 -0.02329  0.04412 -0.0740721   0.539622 -0.0457556 -0.00301093 0.000894201 -0.00370391 -0.0862444  0.0362165 -0.0508183   4.55262 -0.109388  -8.68782 
               219.1 -33.6468  30.8315  84.3856 -0.318878  -3.15069 -0.197394 0 0 0   -0.011 -0.02329  0.04412 -0.145514  0.563615 -0.050049 -0.00291416  0.00078568 -0.00361331 -0.0856764  0.0361193 -0.0513378   4.55259 -0.109432  -8.68783 
               219.2 -33.5379   30.217  84.8434 -0.320046  -3.09065 -0.204472 0 0 0   -0.011 -0.02329  0.04412 -0.160738  0.513921 -0.112379 -0.00295376 0.000910697 -0.00364828 -0.0864248  0.0367065   -0.05104   4.55275 -0.109369  -8.68775 
               219.3 -32.6894  30.1462  85.2259  -0.32567  -3.04221 -0.219549 0 0 0   -0.011 -0.02329  0.04412 -0.0432776    0.35667 -0.0791574 -0.00292729 0.000900449 -0.00365917 -0.0868481  0.0366533 -0.0504136   4.55274 -0.109355  -8.68775 
               219.4 -33.3916  30.7865   84.339 -0.334519  -3.03764 -0.212037 0 0 0   -0.011 -0.02329  0.04412 0.00872926  -0.154151  0.0485115 -0.00292549 0.000672117 -0.00363383 -0.0860351  0.0367637 -0.0510579   4.55273 -0.109451  -8.68776 
               219.5 -33.6175  29.7504  84.6031 -0.334084  -3.04967 -0.207251 0 0 0   -0.011 -0.02329  0.04412 -0.0400437 -0.0713891  0.0130739 -0.00292391 0.000840907 -0.00356539 -0.0857533  0.0368292  -0.050963   4.55272 -0.109526  -8.68776 
               219.6 -33.2587  29.6971  84.9889 -0.328899  -3.04918 -0.210012 0 0 0   -0.011 -0.02329  0.04412 -0.0305392   0.140939  0.0177134 -0.00291523 0.000824023 -0.00360773 -0.0860881  0.0371431 -0.0503236   4.55279 -0.109563  -8.68773 
               219.7 -32.9411  29.2166  85.2868 -0.337383  -3.01095 -0.212372 0 0 0   -0.011 -0.02329  0.04412 -0.0886569   0.797118 -0.0628989 -0.00296148 0.000862348 -0.00360602 -0.0860729  0.0367583  -0.050126    4.5527 -0.109555  -8.68777 
               219.8 -32.929 29.3314 85.0312 -0.352061  -2.93249 -0.210853 0 0 0   -0.011 -0.02329  0.04412 -0.119458  0.759425 -0.038476 -0.00292239 0.000689734 -0.00360907 -0.0861482  0.0369511 -0.0509625   4.55278 -0.109459  -8.68773 
               219.9 -33.6266   30.469  84.0222  -0.36305  -2.86776 -0.213591 0 0 0   -0.011 -0.02329  0.04412 -0.0761389    0.47958 -0.0503684 -0.00288436 0.000555677 -0.00358125 -0.0866883  0.0371266 -0.0513847   4.55287 -0.109317  -8.68769 
                 220 -33.4873  30.0697  84.1474 -0.373368  -2.81255 -0.222331 0 0 0   -0.011 -0.02329  0.04412  -0.16476  0.592734 -0.119164   -0.002917  0.00062256 -0.00356479 -0.0872746  0.0367723 -0.0513884   4.55284 -0.109166  -8.68771 
               220.1 -32.8162  29.4323  85.1342 -0.378769  -2.75592 -0.233601 0 0 0   -0.011 -0.02329  0.04412  -0.058285   0.597242 -0.0722827 -0.00286098  0.00069835 -0.00358264 -0.0872215  0.0369807 -0.0508633   4.55285 -0.109256   -8.6877 
               220.2 -33.4186  29.5595  84.4624 -0.382114   -2.6989 -0.242243 0 0 0   -0.011 -0.02329  0.04412 -0.0846563   0.561886  -0.075171 -0.00281673 0.000630132 -0.00352539 -0.0870994  0.0373256  -0.050483    4.5529 -0.109356  -8.68767 
               220.3 -33.4645  29.6161  84.4308 -0.392164  -2.64086 -0.246641 0 0 0   -0.011 -0.02329  0.04412 -0.0508428    0.58789 -0.0512913 -0.00284871 0.000660532  -0.0035618 -0.0872315  0.0372967 -0.0509039   4.55292 -0.109278  -8.68766 
               220.4   -33.5 29.1304 84.6431 -0.403869  -2.60551 -0.247958 0 0 0   -0.011 -0.02329  0.04412 -0.0758334   0.268915 -0.0890926 -0.00283849 0.000693196 -0.00353564 -0.0860424  0.0368271  -0.050767   4.55274 -0.109489  -8.68775 
               220.5 -33.1943  29.5202  84.6091 -0.402591  -2.60473 -0.244366 0 0 0   -0.011 -0.02329  0.04412 -0.00542974    -0.14024  -0.0144618 -0.00287043 0.000658566 -0.00355408 -0.0856566  0.0368623 -0.0508917   4.55272 -0.109554  -8.68776 
               220.6 -32.3131  29.3505  85.2488 -0.402528   -2.6162 -0.242353 0 0 0   -0.011 -0.02329  0.04412  0.0688414 -0.0126082  0.0449965 -0.00288783 0.000683989 -0.00359394 -0.0853735  0.0369247 -0.0510231   4.55272 -0.109601  -8.68776 
               220.7 -33.1066  29.0825  84.8393 -0.402992  -2.62072 -0.249402 0 0 0   -0.011 -0.02329  0.04412 -3.84983e-05   -0.0302409   -0.0239256 -0.00285099 0.000741707 -0.00354755 -0.0854925  0.0366301  -0.050583   4.55265 -0.109601   -8.6878 
               220.8 -33.4396  29.1456  84.7108 -0.404856  -2.62613 -0.242662 0 0 0   -0.011 -0.02329  0.04412  -0.0174502  -0.0491273 -0.00268097 -0.00285717 0.000693158 -0.00356137 -0.0849702  0.0366105 -0.0510675   4.55263 -0.109648  -8.68781 
               220.9 -33.1494  29.3157    84.78 -0.407337  -2.63794 -0.242821 0 0 0   -0.011 -0.02329  0.04412  -0.0552025    -0.33893 -0.00704336 -0.00281364 0.000637878 -0.00353091 -0.0852565  0.0369022 -0.0513139  4.55272 -0.10959 -8.68776 
                 221 -33.4221  30.1858  85.9642 -0.430888  -2.68766 -0.255772 0 0 0   -0.011 -0.02329  0.04412 -0.449117 -0.525521 -0.268397 -0.00282233 0.000663562 -0.00364411 -0.0851069   0.036544 -0.0511313   4.55263 -0.109608  -8.68781 
               221.1 -32.9302  33.1672  92.8507 -0.466814  -2.71693 -0.273241 0 0 0   -0.011 -0.02329  0.04412 -0.217238 -0.288658 -0.116828 -0.00278346 0.000679669 -0.00389155 -0.0853089  0.0360077 -0.0515502   4.55255 -0.109475  -8.68785 
               221.2 -33.6341  35.6243  96.2459 -0.465769  -2.72201 -0.281693 0 0 0   -0.011 -0.02329  0.04412  0.150087 0.0818118 0.0925195 -0.00276702 0.000699919 -0.00374634 -0.0858743  0.0363485 -0.0509699   4.55263 -0.109455  -8.68781 
               221.3 -33.8292  35.1853  96.3527 -0.462536  -2.70812 -0.285085 0 0 0   -0.011 -0.02329  0.04412 -0.0844702  0.0122712  -0.093362 -0.00282421 0.000702022 -0.00355584 -0.0869678  0.0368171 -0.0512783   4.55279 -0.109234  -8.68773 
               221.4 -34.1225  35.3504  95.9134 -0.464366    -2.719 -0.284546 0 0 0   -0.011 -0.02329  0.04412  -0.121015  -0.284403 -0.0709005 -0.00287003 0.000653798 -0.00352959  -0.087189  0.0370506 -0.0515226   4.55285 -0.109175   -8.6877 
               221.5 -31.8596  37.4273   100.29 -0.493446  -2.75651 -0.302418 0 0 0   -0.011 -0.02329  0.04412   -0.16539  -0.524494 -0.0741516 -0.00293615 0.000740943 -0.00381894 -0.0871598  0.0366481 -0.0517501   4.55277 -0.109142  -8.68774 
               221.6 -33.8801  40.1149  105.229 -0.499247  -2.79688 -0.297746 0 0 0   -0.011 -0.02329  0.04412  -0.29665 -0.467046 -0.209198  -0.0027128 0.000639471 -0.00387544 -0.0866085   0.036549 -0.0519805   4.55274 -0.109221  -8.68775 
               221.7 -28.1522  43.5983  114.565 -0.522072  -2.85243 -0.304664 0 0 0   -0.011 -0.02329  0.04412 -0.0451491  -0.498249 -0.0464577 -0.00296701 0.000674289 -0.00401631 -0.0861558  0.0363475 -0.0523137   4.5527 -0.10927 -8.68777 
               221.8 -29.0392  46.3034  120.527  -0.51872  -2.91111 -0.305922 0 0 0   -0.011 -0.02329  0.04412   0.018928  -0.568774 -0.0108274 -0.00280495 0.000615522 -0.00399222 -0.0853704  0.0363684 -0.0514519   4.55272 -0.109496  -8.68776 
               221.9 -26.1198  48.7963  128.329 -0.519004  -2.94928 -0.303575 0 0 0   -0.011 -0.02329  0.04412 -0.0263573  -0.274274 0.00051769 -0.00287399 0.000671432 -0.00398761 -0.0852607  0.0364358 -0.0514979   4.55273 -0.109508  -8.68776 
                 222 -23.762 49.9681 133.926 -0.526122  -2.96505 -0.307391 0 0 0   -0.011 -0.02329  0.04412 0.0186406  0.135631  0.049912 -0.00294572 0.000700939 -0.00392119 -0.0852197  0.0364132 -0.0514812   4.55273 -0.109518  -8.68776 
               222.1 -26.1095  50.0866  132.753 -0.526577  -2.95484 -0.310414 0 0 0   -0.011 -0.02329  0.04412 -0.0827678  -0.130929 -0.0638164 -0.00296841 0.000680075 -0.00369781 -0.0859096  0.0363061 -0.0514289   4.55267 -0.109434  -8.68779 
               222.2 -23.6486  50.1346  133.873 -0.523212  -2.94479 -0.310587 0 0 0   -0.011 -0.02329  0.04412 0.0395087  0.117832 0.0443104 -0.00313406 0.000663195 -0.00371824 -0.0861859   0.037287 -0.0514032   4.55276 -0.109294  -8.68774 
               222.3 -24.2496   50.073  133.484  -0.52774  -2.94399 -0.317662 0 0 0   -0.011 -0.02329  0.04412 -0.000692767    0.0460556   -0.0125378  -0.0030663 0.000703897 -0.00370182 -0.086683 0.0370132 -0.051381   4.55269 -0.109274  -8.68778 
               222.4 -25.4611  49.8628  132.861 -0.522028  -2.94331 -0.314639 0 0 0   -0.011 -0.02329  0.04412 -0.00579766  -0.0263821  -0.0224447 -0.00307026 0.000696144 -0.00369275 -0.0861514  0.0370035 -0.0511326   4.55275 -0.109339  -8.68775 
               222.5  -24.52 50.0241 133.296 -0.519685  -2.93955 -0.314204 0 0 0   -0.011 -0.02329  0.04412  0.0196305  0.0394308 0.00292007 -0.00309529 0.000679294 -0.00370415 -0.0861186  0.0372108 -0.0511374   4.55278 -0.109317  -8.68774 
               222.6 -24.7664  50.0185  133.208 -0.516507  -2.93854 -0.314319 0 0 0   -0.011 -0.02329  0.04412  0.0266862   0.032448 0.00386332 -0.00304776 0.000676994 -0.00371222 -0.0860162  0.0372605 -0.0510155    4.5528 -0.109326  -8.68773 
               222.7 -25.0613  49.8789  133.041 -0.513589  -2.93759 -0.320406 0 0 0   -0.011 -0.02329  0.04412  0.0188554 0.00112462 -0.0203438 -0.00303374 0.000712652 -0.00368116 -0.0863015   0.037059 -0.0506541   4.55277 -0.109343  -8.68774 
               222.8 -24.9066  50.0149   133.07 -0.509734  -2.94053 -0.316379 0 0 0   -0.011 -0.02329  0.04412   0.0250522 -0.00221024 -0.00311573 -0.00308686 0.000654865 -0.00371733 -0.0857773  0.0368854 -0.0507424    4.5528 -0.109407  -8.68772 
               222.9 -24.7896  49.9899  133.178 -0.521584  -2.93919  -0.31628 0 0 0   -0.011 -0.02329  0.04412  -0.0124282   0.0088302 0.000918155 -0.00306563 0.000683806 -0.00373054 -0.0862767  0.0364163   -0.05173   4.55266 -0.109367   -8.6878 
                 223 -24.8849  49.8882  133.149  -0.52047  -2.93958 -0.314203 0 0 0   -0.011 -0.02329  0.04412 -0.0021028 0.00400634 0.00858627 -0.00303485 0.000727289 -0.00370522 -0.0860551  0.0365102 -0.0516653  4.55269 -0.10938 -8.68778 
               223.1 -24.9242  50.0595  133.069 -0.520157  -2.94456 -0.309605 0 0 0   -0.011 -0.02329  0.04412 -0.00233089  -0.0075609   0.0170481 -0.00305382 0.000632901 -0.00372525 -0.0856038  0.0362778 -0.0517041   4.55271 -0.109448  -8.68777 
               223.2 -24.8673  50.0274  133.107 -0.524967  -2.94647 -0.310917 0 0 0   -0.011 -0.02329  0.04412 -0.0174004 -0.0174619 0.00723867 -0.00307927 0.000653809 -0.00373965 -0.0858923  0.0359829 -0.0518396   4.55265 -0.109449   -8.6878 
               223.3 -24.8991  49.9981    133.1 -0.525961  -2.94673 -0.310713 0 0 0   -0.011 -0.02329  0.04412 -0.0169278  -0.018255 0.00447421 -0.00306472 0.000667142 -0.00373436  -0.085955  0.0360502 -0.0517872   4.55265 -0.109438   -8.6878 
               223.4 -24.9087  50.0707  133.001 -0.519289  -2.94593 -0.310298 0 0 0   -0.011 -0.02329  0.04412  0.0100358 0.00126073 0.00792038 -0.00307619 0.000620373 -0.00370723 -0.0857786  0.0364944 -0.0512776   4.55273 -0.109428  -8.68776 
               223.5 -24.8969  49.9975  133.068 -0.518677  -2.94394 -0.310793 0 0 0   -0.011 -0.02329  0.04412  0.0120289 0.00976155 0.00747711 -0.00304836 0.000666929 -0.00370992 -0.0859472  0.0366698 -0.0512842   4.55273 -0.109391  -8.68776 
               223.6 -25.0435  50.0019  132.989 -0.516286  -2.94921 -0.310001 0 0 0   -0.011 -0.02329  0.04412 0.00822803 -0.0222595 0.00200191 -0.00303791 0.000653418 -0.00370938 -0.0856832  0.0363633 -0.0510956   4.55274 -0.109461  -8.68775 
               223.7 -24.9911  50.0047  133.016 -0.523391  -2.94683 -0.310801 0 0 0   -0.011 -0.02329  0.04412  -0.0159111  -0.0146392 -0.00151398 -0.00305765 0.000658716 -0.00372132 -0.0861586  0.0362394   -0.05163   4.55266 -0.109405   -8.6878 
               223.8 -24.8023  50.0387  133.093 -0.522643  -2.94311 -0.309173 0 0 0   -0.011 -0.02329  0.04412 -0.00192126   0.0157325   0.0101778 -0.00309084 0.000652716 -0.00372953 -0.0861715  0.0366391 -0.0516549   4.55269 -0.109356  -8.68778 
               223.9 -24.807 50.0133 133.094 -0.522598  -2.94298 -0.307067 0 0 0   -0.011 -0.02329  0.04412 0.000791668    0.015386     0.01502 -0.00308286 0.000665737 -0.00372443 -0.0860481  0.0366791  -0.051676   4.55271 -0.109361  -8.68777 
                 224 -24.9232  49.9448  133.063 -0.522845  -2.94883 -0.309596 0 0 0   -0.011 -0.02329  0.04412 -0.00594646  -0.0196975 -6.8609e-05 -0.00306918 0.000695352 -0.00372206 -0.0860182   0.036138 -0.0513779   4.55267 -0.109441  -8.68779 
               224.1 -24.8521  49.9312  133.102  -0.52393  -2.94949 -0.312517 0 0 0   -0.011 -0.02329  0.04412 -0.00637938  -0.0185559 -0.00692287 -0.00309199  0.00070917 -0.00373151 -0.0862525  0.0360374  -0.051292   4.55265 -0.109436   -8.6878 
               224.2 -24.7814  49.9719  133.129 -0.521279  -2.95147 -0.313655 0 0 0   -0.011 -0.02329  0.04412  0.00837288 -0.00806774 -0.00330243 -0.00308528 0.000693937 -0.00372887 -0.0861707  0.0360896 -0.0510542   4.55267 -0.109449  -8.68779 
               224.3 -24.8589  49.9489  133.059 -0.520247   -2.9508 -0.317404 0 0 0   -0.011 -0.02329  0.04412   0.0114125 -0.00149355 -0.00963045 -0.00307411 0.000696343 -0.00370309 -0.0864213  0.0362098 -0.0509137   4.55267 -0.109419  -8.68779 
               224.4  -24.97 49.9378 133.048 -0.522028  -2.94522 -0.315514 0 0 0   -0.011 -0.02329  0.04412 -0.000458638   0.00324408  -0.00522812 -0.00304675 0.000701612 -0.00371611 -0.086565 0.0366294 -0.051357   4.55267 -0.109337  -8.68779 
               224.5 -24.9819  49.9964  132.998 -0.519256  -2.94419 -0.313177 0 0 0   -0.011 -0.02329  0.04412  0.00541794   0.0024956 0.000726231 -0.00306243 0.000665801 -0.00371579 -0.0863377  0.0367883 -0.0513175   4.55271 -0.109341  -8.68777 
               224.6 -24.7527  49.9017  133.174 -0.519729  -2.94437 -0.316963 0 0 0   -0.011 -0.02329  0.04412  0.00810639  0.00712347 -0.00497806 -0.00309332 0.000739707 -0.00373643 -0.0865965  0.0365605 -0.0511874  4.55267 -0.10935 -8.68779 
               224.7 -24.886 49.9858 133.069 -0.520098   -2.9447 -0.313781 0 0 0   -0.011 -0.02329  0.04412 0.00595872 0.00721114 0.00613191 -0.00305704  0.00068174 -0.00372004 -0.0863843  0.0365736 -0.0514205   4.55268 -0.109356  -8.68779 
               224.8 -24.8842  49.9788  133.087 -0.523345  -2.94187 -0.310366 0 0 0   -0.011 -0.02329  0.04412 -0.00603651  0.00805517   0.0132654 -0.00306924 0.000691082 -0.00373602 -0.0864226  0.0366788  -0.051849  4.55267 -0.10932 -8.68779 
               224.9 -24.9034  49.9327  133.092 -0.528389  -2.94664 -0.312237 0 0 0   -0.011 -0.02329  0.04412 -0.0198446 -0.0132871 0.00356147 -0.00306486 0.000714368 -0.00373332 -0.0865547  0.0360292 -0.0518792  4.55259 -0.10938 -8.68783 
                 225 -24.8552  49.9041  133.115 -0.524681  -2.94618 -0.313152 0 0 0   -0.011 -0.02329  0.04412 -0.00132746 -0.00661694  0.00204702 -0.00306798 0.000731389 -0.00372811 -0.0865189  0.0362943 -0.0514869   4.55264 -0.109372  -8.68781 
               225.1 -24.9362  50.0529  133.042 -0.523052  -2.94747 -0.311271 0 0 0   -0.011 -0.02329  0.04412  0.00409071 -0.00321623  0.00798591 -0.00303872 0.000645164 -0.00373382 -0.0863332  0.0363652 -0.0514362   4.55266 -0.109383  -8.68779 
               225.2 -24.8969  49.9399  133.039 -0.515302  -2.94776 -0.316145 0 0 0   -0.011 -0.02329  0.04412   0.0261921 -0.00402044 -0.00592279 -0.00306514 0.000700081 -0.00371182 -0.0864412  0.0365669 -0.0506965   4.55271 -0.109386  -8.68777 
               225.3 -24.8218  49.8997  133.139 -0.516029  -2.95323 -0.322439 0 0 0   -0.011 -0.02329  0.04412   0.016438   -0.02398 -0.0218569 -0.00307884 0.000736413 -0.00374217 -0.0867002  0.0359758 -0.0505428   4.55264 -0.109436  -8.68781 
               225.4 -24.9645  50.0197  133.009  -0.51593  -2.95084 -0.319169 0 0 0   -0.011 -0.02329  0.04412   0.0103776   -0.011544 -0.00882142 -0.00305329 0.000657528 -0.00372694 -0.0866002   0.036343 -0.0509955   4.55266 -0.109383   -8.6878 
               225.5 -24.8237  49.9661  133.098 -0.513957  -2.95173 -0.315217 0 0 0   -0.011 -0.02329  0.04412   0.0159984 -0.00608911  0.00577495 -0.00308331 0.000699651 -0.00373591 -0.0863188  0.0364656 -0.0511776   4.55269 -0.109386  -8.68778 
               225.6 -24.8415  49.8108  133.142 -0.518872  -2.95308 -0.320313 0 0 0   -0.011 -0.02329  0.04412  0.00184812 -0.00954134 -0.00588347 -0.00305004 0.000784785 -0.00371348 -0.0868402  0.0360703 -0.0513201    4.5526 -0.109377  -8.68783 
               225.7 -24.8564  49.9491  133.104 -0.524022  -2.95236 -0.318568 0 0 0   -0.011 -0.02329  0.04412   -0.0142833  -0.00875883 -0.000782909 -0.00307031 0.000710589 -0.00374223 -0.0869285  0.0360667 -0.0518079   4.55257 -0.109347  -8.68784 
               225.8 -24.9015  49.9759  133.038 -0.525468  -2.95066 -0.313723 0 0 0   -0.011 -0.02329  0.04412  -0.0160486 -0.00492887   0.0106247 -0.00307836 0.000688852 -0.00373242 -0.0867422  0.0363285  -0.052087    4.5526 -0.109322  -8.68783 
               225.9 -24.7574  49.8826  133.168 -0.527496  -2.94878 -0.318017 0 0 0   -0.011 -0.02329  0.04412  -0.0127667  0.00380813 0.000693071  -0.0030942 0.000756938 -0.00374717 -0.0871541   0.036296 -0.0519081   4.55257 -0.109298  -8.68785 
                 226 -24.8917  50.0017  133.072 -0.522922  -2.94784 -0.314229 0 0 0   -0.011 -0.02329  0.04412 0.00497238  0.0111479  0.0120436 -0.00305059 0.000683281 -0.00374056 -0.0867689  0.0366634 -0.0517187  4.55264  -0.1093 -8.68781 
               226.1 -24.8895  49.9364  133.047 -0.521387  -2.95346 -0.316218 0 0 0   -0.011 -0.02329  0.04412 0.00734893 -0.0103649 0.00331508 -0.00307606 0.000713312 -0.00372407 -0.0866809  0.0362209 -0.0513851   4.55262 -0.109371  -8.68782 
               226.2 -24.9159  50.0027  133.038 -0.523465   -2.9487 -0.311911 0 0 0   -0.011 -0.02329  0.04412 -0.00242766  0.00163658   0.0116367 -0.00307952 0.000680185 -0.00374265  -0.086749  0.0366019 -0.0518589   4.55263 -0.109302  -8.68781 
               226.3 -24.8316  49.9551  133.112 -0.524384  -2.94456 -0.308029 0 0 0   -0.011 -0.02329  0.04412 -0.00229948   0.0141354   0.0198957 -0.00308516 0.000715968 -0.00375142 -0.0867721  0.0368558 -0.0521035   4.55264 -0.109262  -8.68781 
               226.4 -24.8437  50.0107  133.116    -0.528  -2.93937 -0.308804 0 0 0   -0.011 -0.02329  0.04412 -0.00898202    0.029462   0.0150324 -0.00306645  0.00069108 -0.00375818 -0.0871686  0.0369195 -0.0522507    4.5526 -0.109214  -8.68783 
               226.5 -24.8986  49.9175  133.076 -0.524682   -2.9339 -0.316275 0 0 0   -0.011 -0.02329  0.04412   0.0039142   0.0338943 -0.00606949 -0.00305493 0.000732085 -0.00372723 -0.0876426  0.0371103 -0.0516172   4.55261 -0.109183  -8.68783 
               226.6 -24.9204  50.0365   133.03 -0.524684  -2.93863 -0.313578 0 0 0   -0.011 -0.02329  0.04412 -0.000677509    0.0073482 -0.000613671 -0.00307554 0.000665882 -0.00374933 -0.0871688  0.0366106 -0.0516419    4.5526 -0.109275  -8.68783 
               226.7 -24.8676  49.9721  133.079 -0.523191  -2.94479 -0.311231 0 0 0   -0.011 -0.02329  0.04412 0.00361922 -0.0130421 0.00578576 -0.00307901 0.000704924 -0.00375025 -0.0867425  0.0361986 -0.0515281   4.55261 -0.109359  -8.68782 
               226.8 -24.8627  49.9088  133.086 -0.518348  -2.94595 -0.314712 0 0 0   -0.011 -0.02329  0.04412    0.0193923  -0.00978661 -0.000960818 -0.00306659  0.00073907  -0.0037316 -0.0868442  0.0362682 -0.0510563   4.55263 -0.109365  -8.68781 
               226.9 -24.8303  49.9814  133.118 -0.518415  -2.94723 -0.308998 0 0 0   -0.011 -0.02329  0.04412    0.015238 -0.00788596   0.0150069 -0.00307386 0.000707474 -0.00376036 -0.0865621  0.0363217   -0.05146   4.55264 -0.109364  -8.68781 
                 227 -24.8906  49.8798  133.068 -0.519517   -2.9427 -0.311376 0 0 0   -0.011 -0.02329  0.04412 0.00880175 0.00202328 0.00578481 -0.00307195 0.000751094   -0.003727 -0.0870619  0.0365368 -0.0515506   4.55261 -0.109296  -8.68782 
               227.1 -24.8296  49.9652  133.105 -0.522441  -2.94577 -0.313521 0 0 0   -0.011 -0.02329  0.04412 -0.00217915 -0.00880568 -0.00158082 -0.00309507 0.000714179 -0.00376236 -0.0872128  0.0360765 -0.0515996  4.55256 -0.10933 -8.68785 
               227.2 -24.9502  49.9672  132.983 -0.523832   -2.9474 -0.312701 0 0 0   -0.011 -0.02329  0.04412 -0.00487624 -0.00893377  0.00147993 -0.0030712 0.00069518 -0.0037182 -0.0871679  0.0359844 -0.0517058   4.55255 -0.109338  -8.68785 
               227.3 -24.8214  50.0583  133.036 -0.525917  -2.95049 -0.306966 0 0 0   -0.011 -0.02329  0.04412 -0.00856477 -0.00970913   0.0156885 -0.00311178 0.000657602 -0.00375495 -0.0868188  0.0358952 -0.0520347   4.55256 -0.109362  -8.68785 
               227.4 -24.8633  49.9444  133.119 -0.528635  -2.94691 -0.312394 0 0 0   -0.011 -0.02329  0.04412   -0.0127662 -0.000740696  -0.00139822 -0.00305971 0.000728582 -0.00376006 -0.0874478  0.0360231 -0.0519099   4.55252 -0.109302  -8.68787 
               227.5 -24.9129  49.9666  133.045 -0.527289  -2.94507 -0.313324 0 0 0   -0.011 -0.02329  0.04412 -0.00662581  0.00117557  -0.0043848 -0.00306932 0.000707438 -0.00374593 -0.0874831  0.0362344 -0.0517359   4.55254 -0.109285  -8.68786 
               227.6 -24.9587  50.0012  133.039  -0.52601  -2.94399 -0.317013 0 0 0   -0.011 -0.02329  0.04412 -0.00140242  0.00324103  -0.0120699 -0.00303925 0.000688583 -0.00374944  -0.087642  0.0362771 -0.0514658  4.55255 -0.10928 -8.68786 
               227.7 -24.8239  50.0443  133.084 -0.519769   -2.9476  -0.31212 0 0 0   -0.011 -0.02329  0.04412   0.0172956 -0.00259507  0.00452786 -0.00308912 0.000674125 -0.00376891 -0.0869572  0.0363596 -0.0512741   4.55262 -0.109335  -8.68782 
               227.8 -24.868 50.0862 133.042 -0.521385  -2.94971 -0.304837 0 0 0   -0.011 -0.02329  0.04412  0.00687617 -0.00598291   0.0215237 -0.00308678 0.000647125 -0.00376823 -0.0866049  0.0362685 -0.0517805   4.55262 -0.109351  -8.68782 
               227.9 -24.8632   49.964  133.105 -0.522812  -2.94921 -0.306022 0 0 0   -0.011 -0.02329  0.04412  0.00129656 -0.00678953   0.0137906 -0.00307315  0.00071802 -0.00376628 -0.0869058  0.0362061 -0.0517859   4.55259 -0.109333  -8.68784 
                 228 -24.8696  50.0145  133.069 -0.519809  -2.94811 -0.310182 0 0 0   -0.011 -0.02329  0.04412  0.00943806 -0.00228976 0.000204702 -0.00308829 0.000687954 -0.00376626 -0.0871808  0.0362942 -0.0513666  4.55259 -0.10932 -8.68783 
               228.1 -24.9548  50.0369  132.986 -0.518957  -2.94692 -0.310239 0 0 0   -0.011 -0.02329  0.04412  0.00937139  0.00458367 0.000718534 -0.00306662 0.000665258 -0.00374076 -0.0872319  0.0363744  -0.051391   4.55259 -0.109307  -8.68783 
               228.2 -24.9167    50.03  133.005 -0.520915  -2.94554 -0.310594 0 0 0   -0.011 -0.02329  0.04412   0.0020348  0.00922369 0.000158133 -0.00307443 0.000672256 -0.00374388  -0.087381  0.0363363 -0.0515753   4.55257 -0.109291  -8.68785 
               228.3 -24.8751  50.0211  133.035 -0.517858   -2.9478 -0.312912 0 0 0   -0.011 -0.02329  0.04412   0.00927593 -0.000607989  -0.00638464 -0.00308897 0.000682016 -0.00375648 -0.0873122  0.0362021 -0.0512307   4.55258 -0.109325  -8.68784 
               228.4 -25.0529  50.0417  132.975 -0.522718   -2.9443 -0.309972 0 0 0   -0.011 -0.02329  0.04412 -0.00917188  0.00555665 0.000428068 -0.00301972 0.000663073 -0.00374641  -0.087421  0.0363062 -0.0518143   4.55255 -0.109281  -8.68785 
               228.5  -24.98 50.0866  132.98 -0.525017  -2.93982 -0.310311 0 0 0   -0.011 -0.02329  0.04412    -0.013199    0.0176724 -3.84234e-05  -0.0030531   0.0006427 -0.00375647 -0.0876202  0.0364787  -0.051946   4.55255 -0.109242  -8.68786 
               228.6 -24.8922  49.9717  133.083 -0.525848  -2.94369  -0.31291 0 0 0   -0.011 -0.02329  0.04412  -0.0102771  0.00324235 -0.00505393 -0.00305164 0.000716719 -0.00376138 -0.0875638  0.0360612 -0.0516976   4.55253 -0.109299  -8.68787 
               228.7 -24.9004  49.9596  133.074 -0.526585  -2.94329 -0.315028 0 0 0   -0.011 -0.02329  0.04412 -0.00919326  0.00184906 -0.00839509 -0.00305319 0.000721485 -0.00375888 -0.0876497  0.0360623 -0.0516071   4.55252 -0.109296  -8.68787 
               228.8 -24.8659  50.0107  133.065 -0.526277  -2.94584 -0.314832 0 0 0   -0.011 -0.02329  0.04412 -0.00713741 -0.00684265 -0.00629318 -0.00307923 0.000694915  -0.0037726 -0.0874534  0.0359371 -0.0515261   4.55253 -0.109327  -8.68786 
               228.9 -24.9282   49.984  133.058 -0.523708  -2.94601 -0.316441 0 0 0   -0.011 -0.02329  0.04412  0.00236689 -0.00581177 -0.00781403 -0.00304278 0.000707195 -0.00376341 -0.0874287  0.0360571 -0.0512831   4.55255 -0.109327  -8.68785 
                 229 -24.8423  50.0198  133.079 -0.522322  -2.94723 -0.313266 0 0 0   -0.011 -0.02329  0.04412    0.006969 -0.00366662  0.00318335 -0.00307773 0.000693187 -0.00377572 -0.0871482  0.0361249 -0.0513865   4.55258 -0.109338  -8.68784 
               229.1 -24.9078   49.942  133.037  -0.52026  -2.94666 -0.313229 0 0 0   -0.011 -0.02329  0.04412   0.00948765 -0.000693233   0.00152961 -0.00306253 0.000726765 -0.00374467 -0.0871582  0.0362634 -0.0513035   4.55259 -0.109327  -8.68783 
               229.2 -24.9097  50.0374  133.052 -0.522254  -2.94657 -0.311664 0 0 0   -0.011 -0.02329  0.04412  0.00108588 -0.00202401  0.00492629 -0.00306321 0.000687997 -0.00377781 -0.0871888  0.0361949 -0.0515645  4.55257 -0.10932 -8.68784 
               229.3 -24.9429  49.9726  133.045 -0.522754  -2.94943  -0.30918 0 0 0   -0.011 -0.02329  0.04412 0.00117153 -0.0114809  0.0109403 -0.00304544 0.000709617 -0.00376152 -0.0870088  0.0360243 -0.0516503   4.55257 -0.109347  -8.68784 
               229.4 -24.9039  50.0842  133.042 -0.525157  -2.95236 -0.304709 0 0 0   -0.011 -0.02329  0.04412 -0.00948604  -0.0117997   0.0176801 -0.00306592 0.000658174 -0.00378348  -0.086805  0.0358698 -0.0519251   4.55256 -0.109367  -8.68785 
               229.5 -24.8799  49.9456  133.069 -0.522308  -2.95202 -0.310123 0 0 0   -0.011 -0.02329  0.04412  0.00248485  -0.0085583 0.000565693 -0.00306979 0.000736253 -0.00375872 -0.0871721  0.0359761 -0.0513762   4.55256 -0.109351  -8.68785 
               229.6 -24.8681  49.9249   133.07 -0.518997  -2.95391 -0.314098 0 0 0   -0.011 -0.02329  0.04412  0.0142543 -0.0144415 -0.0083109 -0.00307819 0.000740222 -0.00375694 -0.0872808  0.0359407 -0.0509766   4.55257 -0.109362  -8.68785 
               229.7 -24.8539  49.8781  133.108 -0.518799  -2.95305 -0.320178 0 0 0   -0.011 -0.02329  0.04412  0.0113312 -0.0107242 -0.0201197  -0.0030748 0.000771947 -0.00376103 -0.0877002  0.0359335  -0.050838   4.55254 -0.109337  -8.68786 
               229.8  -24.94 50.0687 133.002 -0.520775  -2.94608 -0.314449 0 0 0   -0.011 -0.02329  0.04412 -0.00124305   0.0141833 -0.00134375 -0.00306952  0.00066442 -0.00376717 -0.0876444  0.0365139 -0.0515379   4.55256 -0.109257  -8.68785 
               229.9 -24.8294  49.9792  133.091 -0.521338    -2.949 -0.316054 0 0 0   -0.011 -0.02329  0.04412  0.00270399  0.00212472 -0.00195458 -0.00308718 0.000715428 -0.00377382 -0.0876067  0.0361473 -0.0514367   4.55254 -0.109299  -8.68786 
                 230 -24.7745  49.9886  133.153 -0.527088  -2.94817 -0.316772 0 0 0   -0.011 -0.02329  0.04412  -0.0141162  0.00527959 -0.00514429 -0.00308748 0.000720443 -0.00379734 -0.0878204  0.0359615 -0.0518071    4.5525 -0.109286  -8.68788 
               230.1 -24.8452  50.0097  133.097 -0.523974  -2.95048 -0.320898 0 0 0   -0.011 -0.02329  0.04412 -0.00142612 -0.00298817  -0.0136783 -0.00307304 0.000707788 -0.00378674   -0.08779  0.0358671 -0.0512948   4.55251 -0.109317  -8.68788 
               230.2 -24.9052  49.9576  133.054 -0.516533   -2.9476 -0.316855 0 0 0   -0.011 -0.02329  0.04412    0.0189319   0.00678233 -0.000832383 -0.00306088 0.000727462 -0.00376169 -0.0873764  0.0364817 -0.0511324   4.55259 -0.109297  -8.68783 
               230.3 -24.9401  50.0023  133.035 -0.516868  -2.95006 -0.312717 0 0 0   -0.011 -0.02329  0.04412   0.0144827 -0.00127406   0.0110394  -0.0030461 0.000697963 -0.00376328 -0.0870962  0.0362715 -0.0514161   4.55259 -0.109326  -8.68783 
               230.4 -24.8673  50.0015  133.062 -0.51981 -2.95068 -0.30959 0 0 0   -0.011 -0.02329  0.04412 0.000384276 0.000262644   0.0147279 -0.00307558 0.000709468 -0.00377219  -0.087091  0.0361353 -0.0517778   4.55257 -0.109325  -8.68785 
               230.5 -24.9004  49.9212  133.071  -0.51887  -2.94901 -0.316063 0 0 0   -0.011 -0.02329  0.04412  0.00397926 0.000566104 -0.00489023 -0.00306007 0.000751218 -0.00376172 -0.0876024  0.0361347 -0.0513806   4.55254 -0.109303  -8.68786 
               230.6 -24.8753  49.9282   133.09 -0.523304  -2.95016 -0.315332 0 0 0   -0.011 -0.02329  0.04412 -0.00939418 -0.00772855 -0.00176854  -0.0030654  0.00074519 -0.00377304 -0.0876429  0.0358748 -0.0517271  4.55251 -0.10931 -8.68788 
               230.7 -24.8911   49.945   133.06 -0.522286  -2.94711 -0.317615 0 0 0   -0.011 -0.02329  0.04412 -0.00449225  0.00450995 -0.00662327 -0.00306211 0.000736749 -0.00376415 -0.0878396  0.0361286 -0.0515643   4.55252 -0.109279  -8.68787 
               230.8 -24.9227  50.0141  133.039 -0.518565  -2.95439 -0.311645 0 0 0   -0.011 -0.02329  0.04412 0.00820219 -0.0137471  0.0113478 -0.00304603 0.000699259 -0.00376909  -0.087065  0.0358932 -0.0514827   4.55256 -0.109361  -8.68785 
               230.9 -24.8484  50.0078  133.116 -0.525907  -2.94863 -0.310828 0 0 0   -0.011 -0.02329  0.04412 -0.0121253 0.00369265  0.0122255 -0.00305903 0.000710149 -0.00379741 -0.0875845  0.0360823 -0.0521239  4.55251 -0.10928 -8.68787 
                 231 -25.0098   50.067  132.969 -0.518298  -2.94994 -0.307375 0 0 0   -0.011 -0.02329  0.04412   0.00768822 -9.61686e-05    0.0148856  -0.0030354 0.000662397 -0.00376913 -0.0871062  0.0363587 -0.0516192   4.55259 -0.109309  -8.68784 
               231.1 -24.8206  50.0444   133.12 -0.520664  -2.94993 -0.304047 0 0 0   -0.011 -0.02329  0.04412 0.000946898  0.00114382   0.0214702 -0.00307116 0.000696711 -0.00380968 -0.0871172  0.0362534 -0.0519178   4.55257 -0.109306  -8.68785 
               231.2 -24.9845  49.9567  133.025 -0.521901  -2.94676  -0.31391 0 0 0   -0.011 -0.02329  0.04412 -0.00292033  0.00590464 -0.00861516 -0.00302006 0.000724527 -0.00375965 -0.0879305  0.0361664 -0.0514839   4.55252 -0.109272  -8.68787 
               231.3 -24.925 50.0121 133.013 -0.524032  -2.94644 -0.310825 0 0 0   -0.011 -0.02329  0.04412 -0.00843949  0.00584496 0.000960855 -0.00305615 0.000696845 -0.00377149 -0.0877624  0.0361434 -0.0517849   4.55252 -0.109275  -8.68787 
               231.4 -24.9384  49.9325  133.059 -0.518831    -2.946 -0.316582 0 0 0   -0.011 -0.02329  0.04412 0.00966121   0.004476 -0.0125286 -0.00302324 0.000744178 -0.00376755 -0.0879075  0.0362361 -0.0511206   4.55254 -0.109282  -8.68786 
               231.5 -24.9055  50.0565  133.062 -0.519192  -2.95027 -0.313975 0 0 0   -0.011 -0.02329  0.04412  0.00293394 -0.00737746 -0.00447458 -0.00304351  0.00068367 -0.00379938 -0.0875582  0.0359481 -0.0512928   4.55254 -0.109326  -8.68786 
               231.6 -24.9024  50.0276  133.049 -0.520134  -2.95399 -0.314542 0 0 0   -0.011 -0.02329  0.04412 -0.000582316   -0.0180259  -0.00466137 -0.00305481 0.000694947 -0.00378888 -0.0875048  0.0356835 -0.0513157   4.55252 -0.109353  -8.68787 
               231.7 -24.861 50.0732 133.078  -0.52546  -2.94788 -0.314579 0 0 0   -0.011 -0.02329  0.04412  -0.0150664  0.00634044 -0.00291663  -0.0030614 0.000680293 -0.00380828 -0.0879115  0.0360013 -0.0518043    4.5525 -0.109277  -8.68788 
               231.8 -24.8659  50.0604  133.105 -0.533668  -2.94312 -0.318703 0 0 0   -0.011 -0.02329  0.04412 -0.0313825  0.0188724 -0.0104312  -0.0030425 0.000692171  -0.0038131 -0.0884704  0.0359502 -0.0521219  4.55244 -0.10923 -8.68791 
               231.9 -24.8055  50.0434  133.091 -0.531879   -2.9448 -0.319304 0 0 0   -0.011 -0.02329  0.04412  -0.0182805  0.00995447 -0.00945262 -0.00308727 0.000698039  -0.0038091 -0.0881641  0.0359175 -0.0517717   4.55247 -0.109268   -8.6879 
                 232 -24.8646  49.9722  133.107 -0.530832  -2.93969   -0.3187 0 0 0   -0.011 -0.02329  0.04412  -0.0103091   0.0197646 -0.00550592 -0.00305077 0.000737542 -0.00379993 -0.0881364  0.0363386 -0.0517368   4.55251 -0.109233  -8.68788 
               232.1 -24.8569  49.9744  133.093 -0.526721  -2.94013 -0.318953 0 0 0   -0.011 -0.02329  0.04412  0.00447609   0.0155742 -0.00420307 -0.00305649  0.00073532 -0.00379405 -0.0878711  0.0363627 -0.0513838   4.55254 -0.109263  -8.68786 
               232.2 -24.9546  50.0624  133.036 -0.523283   -2.9419 -0.310792 0 0 0   -0.011 -0.02329  0.04412  0.0118214 0.00851825  0.0155961 -0.00302473 0.000682271 -0.00379468  -0.087184  0.0364481 -0.0515206   4.55259 -0.109298  -8.68784 
               232.3 -24.8999  49.9256  133.097 -0.518289  -2.94261 -0.313778 0 0 0   -0.011 -0.02329  0.04412  0.0228416 0.00118029 0.00451388 -0.00303479 0.000759492 -0.00378471 -0.0872753  0.0364078 -0.0510533    4.5526 -0.109313  -8.68783 
               232.4 -24.7952  49.8709  133.145 -0.517233  -2.94394 -0.321475 0 0 0   -0.011 -0.02329  0.04412   0.0213819 -0.00561515  -0.0147033 -0.00307236 0.000795842 -0.00378913 -0.0877293  0.0360752 -0.0507363   4.55255 -0.109323  -8.68785 
               232.5 -24.8329  50.0413  133.076 -0.518093   -2.9466 -0.313993 0 0 0   -0.011 -0.02329  0.04412   0.0125738 -0.00762911   0.0071251 -0.00307717 0.000700066 -0.00380344 -0.0872419  0.0359814 -0.0512929   4.55256 -0.109344  -8.68785 
               232.6 -24.9135  49.9078  133.074  -0.52133  -2.94481 -0.315231 0 0 0   -0.011 -0.02329  0.04412  0.00186347 -0.00210945  0.00389389 -0.00303718 0.000766998 -0.00377085 -0.0876009   0.035965 -0.0515394   4.55252 -0.109312  -8.68787 
               232.7 -25.0392  49.9814  132.976 -0.520446   -2.9447 -0.310398 0 0 0   -0.011 -0.02329  0.04412 0.00193855 -0.0044337  0.0140451 -0.00301547 0.000714474 -0.00375951 -0.0873354  0.0361286  -0.051706   4.55255 -0.109309  -8.68786 
               232.8 -24.956 50.0689 132.986 -0.522385  -2.93923 -0.309496 0 0 0   -0.011 -0.02329  0.04412 -0.00497208   0.0120047   0.0126176 -0.00305824 0.000672105 -0.00378364 -0.0876328   0.036423 -0.0519132   4.55254 -0.109256  -8.68786 
               232.9 -24.911 50.0382 133.027 -0.525443  -2.94133 -0.308784 0 0 0   -0.011 -0.02329  0.04412  -0.011705 0.00447862  0.0121697  -0.0030578 0.000694356 -0.00378797 -0.0876183  0.0360625 -0.0519902   4.55251 -0.109285  -8.68787 
                 233 -24.9899  49.9671  133.035 -0.525201  -2.93906 -0.310951 0 0 0   -0.011 -0.02329  0.04412 -0.00761003  0.00921052  0.00433893  -0.0030106 0.000730538 -0.00377434 -0.0878296  0.0361933 -0.0517756   4.55252 -0.109267  -8.68787 
               233.1 -24.8879   49.972  133.088 -0.52375 -2.94391 -0.31112 0 0 0   -0.011 -0.02329  0.04412 -0.00206715 -0.00806382   0.0022463 -0.00304947 0.000736301 -0.00379609 -0.0875864  0.0358683 -0.0515092   4.55252 -0.109322  -8.68787 
               233.2 -24.9556   50.008  133.011 -0.524559  -2.94369 -0.313672 0 0 0   -0.011 -0.02329  0.04412 -0.00413848 -0.00593447 -0.00478644 -0.00304854 0.000707728 -0.00377997 -0.0877945  0.0358574 -0.0514323   4.55251 -0.109311  -8.68788 
               233.3 -24.8233  49.8735  133.138 -0.523134  -2.94291 -0.319588 0 0 0   -0.011 -0.02329  0.04412  0.00305389 -0.00226938  -0.0170061 -0.00306263 0.000794432  -0.0037881 -0.0881063  0.0359009 -0.0510953    4.5525 -0.109298  -8.68788 
               233.4 -24.8827  49.9632  133.088 -0.519693  -2.94763 -0.318132 0 0 0   -0.011 -0.02329  0.04412   0.0113428  -0.0154192 -0.00974937 -0.00305497 0.000742543 -0.00379215 -0.0876735  0.0357838 -0.0509603   4.55253 -0.109343  -8.68787 
               233.5 -24.9591  49.9467  133.031 -0.521939  -2.94201 -0.314357 0 0 0   -0.011 -0.02329  0.04412 0.00334054 0.00238389 0.00273517 -0.00303738  0.00074243 -0.00377305 -0.0877782    0.03627 -0.0515264   4.55253 -0.109274  -8.68786 
               233.6 -24.9925   49.952  132.997 -0.521759  -2.94364 -0.315962 0 0 0   -0.011 -0.02329  0.04412  0.00111184 -0.00377619 -0.00291598 -0.00303508 0.000736522 -0.00376512 -0.0878193  0.0360904 -0.0514088  4.55252 -0.10929 -8.68787 
               233.7 -24.8858  49.9325  133.072 -0.521885  -2.94379 -0.311677 0 0 0   -0.011 -0.02329  0.04412    0.002405 -0.00333629   0.0101391 -0.00306127 0.000757357 -0.00378414 -0.0875968  0.0361854 -0.0516473   4.55254 -0.109289  -8.68786 
               233.8 -24.9679  50.0546  132.943 -0.519111  -2.94457 -0.306259 0 0 0   -0.011 -0.02329  0.04412 0.00806284 -0.0042441  0.0205591 -0.00307463 0.000677953 -0.00377106 -0.0872398  0.0363452 -0.0516702   4.55257 -0.109298  -8.68784 
               233.9 -24.8747   50.011  133.092 -0.522502   -2.9468 -0.307902 0 0 0   -0.011 -0.02329  0.04412 -0.00448964 -0.00896516   0.0110723 -0.00306638 0.000725863 -0.00380994 -0.0875017  0.0359713 -0.0517303  4.55253 -0.10931 -8.68787 
                 234 -24.9104  50.0579  132.974 -0.519296  -2.94841 -0.304578 0 0 0   -0.011 -0.02329  0.04412  0.00616853 -0.00808817   0.0173924 -0.00309514 0.000684375 -0.00378373 -0.0872459  0.0360938 -0.0515923   4.55256 -0.109322  -8.68785 
               234.1 -24.931 49.9804 133.001 -0.520002  -2.94387 -0.309859 0 0 0   -0.011 -0.02329  0.04412 0.00417871 0.00537886 0.00145221 -0.00307213 0.000726293 -0.00377636 -0.0878618  0.0362895 -0.0514368  4.55253 -0.10927 -8.68786 
               234.2 -24.9214  49.9689  133.047 -0.524988  -2.94533 -0.312083 0 0 0   -0.011 -0.02329  0.04412  -0.0119969 -0.00222129 -0.00546027 -0.00306519 0.000741241 -0.00379119 -0.0880816  0.0359084 -0.0516318   4.55249 -0.109281  -8.68789 
               234.3 -24.8784  49.9148  133.094 -0.525041  -2.94616 -0.312927 0 0 0   -0.011 -0.02329  0.04412 -0.00682173  -0.0050141 -0.00490661 -0.00306773 0.000775182 -0.00379298 -0.0880585  0.0358901 -0.0515389   4.55249 -0.109287  -8.68789 
               234.4 -24.9053  50.0042  133.061 -0.525035  -2.94645 -0.311424 0 0 0   -0.011 -0.02329  0.04412 -0.00512922 -0.00261423 0.000103744 -0.00305764 0.000724826 -0.00380167 -0.0879277  0.0359742  -0.051587    4.5525 -0.109287  -8.68788 
               234.5 -24.8049  50.0061  133.073 -0.525383  -2.95302 -0.314953 0 0 0   -0.011 -0.02329  0.04412 -0.00433141  -0.0197739 -0.00905962 -0.00311108 0.000726968 -0.00380919 -0.0878899  0.0354646 -0.0512906   4.55248 -0.109342  -8.68789 
               234.6 -24.9571  50.0399  133.001 -0.526596   -2.9506 -0.310624 0 0 0   -0.011 -0.02329  0.04412 -0.00756439 -0.00863342  0.00394477 -0.00306107 0.000697174 -0.00379641 -0.0877901  0.0358598 -0.0516729    4.5525 -0.109302  -8.68788 
               234.7 -24.8419  50.0068  133.076 -0.527353  -2.94945 -0.312934 0 0 0   -0.011 -0.02329  0.04412 -0.00690042  -0.0014975 -0.00167456 -0.00309115 0.000727045 -0.00381353 -0.0880136  0.0359197 -0.0515794   4.55249 -0.109286  -8.68788 
               234.8 -24.9359  50.0692  133.021 -0.520405  -2.94733 -0.308913 0 0 0   -0.011 -0.02329  0.04412  0.0120723 0.00722774 0.00860121 -0.00306051 0.000689533 -0.00380991 -0.0876363  0.0364324 -0.0513416   4.55256 -0.109277  -8.68785 
               234.9 -24.8872  49.9708  133.059 -0.516868   -2.9454 -0.306699 0 0 0   -0.011 -0.02329  0.04412  0.0191974 0.00963726  0.0128521  -0.0030756 0.000744814 -0.00380193 -0.0875462  0.0366326 -0.0512927   4.55258 -0.109268  -8.68784 
                 235 -24.8716  50.0458  133.064  -0.51847  -2.94521 -0.309174 0 0 0   -0.011 -0.02329  0.04412 0.00907531 0.00719039  0.0032262 -0.00308417 0.000708925 -0.00382278   -0.08782   0.036374 -0.0513124   4.55254 -0.109271  -8.68786 
               235.1 -24.8332  50.0231  133.106 -0.514592  -2.94649 -0.311373 0 0 0   -0.011 -0.02329  0.04412  0.0180892 0.00288521  -0.002581 -0.00308579 0.000728315 -0.00383113 -0.0877992   0.036277 -0.0509679   4.55255 -0.109292  -8.68785 
               235.2 -24.9688  50.0365   133.01 -0.518913  -2.94389 -0.307493 0 0 0   -0.011 -0.02329  0.04412 0.000834148     0.01073  0.00779325 -0.00305313 0.000707291 -0.00380174 -0.0878372  0.0363258 -0.0515957   4.55253 -0.109264  -8.68787 
               235.3 -24.8972  50.0529  133.062 -0.521921  -2.94232 -0.308019 0 0 0   -0.011 -0.02329  0.04412 -0.00883716   0.0101019  0.00354009 -0.00307761 0.000708458   -0.003824  -0.088021  0.0362325 -0.0517334   4.55251 -0.109255  -8.68788 
               235.4 -24.7833   49.986  133.131 -0.522542  -2.93789 -0.305329 0 0 0   -0.011 -0.02329  0.04412 -0.00635576   0.0224491   0.0108789 -0.00310911  0.00075207 -0.00383081 -0.0880199  0.0364981 -0.0518953   4.55252 -0.109229  -8.68787 
               235.5 -24.8156  50.0372  133.101 -0.524707  -2.94043 -0.303788 0 0 0   -0.011 -0.02329  0.04412 -0.00978987   0.0106448   0.0119303 -0.00309538 0.000720004  -0.0038292 -0.0878578  0.0361229  -0.051916   4.55251 -0.109268  -8.68788 
               235.6 -24.9079  49.9103  133.073 -0.519954  -2.93996  -0.30708 0 0 0   -0.011 -0.02329  0.04412 0.00533171 0.00460158 0.00126917 -0.00306132 0.000781233  -0.0037956 -0.0879191  0.0362138 -0.0513572   4.55253 -0.109276  -8.68787 
               235.7 -24.9854  50.0559  133.007 -0.515229  -2.94212  -0.30928 0 0 0   -0.011 -0.02329  0.04412    0.015032 -0.00528377 -0.00506445 -0.00305172 0.000698104 -0.00381184 -0.0878023  0.0361164 -0.0509305   4.55254 -0.109305  -8.68786 
               235.8 -24.9148  50.0456  133.016 -0.516475  -2.94667  -0.31492 0 0 0   -0.011 -0.02329  0.04412  0.0078419 -0.0144386 -0.0174545 -0.00308386   0.0007068 -0.00380845  -0.088012  0.0356076 -0.0507788    4.5525 -0.109337  -8.68788 
               235.9 -24.9121  50.0018  133.033 -0.513715  -2.94737 -0.318419 0 0 0   -0.011 -0.02329  0.04412  0.0143651 -0.0114057 -0.0202783 -0.00307195  0.00073044 -0.00380389 -0.0880766  0.0357002 -0.0505932   4.55251 -0.109332  -8.68788 
                 236 -24.8275  49.8701   133.15 -0.516237  -2.95019 -0.319469 0 0 0   -0.011 -0.02329  0.04412 0.00503717 -0.0188317  -0.017519 -0.00307094 0.000812309 -0.00381278 -0.0880974  0.0354798 -0.0508663   4.55249 -0.109339  -8.68789 
               236.1 -24.9231  50.0279  132.979 -0.521241  -2.94975 -0.310197 0 0 0   -0.011 -0.02329  0.04412 -0.0119008 -0.0105241 0.00907004 -0.00309555  0.00070798 -0.00379582  -0.087723  0.0356726 -0.0517751   4.55249 -0.109317  -8.68789 
               236.2 -24.8755  50.1216  133.009 -0.520668  -2.95389 -0.306533 0 0 0   -0.011 -0.02329  0.04412 -0.00791821  -0.0148979   0.0153151 -0.00310173 0.000664801 -0.00382489 -0.0873807  0.0355619 -0.0517271   4.55251 -0.109349  -8.68788 
               236.3 -24.8064  49.9836  133.112 -0.522787  -2.95437 -0.304482 0 0 0   -0.011 -0.02329  0.04412 -0.0100379 -0.0117189  0.0174753 -0.00309355 0.000749068 -0.00382566 -0.0874458  0.0356043 -0.0518624    4.5525 -0.109337  -8.68788 
               236.4 -24.8338  50.0643  133.071 -0.522275   -2.9515 -0.303808 0 0 0   -0.011 -0.02329  0.04412  -0.00766179 -8.40224e-05    0.0135967 -0.00309637 0.000703173 -0.00383607 -0.0876046  0.0359204 -0.0517866   4.55251 -0.109305  -8.68787 
               236.5 -24.847 50.0516 133.066 -0.523789   -2.9461 -0.304312 0 0 0   -0.011 -0.02329  0.04412 -0.00861007   0.0155479  0.00997952 -0.00309258 0.000709282 -0.00383195 -0.0879464  0.0362132 -0.0518489  4.55251 -0.10926 -8.68788 
               236.6 -24.9541  50.1045  132.963 -0.521693  -2.94094 -0.305753 0 0 0   -0.011 -0.02329  0.04412 -0.00126318   0.0280649  0.00419201 -0.00307547 0.000667086 -0.00380923  -0.088109  0.0365235 -0.0516016   4.55253 -0.109234  -8.68787 
               236.7 -24.9894  50.0746  132.965 -0.519822  -2.94042 -0.305665 0 0 0   -0.011 -0.02329  0.04412 0.00250525  0.0215551 0.00270376 -0.00305828 0.000684769 -0.00380498 -0.0879722  0.0364401 -0.0514117   4.55253 -0.109255  -8.68786 
               236.8 -24.9177  50.0257  133.046 -0.522672  -2.94145 -0.306325 0 0 0   -0.011 -0.02329  0.04412  -0.0066655    0.010421 0.000383604 -0.00306444 0.000720167  -0.0038222  -0.088012  0.0360658 -0.0515086   4.55251 -0.109278  -8.68788 
               236.9 -24.921 50.0174 133.012 -0.521723  -2.94117 -0.304697 0 0 0   -0.011 -0.02329  0.04412 -0.00226058  0.00995452  0.00467455 -0.00307823 0.000718836  -0.0038088 -0.0878324  0.0360959 -0.0514629   4.55252 -0.109288  -8.68787 
                 237 -24.9503  50.0582  132.978 -0.518024  -2.94455 -0.301431 0 0 0   -0.011 -0.02329  0.04412  0.00751655 6.32932e-05   0.0110682  -0.0030764  0.00069484 -0.00380545 -0.0873716  0.0360027 -0.0512551   4.55255 -0.109329  -8.68786 
               237.1 -25.0138   50.074  132.895 -0.520621   -2.9453 -0.301748 0 0 0   -0.011 -0.02329  0.04412 -0.00337086 -0.00384849  0.00652808 -0.00308123 0.000673662 -0.00378505 -0.0875322  0.0358042 -0.0513892  4.55252 -0.10933 -8.68787 
               237.2 -25.0276  50.0517   132.96 -0.525233  -2.94528 -0.304733 0 0 0   -0.011 -0.02329  0.04412   -0.017252 -0.00461622  -0.0042016 -0.00304593 0.000695643 -0.00380364 -0.0878938  0.0355814 -0.0514971   4.55249 -0.109322  -8.68789 
               237.3 -24.914 49.9903 133.056 -0.525161  -2.94265 -0.312695 0 0 0   -0.011 -0.02329  0.04412 -0.0107464 0.00508473 -0.0222018 -0.00306059 0.000743148 -0.00381647 -0.0883985  0.0356851 -0.0510828   4.55247 -0.109298  -8.68789 
               237.4 -24.8609  49.9066  133.105 -0.530111  -2.94179 -0.317517 0 0 0   -0.011 -0.02329  0.04412 -0.0198232 0.00424085 -0.0281197 -0.00306794 0.000792723 -0.00381221 -0.0887062  0.0355137  -0.051225   4.55244 -0.109288  -8.68791 
               237.5 -24.7933  49.9013  133.154 -0.526298  -2.94343 -0.320344 0 0 0   -0.011 -0.02329  0.04412 -0.00321292 -0.00391085  -0.0282001 -0.00309383 0.000805021 -0.00383094 -0.0884477  0.0355811 -0.0508101   4.55247 -0.109311  -8.68789 
               237.6 -24.8966   49.923  133.072 -0.522671  -2.94714 -0.318854 0 0 0   -0.011 -0.02329  0.04412 0.00786987 -0.0144506 -0.0171205 -0.00307267 0.000782568  -0.0038113 -0.0879563  0.0355696 -0.0506936   4.55251 -0.109345  -8.68788 
               237.7 -24.9374  50.0352  133.046 -0.520082  -2.94472 -0.312367 0 0 0   -0.011 -0.02329  0.04412    0.0125621 -0.000975919   0.00444386 -0.00305936 0.000722656 -0.00382828 -0.0875679  0.0360823 -0.0510357   4.55255 -0.109318  -8.68786 
               237.8 -24.9189  49.9839  133.021 -0.519814  -2.94664 -0.310489 0 0 0   -0.011 -0.02329  0.04412  0.00985164 -0.00636536  0.00842564 -0.00308027 0.000744853 -0.00380795 -0.0874471  0.0359498 -0.0511357   4.55254 -0.109332  -8.68786 
               237.9 -24.9483  50.0187  133.001 -0.519494  -2.94514  -0.30874 0 0 0   -0.011 -0.02329  0.04412   0.00712314 -0.000805139     0.010715 -0.00307639 0.000724811  -0.0038114 -0.0874907  0.0361022 -0.0512619   4.55255 -0.109314  -8.68786 
                 238 -24.9394  50.0067  132.993  -0.51867  -2.94386 -0.309134 0 0 0   -0.011 -0.02329  0.04412 0.00800774 0.00363207 0.00754205 -0.00307802 0.000729213 -0.00380658 -0.0876207  0.0361641 -0.0512105   4.55254 -0.109304  -8.68786 
